key,en,fr,es,de,it,pt,pt-BR
# --- Pokemon names (generated by `pnpm i18n:names` from PokeAPI),,,,,,,
pokemon.1,Bulbasaur,Bulbizarre,Bulbasaur,Bisasam,Bulbasaur,Bulbasaur,Bulbasaur
pokemon.2,Ivysaur,Herbizarre,Ivysaur,Bisaknosp,Ivysaur,Ivysaur,Ivysaur
pokemon.3,Venusaur,Florizarre,Venusaur,Bisaflor,Venusaur,Venusaur,Venusaur
pokemon.4,Charmander,Salamèche,Charmander,Glumanda,Charmander,Charmander,Charmander
pokemon.5,Charmeleon,Reptincel,Charmeleon,Glutexo,Charmeleon,Charmeleon,Charmeleon
pokemon.6,Charizard,Dracaufeu,Charizard,Glurak,Charizard,Charizard,Charizard
pokemon.7,Squirtle,Carapuce,Squirtle,Schiggy,Squirtle,Squirtle,Squirtle
pokemon.8,Wartortle,Carabaffe,Wartortle,Schillok,Wartortle,Wartortle,Wartortle
pokemon.9,Blastoise,Tortank,Blastoise,Turtok,Blastoise,Blastoise,Blastoise
pokemon.10,Caterpie,Chenipan,Caterpie,Raupy,Caterpie,Caterpie,Caterpie
pokemon.11,Metapod,Chrysacier,Metapod,Safcon,Metapod,Metapod,Metapod
pokemon.12,Butterfree,Papilusion,Butterfree,Smettbo,Butterfree,Butterfree,Butterfree
pokemon.13,Weedle,Aspicot,Weedle,Hornliu,Weedle,Weedle,Weedle
pokemon.14,Kakuna,Coconfort,Kakuna,Kokuna,Kakuna,Kakuna,Kakuna
pokemon.15,Beedrill,Dardargnan,Beedrill,Bibor,Beedrill,Beedrill,Beedrill
pokemon.16,Pidgey,Roucool,Pidgey,Taubsi,Pidgey,Pidgey,Pidgey
pokemon.17,Pidgeotto,Roucoups,Pidgeotto,Tauboga,Pidgeotto,Pidgeotto,Pidgeotto
pokemon.18,Pidgeot,Roucarnage,Pidgeot,Tauboss,Pidgeot,Pidgeot,Pidgeot
pokemon.19,Rattata,Rattata,Rattata,Rattfratz,Rattata,Rattata,Rattata
pokemon.20,Raticate,Rattatac,Raticate,Rattikarl,Raticate,Raticate,Raticate
pokemon.21,Spearow,Piafabec,Spearow,Habitak,Spearow,Spearow,Spearow
pokemon.22,Fearow,Rapasdepic,Fearow,Ibitak,Fearow,Fearow,Fearow
pokemon.23,Ekans,Abo,Ekans,Rettan,Ekans,Ekans,Ekans
pokemon.24,Arbok,Arbok,Arbok,Arbok,Arbok,Arbok,Arbok
pokemon.25,Pikachu,Pikachu,Pikachu,Pikachu,Pikachu,Pikachu,Pikachu
pokemon.26,Raichu,Raichu,Raichu,Raichu,Raichu,Raichu,Raichu
pokemon.27,Sandshrew,Sabelette,Sandshrew,Sandan,Sandshrew,Sandshrew,Sandshrew
pokemon.28,Sandslash,Sablaireau,Sandslash,Sandamer,Sandslash,Sandslash,Sandslash
pokemon.29,Nidoran♀,Nidoran♀,Nidoran♀,Nidoran♀,Nidoran♀,Nidoran♀,Nidoran♀
pokemon.30,Nidorina,Nidorina,Nidorina,Nidorina,Nidorina,Nidorina,Nidorina
pokemon.31,Nidoqueen,Nidoqueen,Nidoqueen,Nidoqueen,Nidoqueen,Nidoqueen,Nidoqueen
pokemon.32,Nidoran♂,Nidoran♂,Nidoran♂,Nidoran♂,Nidoran♂,Nidoran♂,Nidoran♂
pokemon.33,Nidorino,Nidorino,Nidorino,Nidorino,Nidorino,Nidorino,Nidorino
pokemon.34,Nidoking,Nidoking,Nidoking,Nidoking,Nidoking,Nidoking,Nidoking
pokemon.35,Clefairy,Mélofée,Clefairy,Piepi,Clefairy,Clefairy,Clefairy
pokemon.36,Clefable,Mélodelfe,Clefable,Pixi,Clefable,Clefable,Clefable
pokemon.37,Vulpix,Goupix,Vulpix,Vulpix,Vulpix,Vulpix,Vulpix
pokemon.38,Ninetales,Feunard,Ninetales,Vulnona,Ninetales,Ninetales,Ninetales
pokemon.39,Jigglypuff,Rondoudou,Jigglypuff,Pummeluff,Jigglypuff,Jigglypuff,Jigglypuff
pokemon.40,Wigglytuff,Grodoudou,Wigglytuff,Knuddeluff,Wigglytuff,Wigglytuff,Wigglytuff
pokemon.41,Zubat,Nosferapti,Zubat,Zubat,Zubat,Zubat,Zubat
pokemon.42,Golbat,Nosferalto,Golbat,Golbat,Golbat,Golbat,Golbat
pokemon.43,Oddish,Mystherbe,Oddish,Myrapla,Oddish,Oddish,Oddish
pokemon.44,Gloom,Ortide,Gloom,Duflor,Gloom,Gloom,Gloom
pokemon.45,Vileplume,Rafflesia,Vileplume,Giflor,Vileplume,Vileplume,Vileplume
pokemon.46,Paras,Paras,Paras,Paras,Paras,Paras,Paras
pokemon.47,Parasect,Parasect,Parasect,Parasek,Parasect,Parasect,Parasect
pokemon.48,Venonat,Mimitoss,Venonat,Bluzuk,Venonat,Venonat,Venonat
pokemon.49,Venomoth,Aéromite,Venomoth,Omot,Venomoth,Venomoth,Venomoth
pokemon.50,Diglett,Taupiqueur,Diglett,Digda,Diglett,Diglett,Diglett
pokemon.51,Dugtrio,Triopikeur,Dugtrio,Digdri,Dugtrio,Dugtrio,Dugtrio
pokemon.52,Meowth,Miaouss,Meowth,Mauzi,Meowth,Meowth,Meowth
pokemon.53,Persian,Persian,Persian,Snobilikat,Persian,Persian,Persian
pokemon.54,Psyduck,Psykokwak,Psyduck,Enton,Psyduck,Psyduck,Psyduck
pokemon.55,Golduck,Akwakwak,Golduck,Entoron,Golduck,Golduck,Golduck
pokemon.56,Mankey,Férosinge,Mankey,Menki,Mankey,Mankey,Mankey
pokemon.57,Primeape,Colossinge,Primeape,Rasaff,Primeape,Primeape,Primeape
pokemon.58,Growlithe,Caninos,Growlithe,Fukano,Growlithe,Growlithe,Growlithe
pokemon.59,Arcanine,Arcanin,Arcanine,Arkani,Arcanine,Arcanine,Arcanine
pokemon.60,Poliwag,Ptitard,Poliwag,Quapsel,Poliwag,Poliwag,Poliwag
pokemon.61,Poliwhirl,Têtarte,Poliwhirl,Quaputzi,Poliwhirl,Poliwhirl,Poliwhirl
pokemon.62,Poliwrath,Tartard,Poliwrath,Quappo,Poliwrath,Poliwrath,Poliwrath
pokemon.63,Abra,Abra,Abra,Abra,Abra,Abra,Abra
pokemon.64,Kadabra,Kadabra,Kadabra,Kadabra,Kadabra,Kadabra,Kadabra
pokemon.65,Alakazam,Alakazam,Alakazam,Simsala,Alakazam,Alakazam,Alakazam
pokemon.66,Machop,Machoc,Machop,Machollo,Machop,Machop,Machop
pokemon.67,Machoke,Machopeur,Machoke,Maschock,Machoke,Machoke,Machoke
pokemon.68,Machamp,Mackogneur,Machamp,Machomei,Machamp,Machamp,Machamp
pokemon.69,Bellsprout,Chétiflor,Bellsprout,Knofensa,Bellsprout,Bellsprout,Bellsprout
pokemon.70,Weepinbell,Boustiflor,Weepinbell,Ultrigaria,Weepinbell,Weepinbell,Weepinbell
pokemon.71,Victreebel,Empiflor,Victreebel,Sarzenia,Victreebel,Victreebel,Victreebel
pokemon.72,Tentacool,Tentacool,Tentacool,Tentacha,Tentacool,Tentacool,Tentacool
pokemon.73,Tentacruel,Tentacruel,Tentacruel,Tentoxa,Tentacruel,Tentacruel,Tentacruel
pokemon.74,Geodude,Racaillou,Geodude,Kleinstein,Geodude,Geodude,Geodude
pokemon.75,Graveler,Gravalanch,Graveler,Georok,Graveler,Graveler,Graveler
pokemon.76,Golem,Grolem,Golem,Geowaz,Golem,Golem,Golem
pokemon.77,Ponyta,Ponyta,Ponyta,Ponita,Ponyta,Ponyta,Ponyta
pokemon.78,Rapidash,Galopa,Rapidash,Gallopa,Rapidash,Rapidash,Rapidash
pokemon.79,Slowpoke,Ramoloss,Slowpoke,Flegmon,Slowpoke,Slowpoke,Slowpoke
pokemon.80,Slowbro,Flagadoss,Slowbro,Lahmus,Slowbro,Slowbro,Slowbro
pokemon.81,Magnemite,Magnéti,Magnemite,Magnetilo,Magnemite,Magnemite,Magnemite
pokemon.82,Magneton,Magnéton,Magneton,Magneton,Magneton,Magneton,Magneton
pokemon.83,Farfetch’d,Canarticho,Farfetch’d,Porenta,Farfetch’d,Farfetch’d,Farfetch’d
pokemon.84,Doduo,Doduo,Doduo,Dodu,Doduo,Doduo,Doduo
pokemon.85,Dodrio,Dodrio,Dodrio,Dodri,Dodrio,Dodrio,Dodrio
pokemon.86,Seel,Otaria,Seel,Jurob,Seel,Seel,Seel
pokemon.87,Dewgong,Lamantine,Dewgong,Jugong,Dewgong,Dewgong,Dewgong
pokemon.88,Grimer,Tadmorv,Grimer,Sleima,Grimer,Grimer,Grimer
pokemon.89,Muk,Grotadmorv,Muk,Sleimok,Muk,Muk,Muk
pokemon.90,Shellder,Kokiyas,Shellder,Muschas,Shellder,Shellder,Shellder
pokemon.91,Cloyster,Crustabri,Cloyster,Austos,Cloyster,Cloyster,Cloyster
pokemon.92,Gastly,Fantominus,Gastly,Nebulak,Gastly,Gastly,Gastly
pokemon.93,Haunter,Spectrum,Haunter,Alpollo,Haunter,Haunter,Haunter
pokemon.94,Gengar,Ectoplasma,Gengar,Gengar,Gengar,Gengar,Gengar
pokemon.95,Onix,Onix,Onix,Onix,Onix,Onix,Onix
pokemon.96,Drowzee,Soporifik,Drowzee,Traumato,Drowzee,Drowzee,Drowzee
pokemon.97,Hypno,Hypnomade,Hypno,Hypno,Hypno,Hypno,Hypno
pokemon.98,Krabby,Krabby,Krabby,Krabby,Krabby,Krabby,Krabby
pokemon.99,Kingler,Krabboss,Kingler,Kingler,Kingler,Kingler,Kingler
pokemon.100,Voltorb,Voltorbe,Voltorb,Voltobal,Voltorb,Voltorb,Voltorb
pokemon.101,Electrode,Électrode,Electrode,Lektrobal,Electrode,Electrode,Electrode
pokemon.102,Exeggcute,Noeunoeuf,Exeggcute,Owei,Exeggcute,Exeggcute,Exeggcute
pokemon.103,Exeggutor,Noadkoko,Exeggutor,Kokowei,Exeggutor,Exeggutor,Exeggutor
pokemon.104,Cubone,Osselait,Cubone,Tragosso,Cubone,Cubone,Cubone
pokemon.105,Marowak,Ossatueur,Marowak,Knogga,Marowak,Marowak,Marowak
pokemon.106,Hitmonlee,Kicklee,Hitmonlee,Kicklee,Hitmonlee,Hitmonlee,Hitmonlee
pokemon.107,Hitmonchan,Tygnon,Hitmonchan,Nockchan,Hitmonchan,Hitmonchan,Hitmonchan
pokemon.108,Lickitung,Excelangue,Lickitung,Schlurp,Lickitung,Lickitung,Lickitung
pokemon.109,Koffing,Smogo,Koffing,Smogon,Koffing,Koffing,Koffing
pokemon.110,Weezing,Smogogo,Weezing,Smogmog,Weezing,Weezing,Weezing
pokemon.111,Rhyhorn,Rhinocorne,Rhyhorn,Rihorn,Rhyhorn,Rhyhorn,Rhyhorn
pokemon.112,Rhydon,Rhinoféros,Rhydon,Rizeros,Rhydon,Rhydon,Rhydon
pokemon.113,Chansey,Leveinard,Chansey,Chaneira,Chansey,Chansey,Chansey
pokemon.114,Tangela,Saquedeneu,Tangela,Tangela,Tangela,Tangela,Tangela
pokemon.115,Kangaskhan,Kangourex,Kangaskhan,Kangama,Kangaskhan,Kangaskhan,Kangaskhan
pokemon.116,Horsea,Hypotrempe,Horsea,Seeper,Horsea,Horsea,Horsea
pokemon.117,Seadra,Hypocéan,Seadra,Seemon,Seadra,Seadra,Seadra
pokemon.118,Goldeen,Poissirène,Goldeen,Goldini,Goldeen,Goldeen,Goldeen
pokemon.119,Seaking,Poissoroy,Seaking,Golking,Seaking,Seaking,Seaking
pokemon.120,Staryu,Stari,Staryu,Sterndu,Staryu,Staryu,Staryu
pokemon.121,Starmie,Staross,Starmie,Starmie,Starmie,Starmie,Starmie
pokemon.122,Mr. Mime,M. Mime,Mr. Mime,Pantimos,Mr. Mime,Mr. Mime,Mr. Mime
pokemon.123,Scyther,Insécateur,Scyther,Sichlor,Scyther,Scyther,Scyther
pokemon.124,Jynx,Lippoutou,Jynx,Rossana,Jynx,Jynx,Jynx
pokemon.125,Electabuzz,Élektek,Electabuzz,Elektek,Electabuzz,Electabuzz,Electabuzz
pokemon.126,Magmar,Magmar,Magmar,Magmar,Magmar,Magmar,Magmar
pokemon.127,Pinsir,Scarabrute,Pinsir,Pinsir,Pinsir,Pinsir,Pinsir
pokemon.128,Tauros,Tauros,Tauros,Tauros,Tauros,Tauros,Tauros
pokemon.129,Magikarp,Magicarpe,Magikarp,Karpador,Magikarp,Magikarp,Magikarp
pokemon.130,Gyarados,Léviator,Gyarados,Garados,Gyarados,Gyarados,Gyarados
pokemon.131,Lapras,Lokhlass,Lapras,Lapras,Lapras,Lapras,Lapras
pokemon.132,Ditto,Métamorph,Ditto,Ditto,Ditto,Ditto,Ditto
pokemon.133,Eevee,Évoli,Eevee,Evoli,Eevee,Eevee,Eevee
pokemon.134,Vaporeon,Aquali,Vaporeon,Aquana,Vaporeon,Vaporeon,Vaporeon
pokemon.135,Jolteon,Voltali,Jolteon,Blitza,Jolteon,Jolteon,Jolteon
pokemon.136,Flareon,Pyroli,Flareon,Flamara,Flareon,Flareon,Flareon
pokemon.137,Porygon,Porygon,Porygon,Porygon,Porygon,Porygon,Porygon
pokemon.138,Omanyte,Amonita,Omanyte,Amonitas,Omanyte,Omanyte,Omanyte
pokemon.139,Omastar,Amonistar,Omastar,Amoroso,Omastar,Omastar,Omastar
pokemon.140,Kabuto,Kabuto,Kabuto,Kabuto,Kabuto,Kabuto,Kabuto
pokemon.141,Kabutops,Kabutops,Kabutops,Kabutops,Kabutops,Kabutops,Kabutops
pokemon.142,Aerodactyl,Ptéra,Aerodactyl,Aerodactyl,Aerodactyl,Aerodactyl,Aerodactyl
pokemon.143,Snorlax,Ronflex,Snorlax,Relaxo,Snorlax,Snorlax,Snorlax
pokemon.144,Articuno,Artikodin,Articuno,Arktos,Articuno,Articuno,Articuno
pokemon.145,Zapdos,Électhor,Zapdos,Zapdos,Zapdos,Zapdos,Zapdos
pokemon.146,Moltres,Sulfura,Moltres,Lavados,Moltres,Moltres,Moltres
pokemon.147,Dratini,Minidraco,Dratini,Dratini,Dratini,Dratini,Dratini
pokemon.148,Dragonair,Draco,Dragonair,Dragonir,Dragonair,Dragonair,Dragonair
pokemon.149,Dragonite,Dracolosse,Dragonite,Dragoran,Dragonite,Dragonite,Dragonite
pokemon.150,Mewtwo,Mewtwo,Mewtwo,Mewtu,Mewtwo,Mewtwo,Mewtwo
pokemon.151,Mew,Mew,Mew,Mew,Mew,Mew,Mew
pokemon.152,Chikorita,Germignon,Chikorita,Endivie,Chikorita,Chikorita,Chikorita
pokemon.153,Bayleef,Macronium,Bayleef,Lorblatt,Bayleef,Bayleef,Bayleef
pokemon.154,Meganium,Méganium,Meganium,Meganie,Meganium,Meganium,Meganium
pokemon.155,Cyndaquil,Héricendre,Cyndaquil,Feurigel,Cyndaquil,Cyndaquil,Cyndaquil
pokemon.156,Quilava,Feurisson,Quilava,Igelavar,Quilava,Quilava,Quilava
pokemon.157,Typhlosion,Typhlosion,Typhlosion,Tornupto,Typhlosion,Typhlosion,Typhlosion
pokemon.158,Totodile,Kaiminus,Totodile,Karnimani,Totodile,Totodile,Totodile
pokemon.159,Croconaw,Crocrodil,Croconaw,Tyracroc,Croconaw,Croconaw,Croconaw
pokemon.160,Feraligatr,Aligatueur,Feraligatr,Impergator,Feraligatr,Feraligatr,Feraligatr
pokemon.161,Sentret,Fouinette,Sentret,Wiesor,Sentret,Sentret,Sentret
pokemon.162,Furret,Fouinar,Furret,Wiesenior,Furret,Furret,Furret
pokemon.163,Hoothoot,Hoothoot,Hoothoot,Hoothoot,Hoothoot,Hoothoot,Hoothoot
pokemon.164,Noctowl,Noarfang,Noctowl,Noctuh,Noctowl,Noctowl,Noctowl
pokemon.165,Ledyba,Coxy,Ledyba,Ledyba,Ledyba,Ledyba,Ledyba
pokemon.166,Ledian,Coxyclaque,Ledian,Ledian,Ledian,Ledian,Ledian
pokemon.167,Spinarak,Mimigal,Spinarak,Webarak,Spinarak,Spinarak,Spinarak
pokemon.168,Ariados,Migalos,Ariados,Ariados,Ariados,Ariados,Ariados
pokemon.169,Crobat,Nostenfer,Crobat,Iksbat,Crobat,Crobat,Crobat
pokemon.170,Chinchou,Loupio,Chinchou,Lampi,Chinchou,Chinchou,Chinchou
pokemon.171,Lanturn,Lanturn,Lanturn,Lanturn,Lanturn,Lanturn,Lanturn
pokemon.172,Pichu,Pichu,Pichu,Pichu,Pichu,Pichu,Pichu
pokemon.173,Cleffa,Mélo,Cleffa,Pii,Cleffa,Cleffa,Cleffa
pokemon.174,Igglybuff,Toudoudou,Igglybuff,Fluffeluff,Igglybuff,Igglybuff,Igglybuff
pokemon.175,Togepi,Togepi,Togepi,Togepi,Togepi,Togepi,Togepi
pokemon.176,Togetic,Togetic,Togetic,Togetic,Togetic,Togetic,Togetic
pokemon.177,Natu,Natu,Natu,Natu,Natu,Natu,Natu
pokemon.178,Xatu,Xatu,Xatu,Xatu,Xatu,Xatu,Xatu
pokemon.179,Mareep,Wattouat,Mareep,Voltilamm,Mareep,Mareep,Mareep
pokemon.180,Flaaffy,Lainergie,Flaaffy,Waaty,Flaaffy,Flaaffy,Flaaffy
pokemon.181,Ampharos,Pharamp,Ampharos,Ampharos,Ampharos,Ampharos,Ampharos
pokemon.182,Bellossom,Joliflor,Bellossom,Blubella,Bellossom,Bellossom,Bellossom
pokemon.183,Marill,Marill,Marill,Marill,Marill,Marill,Marill
pokemon.184,Azumarill,Azumarill,Azumarill,Azumarill,Azumarill,Azumarill,Azumarill
pokemon.185,Sudowoodo,Simularbre,Sudowoodo,Mogelbaum,Sudowoodo,Sudowoodo,Sudowoodo
pokemon.186,Politoed,Tarpaud,Politoed,Quaxo,Politoed,Politoed,Politoed
pokemon.187,Hoppip,Granivol,Hoppip,Hoppspross,Hoppip,Hoppip,Hoppip
pokemon.188,Skiploom,Floravol,Skiploom,Hubelupf,Skiploom,Skiploom,Skiploom
pokemon.189,Jumpluff,Cotovol,Jumpluff,Papungha,Jumpluff,Jumpluff,Jumpluff
pokemon.190,Aipom,Capumain,Aipom,Griffel,Aipom,Aipom,Aipom
pokemon.191,Sunkern,Tournegrin,Sunkern,Sonnkern,Sunkern,Sunkern,Sunkern
pokemon.192,Sunflora,Héliatronc,Sunflora,Sonnflora,Sunflora,Sunflora,Sunflora
pokemon.193,Yanma,Yanma,Yanma,Yanma,Yanma,Yanma,Yanma
pokemon.194,Wooper,Axoloto,Wooper,Felino,Wooper,Wooper,Wooper
pokemon.195,Quagsire,Maraiste,Quagsire,Morlord,Quagsire,Quagsire,Quagsire
pokemon.196,Espeon,Mentali,Espeon,Psiana,Espeon,Espeon,Espeon
pokemon.197,Umbreon,Noctali,Umbreon,Nachtara,Umbreon,Umbreon,Umbreon
pokemon.198,Murkrow,Cornèbre,Murkrow,Kramurx,Murkrow,Murkrow,Murkrow
pokemon.199,Slowking,Roigada,Slowking,Laschoking,Slowking,Slowking,Slowking
pokemon.200,Misdreavus,Feuforêve,Misdreavus,Traunfugil,Misdreavus,Misdreavus,Misdreavus
pokemon.201,Unown,Zarbi,Unown,Icognito,Unown,Unown,Unown
pokemon.202,Wobbuffet,Qulbutoké,Wobbuffet,Woingenau,Wobbuffet,Wobbuffet,Wobbuffet
pokemon.203,Girafarig,Girafarig,Girafarig,Girafarig,Girafarig,Girafarig,Girafarig
pokemon.204,Pineco,Pomdepik,Pineco,Tannza,Pineco,Pineco,Pineco
pokemon.205,Forretress,Foretress,Forretress,Forstellka,Forretress,Forretress,Forretress
pokemon.206,Dunsparce,Insolourdo,Dunsparce,Dummisel,Dunsparce,Dunsparce,Dunsparce
pokemon.207,Gligar,Scorplane,Gligar,Skorgla,Gligar,Gligar,Gligar
pokemon.208,Steelix,Steelix,Steelix,Stahlos,Steelix,Steelix,Steelix
pokemon.209,Snubbull,Snubbull,Snubbull,Snubbull,Snubbull,Snubbull,Snubbull
pokemon.210,Granbull,Granbull,Granbull,Granbull,Granbull,Granbull,Granbull
pokemon.211,Qwilfish,Qwilfish,Qwilfish,Baldorfish,Qwilfish,Qwilfish,Qwilfish
pokemon.212,Scizor,Cizayox,Scizor,Scherox,Scizor,Scizor,Scizor
pokemon.213,Shuckle,Caratroc,Shuckle,Pottrott,Shuckle,Shuckle,Shuckle
pokemon.214,Heracross,Scarhino,Heracross,Skaraborn,Heracross,Heracross,Heracross
pokemon.215,Sneasel,Farfuret,Sneasel,Sniebel,Sneasel,Sneasel,Sneasel
pokemon.216,Teddiursa,Teddiursa,Teddiursa,Teddiursa,Teddiursa,Teddiursa,Teddiursa
pokemon.217,Ursaring,Ursaring,Ursaring,Ursaring,Ursaring,Ursaring,Ursaring
pokemon.218,Slugma,Limagma,Slugma,Schneckmag,Slugma,Slugma,Slugma
pokemon.219,Magcargo,Volcaropod,Magcargo,Magcargo,Magcargo,Magcargo,Magcargo
pokemon.220,Swinub,Marcacrin,Swinub,Quiekel,Swinub,Swinub,Swinub
pokemon.221,Piloswine,Cochignon,Piloswine,Keifel,Piloswine,Piloswine,Piloswine
pokemon.222,Corsola,Corayon,Corsola,Corasonn,Corsola,Corsola,Corsola
pokemon.223,Remoraid,Rémoraid,Remoraid,Remoraid,Remoraid,Remoraid,Remoraid
pokemon.224,Octillery,Octillery,Octillery,Octillery,Octillery,Octillery,Octillery
pokemon.225,Delibird,Cadoizo,Delibird,Botogel,Delibird,Delibird,Delibird
pokemon.226,Mantine,Démanta,Mantine,Mantax,Mantine,Mantine,Mantine
pokemon.227,Skarmory,Airmure,Skarmory,Panzaeron,Skarmory,Skarmory,Skarmory
pokemon.228,Houndour,Malosse,Houndour,Hunduster,Houndour,Houndour,Houndour
pokemon.229,Houndoom,Démolosse,Houndoom,Hundemon,Houndoom,Houndoom,Houndoom
pokemon.230,Kingdra,Hyporoi,Kingdra,Seedraking,Kingdra,Kingdra,Kingdra
pokemon.231,Phanpy,Phanpy,Phanpy,Phanpy,Phanpy,Phanpy,Phanpy
pokemon.232,Donphan,Donphan,Donphan,Donphan,Donphan,Donphan,Donphan
pokemon.233,Porygon2,Porygon2,Porygon2,Porygon2,Porygon2,Porygon2,Porygon2
pokemon.234,Stantler,Cerfrousse,Stantler,Damhirplex,Stantler,Stantler,Stantler
pokemon.235,Smeargle,Queulorior,Smeargle,Farbeagle,Smeargle,Smeargle,Smeargle
pokemon.236,Tyrogue,Debugant,Tyrogue,Rabauz,Tyrogue,Tyrogue,Tyrogue
pokemon.237,Hitmontop,Kapoera,Hitmontop,Kapoera,Hitmontop,Hitmontop,Hitmontop
pokemon.238,Smoochum,Lippouti,Smoochum,Kussilla,Smoochum,Smoochum,Smoochum
pokemon.239,Elekid,Élekid,Elekid,Elekid,Elekid,Elekid,Elekid
pokemon.240,Magby,Magby,Magby,Magby,Magby,Magby,Magby
pokemon.241,Miltank,Écrémeuh,Miltank,Miltank,Miltank,Miltank,Miltank
pokemon.242,Blissey,Leuphorie,Blissey,Heiteira,Blissey,Blissey,Blissey
pokemon.243,Raikou,Raikou,Raikou,Raikou,Raikou,Raikou,Raikou
pokemon.244,Entei,Entei,Entei,Entei,Entei,Entei,Entei
pokemon.245,Suicune,Suicune,Suicune,Suicune,Suicune,Suicune,Suicune
pokemon.246,Larvitar,Embrylex,Larvitar,Larvitar,Larvitar,Larvitar,Larvitar
pokemon.247,Pupitar,Ymphect,Pupitar,Pupitar,Pupitar,Pupitar,Pupitar
pokemon.248,Tyranitar,Tyranocif,Tyranitar,Despotar,Tyranitar,Tyranitar,Tyranitar
pokemon.249,Lugia,Lugia,Lugia,Lugia,Lugia,Lugia,Lugia
pokemon.250,Ho-Oh,Ho-Oh,Ho-Oh,Ho-Oh,Ho-Oh,Ho-Oh,Ho-Oh
pokemon.251,Celebi,Celebi,Celebi,Celebi,Celebi,Celebi,Celebi
pokemon.252,Treecko,Arcko,Treecko,Geckarbor,Treecko,Treecko,Treecko
pokemon.253,Grovyle,Massko,Grovyle,Reptain,Grovyle,Grovyle,Grovyle
pokemon.254,Sceptile,Jungko,Sceptile,Gewaldro,Sceptile,Sceptile,Sceptile
pokemon.255,Torchic,Poussifeu,Torchic,Flemmli,Torchic,Torchic,Torchic
pokemon.256,Combusken,Galifeu,Combusken,Jungglut,Combusken,Combusken,Combusken
pokemon.257,Blaziken,Braségali,Blaziken,Lohgock,Blaziken,Blaziken,Blaziken
pokemon.258,Mudkip,Gobou,Mudkip,Hydropi,Mudkip,Mudkip,Mudkip
pokemon.259,Marshtomp,Flobio,Marshtomp,Moorabbel,Marshtomp,Marshtomp,Marshtomp
pokemon.260,Swampert,Laggron,Swampert,Sumpex,Swampert,Swampert,Swampert
pokemon.261,Poochyena,Medhyèna,Poochyena,Fiffyen,Poochyena,Poochyena,Poochyena
pokemon.262,Mightyena,Grahyèna,Mightyena,Magnayen,Mightyena,Mightyena,Mightyena
pokemon.263,Zigzagoon,Zigzaton,Zigzagoon,Zigzachs,Zigzagoon,Zigzagoon,Zigzagoon
pokemon.264,Linoone,Linéon,Linoone,Geradaks,Linoone,Linoone,Linoone
pokemon.265,Wurmple,Chenipotte,Wurmple,Waumpel,Wurmple,Wurmple,Wurmple
pokemon.266,Silcoon,Armulys,Silcoon,Schaloko,Silcoon,Silcoon,Silcoon
pokemon.267,Beautifly,Charmillon,Beautifly,Papinella,Beautifly,Beautifly,Beautifly
pokemon.268,Cascoon,Blindalys,Cascoon,Panekon,Cascoon,Cascoon,Cascoon
pokemon.269,Dustox,Papinox,Dustox,Pudox,Dustox,Dustox,Dustox
pokemon.270,Lotad,Nénupiot,Lotad,Loturzel,Lotad,Lotad,Lotad
pokemon.271,Lombre,Lombre,Lombre,Lombrero,Lombre,Lombre,Lombre
pokemon.272,Ludicolo,Ludicolo,Ludicolo,Kappalores,Ludicolo,Ludicolo,Ludicolo
pokemon.273,Seedot,Grainipiot,Seedot,Samurzel,Seedot,Seedot,Seedot
pokemon.274,Nuzleaf,Pifeuil,Nuzleaf,Blanas,Nuzleaf,Nuzleaf,Nuzleaf
pokemon.275,Shiftry,Tengalice,Shiftry,Tengulist,Shiftry,Shiftry,Shiftry
pokemon.276,Taillow,Nirondelle,Taillow,Schwalbini,Taillow,Taillow,Taillow
pokemon.277,Swellow,Hélédelle,Swellow,Schwalboss,Swellow,Swellow,Swellow
pokemon.278,Wingull,Goélise,Wingull,Wingull,Wingull,Wingull,Wingull
pokemon.279,Pelipper,Bekipan,Pelipper,Pelipper,Pelipper,Pelipper,Pelipper
pokemon.280,Ralts,Tarsal,Ralts,Trasla,Ralts,Ralts,Ralts
pokemon.281,Kirlia,Kirlia,Kirlia,Kirlia,Kirlia,Kirlia,Kirlia
pokemon.282,Gardevoir,Gardevoir,Gardevoir,Guardevoir,Gardevoir,Gardevoir,Gardevoir
pokemon.283,Surskit,Arakdo,Surskit,Gehweiher,Surskit,Surskit,Surskit
pokemon.284,Masquerain,Maskadra,Masquerain,Maskeregen,Masquerain,Masquerain,Masquerain
pokemon.285,Shroomish,Balignon,Shroomish,Knilz,Shroomish,Shroomish,Shroomish
pokemon.286,Breloom,Chapignon,Breloom,Kapilz,Breloom,Breloom,Breloom
pokemon.287,Slakoth,Parecool,Slakoth,Bummelz,Slakoth,Slakoth,Slakoth
pokemon.288,Vigoroth,Vigoroth,Vigoroth,Muntier,Vigoroth,Vigoroth,Vigoroth
pokemon.289,Slaking,Monaflèmit,Slaking,Letarking,Slaking,Slaking,Slaking
pokemon.290,Nincada,Ningale,Nincada,Nincada,Nincada,Nincada,Nincada
pokemon.291,Ninjask,Ninjask,Ninjask,Ninjask,Ninjask,Ninjask,Ninjask
pokemon.292,Shedinja,Munja,Shedinja,Ninjatom,Shedinja,Shedinja,Shedinja
pokemon.293,Whismur,Chuchmur,Whismur,Flurmel,Whismur,Whismur,Whismur
pokemon.294,Loudred,Ramboum,Loudred,Krakeelo,Loudred,Loudred,Loudred
pokemon.295,Exploud,Brouhabam,Exploud,Krawumms,Exploud,Exploud,Exploud
pokemon.296,Makuhita,Makuhita,Makuhita,Makuhita,Makuhita,Makuhita,Makuhita
pokemon.297,Hariyama,Hariyama,Hariyama,Hariyama,Hariyama,Hariyama,Hariyama
pokemon.298,Azurill,Azurill,Azurill,Azurill,Azurill,Azurill,Azurill
pokemon.299,Nosepass,Tarinor,Nosepass,Nasgnet,Nosepass,Nosepass,Nosepass
pokemon.300,Skitty,Skitty,Skitty,Eneco,Skitty,Skitty,Skitty
pokemon.301,Delcatty,Delcatty,Delcatty,Enekoro,Delcatty,Delcatty,Delcatty
pokemon.302,Sableye,Ténéfix,Sableye,Zobiris,Sableye,Sableye,Sableye
pokemon.303,Mawile,Mysdibule,Mawile,Flunkifer,Mawile,Mawile,Mawile
pokemon.304,Aron,Galekid,Aron,Stollunior,Aron,Aron,Aron
pokemon.305,Lairon,Galegon,Lairon,Stollrak,Lairon,Lairon,Lairon
pokemon.306,Aggron,Galeking,Aggron,Stolloss,Aggron,Aggron,Aggron
pokemon.307,Meditite,Méditikka,Meditite,Meditie,Meditite,Meditite,Meditite
pokemon.308,Medicham,Charmina,Medicham,Meditalis,Medicham,Medicham,Medicham
pokemon.309,Electrike,Dynavolt,Electrike,Frizelbliz,Electrike,Electrike,Electrike
pokemon.310,Manectric,Élecsprint,Manectric,Voltenso,Manectric,Manectric,Manectric
pokemon.311,Plusle,Posipi,Plusle,Plusle,Plusle,Plusle,Plusle
pokemon.312,Minun,Négapi,Minun,Minun,Minun,Minun,Minun
pokemon.313,Volbeat,Muciole,Volbeat,Volbeat,Volbeat,Volbeat,Volbeat
pokemon.314,Illumise,Lumivole,Illumise,Illumise,Illumise,Illumise,Illumise
pokemon.315,Roselia,Rosélia,Roselia,Roselia,Roselia,Roselia,Roselia
pokemon.316,Gulpin,Gloupti,Gulpin,Schluppuck,Gulpin,Gulpin,Gulpin
pokemon.317,Swalot,Avaltout,Swalot,Schlukwech,Swalot,Swalot,Swalot
pokemon.318,Carvanha,Carvanha,Carvanha,Kanivanha,Carvanha,Carvanha,Carvanha
pokemon.319,Sharpedo,Sharpedo,Sharpedo,Tohaido,Sharpedo,Sharpedo,Sharpedo
pokemon.320,Wailmer,Wailmer,Wailmer,Wailmer,Wailmer,Wailmer,Wailmer
pokemon.321,Wailord,Wailord,Wailord,Wailord,Wailord,Wailord,Wailord
pokemon.322,Numel,Chamallot,Numel,Camaub,Numel,Numel,Numel
pokemon.323,Camerupt,Camérupt,Camerupt,Camerupt,Camerupt,Camerupt,Camerupt
pokemon.324,Torkoal,Chartor,Torkoal,Qurtel,Torkoal,Torkoal,Torkoal
pokemon.325,Spoink,Spoink,Spoink,Spoink,Spoink,Spoink,Spoink
pokemon.326,Grumpig,Groret,Grumpig,Groink,Grumpig,Grumpig,Grumpig
pokemon.327,Spinda,Spinda,Spinda,Pandir,Spinda,Spinda,Spinda
pokemon.328,Trapinch,Kraknoix,Trapinch,Knacklion,Trapinch,Trapinch,Trapinch
pokemon.329,Vibrava,Vibraninf,Vibrava,Vibrava,Vibrava,Vibrava,Vibrava
pokemon.330,Flygon,Libégon,Flygon,Libelldra,Flygon,Flygon,Flygon
pokemon.331,Cacnea,Cacnea,Cacnea,Tuska,Cacnea,Cacnea,Cacnea
pokemon.332,Cacturne,Cacturne,Cacturne,Noktuska,Cacturne,Cacturne,Cacturne
pokemon.333,Swablu,Tylton,Swablu,Wablu,Swablu,Swablu,Swablu
pokemon.334,Altaria,Altaria,Altaria,Altaria,Altaria,Altaria,Altaria
pokemon.335,Zangoose,Mangriff,Zangoose,Sengo,Zangoose,Zangoose,Zangoose
pokemon.336,Seviper,Séviper,Seviper,Vipitis,Seviper,Seviper,Seviper
pokemon.337,Lunatone,Séléroc,Lunatone,Lunastein,Lunatone,Lunatone,Lunatone
pokemon.338,Solrock,Solaroc,Solrock,Sonnfel,Solrock,Solrock,Solrock
pokemon.339,Barboach,Barloche,Barboach,Schmerbe,Barboach,Barboach,Barboach
pokemon.340,Whiscash,Barbicha,Whiscash,Welsar,Whiscash,Whiscash,Whiscash
pokemon.341,Corphish,Écrapince,Corphish,Krebscorps,Corphish,Corphish,Corphish
pokemon.342,Crawdaunt,Colhomard,Crawdaunt,Krebutack,Crawdaunt,Crawdaunt,Crawdaunt
pokemon.343,Baltoy,Balbuto,Baltoy,Puppance,Baltoy,Baltoy,Baltoy
pokemon.344,Claydol,Kaorine,Claydol,Lepumentas,Claydol,Claydol,Claydol
pokemon.345,Lileep,Lilia,Lileep,Liliep,Lileep,Lileep,Lileep
pokemon.346,Cradily,Vacilys,Cradily,Wielie,Cradily,Cradily,Cradily
pokemon.347,Anorith,Anorith,Anorith,Anorith,Anorith,Anorith,Anorith
pokemon.348,Armaldo,Armaldo,Armaldo,Armaldo,Armaldo,Armaldo,Armaldo
pokemon.349,Feebas,Barpau,Feebas,Barschwa,Feebas,Feebas,Feebas
pokemon.350,Milotic,Milobellus,Milotic,Milotic,Milotic,Milotic,Milotic
pokemon.351,Castform,Morphéo,Castform,Formeo,Castform,Castform,Castform
pokemon.352,Kecleon,Kecleon,Kecleon,Kecleon,Kecleon,Kecleon,Kecleon
pokemon.353,Shuppet,Polichombr,Shuppet,Shuppet,Shuppet,Shuppet,Shuppet
pokemon.354,Banette,Branette,Banette,Banette,Banette,Banette,Banette
pokemon.355,Duskull,Skelénox,Duskull,Zwirrlicht,Duskull,Duskull,Duskull
pokemon.356,Dusclops,Téraclope,Dusclops,Zwirrklop,Dusclops,Dusclops,Dusclops
pokemon.357,Tropius,Tropius,Tropius,Tropius,Tropius,Tropius,Tropius
pokemon.358,Chimecho,Éoko,Chimecho,Palimpalim,Chimecho,Chimecho,Chimecho
pokemon.359,Absol,Absol,Absol,Absol,Absol,Absol,Absol
pokemon.360,Wynaut,Okéoké,Wynaut,Isso,Wynaut,Wynaut,Wynaut
pokemon.361,Snorunt,Stalgamin,Snorunt,Schneppke,Snorunt,Snorunt,Snorunt
pokemon.362,Glalie,Oniglali,Glalie,Firnontor,Glalie,Glalie,Glalie
pokemon.363,Spheal,Obalie,Spheal,Seemops,Spheal,Spheal,Spheal
pokemon.364,Sealeo,Phogleur,Sealeo,Seejong,Sealeo,Sealeo,Sealeo
pokemon.365,Walrein,Kaimorse,Walrein,Walraisa,Walrein,Walrein,Walrein
pokemon.366,Clamperl,Coquiperl,Clamperl,Perlu,Clamperl,Clamperl,Clamperl
pokemon.367,Huntail,Serpang,Huntail,Aalabyss,Huntail,Huntail,Huntail
pokemon.368,Gorebyss,Rosabyss,Gorebyss,Saganabyss,Gorebyss,Gorebyss,Gorebyss
pokemon.369,Relicanth,Relicanth,Relicanth,Relicanth,Relicanth,Relicanth,Relicanth
pokemon.370,Luvdisc,Lovdisc,Luvdisc,Liebiskus,Luvdisc,Luvdisc,Luvdisc
pokemon.371,Bagon,Draby,Bagon,Kindwurm,Bagon,Bagon,Bagon
pokemon.372,Shelgon,Drackhaus,Shelgon,Draschel,Shelgon,Shelgon,Shelgon
pokemon.373,Salamence,Drattak,Salamence,Brutalanda,Salamence,Salamence,Salamence
pokemon.374,Beldum,Terhal,Beldum,Tanhel,Beldum,Beldum,Beldum
pokemon.375,Metang,Métang,Metang,Metang,Metang,Metang,Metang
pokemon.376,Metagross,Métalosse,Metagross,Metagross,Metagross,Metagross,Metagross
pokemon.377,Regirock,Regirock,Regirock,Regirock,Regirock,Regirock,Regirock
pokemon.378,Regice,Regice,Regice,Regice,Regice,Regice,Regice
pokemon.379,Registeel,Registeel,Registeel,Registeel,Registeel,Registeel,Registeel
pokemon.380,Latias,Latias,Latias,Latias,Latias,Latias,Latias
pokemon.381,Latios,Latios,Latios,Latios,Latios,Latios,Latios
pokemon.382,Kyogre,Kyogre,Kyogre,Kyogre,Kyogre,Kyogre,Kyogre
pokemon.383,Groudon,Groudon,Groudon,Groudon,Groudon,Groudon,Groudon
pokemon.384,Rayquaza,Rayquaza,Rayquaza,Rayquaza,Rayquaza,Rayquaza,Rayquaza
pokemon.385,Jirachi,Jirachi,Jirachi,Jirachi,Jirachi,Jirachi,Jirachi
pokemon.386,Deoxys,Deoxys,Deoxys,Deoxys,Deoxys,Deoxys,Deoxys
pokemon.387,Turtwig,Tortipouss,Turtwig,Chelast,Turtwig,Turtwig,Turtwig
pokemon.388,Grotle,Boskara,Grotle,Chelcarain,Grotle,Grotle,Grotle
pokemon.389,Torterra,Torterra,Torterra,Chelterrar,Torterra,Torterra,Torterra
pokemon.390,Chimchar,Ouisticram,Chimchar,Panflam,Chimchar,Chimchar,Chimchar
pokemon.391,Monferno,Chimpenfeu,Monferno,Panpyro,Monferno,Monferno,Monferno
pokemon.392,Infernape,Simiabraz,Infernape,Panferno,Infernape,Infernape,Infernape
pokemon.393,Piplup,Tiplouf,Piplup,Plinfa,Piplup,Piplup,Piplup
pokemon.394,Prinplup,Prinplouf,Prinplup,Pliprin,Prinplup,Prinplup,Prinplup
pokemon.395,Empoleon,Pingoléon,Empoleon,Impoleon,Empoleon,Empoleon,Empoleon
pokemon.396,Starly,Étourmi,Starly,Staralili,Starly,Starly,Starly
pokemon.397,Staravia,Étourvol,Staravia,Staravia,Staravia,Staravia,Staravia
pokemon.398,Staraptor,Étouraptor,Staraptor,Staraptor,Staraptor,Staraptor,Staraptor
pokemon.399,Bidoof,Keunotor,Bidoof,Bidiza,Bidoof,Bidoof,Bidoof
pokemon.400,Bibarel,Castorno,Bibarel,Bidifas,Bibarel,Bibarel,Bibarel
pokemon.401,Kricketot,Crikzik,Kricketot,Zirpurze,Kricketot,Kricketot,Kricketot
pokemon.402,Kricketune,Mélokrik,Kricketune,Zirpeise,Kricketune,Kricketune,Kricketune
pokemon.403,Shinx,Lixy,Shinx,Sheinux,Shinx,Shinx,Shinx
pokemon.404,Luxio,Luxio,Luxio,Luxio,Luxio,Luxio,Luxio
pokemon.405,Luxray,Luxray,Luxray,Luxtra,Luxray,Luxray,Luxray
pokemon.406,Budew,Rozbouton,Budew,Knospi,Budew,Budew,Budew
pokemon.407,Roserade,Roserade,Roserade,Roserade,Roserade,Roserade,Roserade
pokemon.408,Cranidos,Kranidos,Cranidos,Koknodon,Cranidos,Cranidos,Cranidos
pokemon.409,Rampardos,Charkos,Rampardos,Rameidon,Rampardos,Rampardos,Rampardos
pokemon.410,Shieldon,Dinoclier,Shieldon,Schilterus,Shieldon,Shieldon,Shieldon
pokemon.411,Bastiodon,Bastiodon,Bastiodon,Bollterus,Bastiodon,Bastiodon,Bastiodon
pokemon.412,Burmy,Cheniti,Burmy,Burmy,Burmy,Burmy,Burmy
pokemon.413,Wormadam,Cheniselle,Wormadam,Burmadame,Wormadam,Wormadam,Wormadam
pokemon.414,Mothim,Papilord,Mothim,Moterpel,Mothim,Mothim,Mothim
pokemon.415,Combee,Apitrini,Combee,Wadribie,Combee,Combee,Combee
pokemon.416,Vespiquen,Apireine,Vespiquen,Honweisel,Vespiquen,Vespiquen,Vespiquen
pokemon.417,Pachirisu,Pachirisu,Pachirisu,Pachirisu,Pachirisu,Pachirisu,Pachirisu
pokemon.418,Buizel,Mustébouée,Buizel,Bamelin,Buizel,Buizel,Buizel
pokemon.419,Floatzel,Mustéflott,Floatzel,Bojelin,Floatzel,Floatzel,Floatzel
pokemon.420,Cherubi,Ceribou,Cherubi,Kikugi,Cherubi,Cherubi,Cherubi
pokemon.421,Cherrim,Ceriflor,Cherrim,Kinoso,Cherrim,Cherrim,Cherrim
pokemon.422,Shellos,Sancoki,Shellos,Schalellos,Shellos,Shellos,Shellos
pokemon.423,Gastrodon,Tritosor,Gastrodon,Gastrodon,Gastrodon,Gastrodon,Gastrodon
pokemon.424,Ambipom,Capidextre,Ambipom,Ambidiffel,Ambipom,Ambipom,Ambipom
pokemon.425,Drifloon,Baudrive,Drifloon,Driftlon,Drifloon,Drifloon,Drifloon
pokemon.426,Drifblim,Grodrive,Drifblim,Drifzepeli,Drifblim,Drifblim,Drifblim
pokemon.427,Buneary,Laporeille,Buneary,Haspiror,Buneary,Buneary,Buneary
pokemon.428,Lopunny,Lockpin,Lopunny,Schlapor,Lopunny,Lopunny,Lopunny
pokemon.429,Mismagius,Magirêve,Mismagius,Traunmagil,Mismagius,Mismagius,Mismagius
pokemon.430,Honchkrow,Corboss,Honchkrow,Kramshef,Honchkrow,Honchkrow,Honchkrow
pokemon.431,Glameow,Chaglam,Glameow,Charmian,Glameow,Glameow,Glameow
pokemon.432,Purugly,Chaffreux,Purugly,Shnurgarst,Purugly,Purugly,Purugly
pokemon.433,Chingling,Korillon,Chingling,Klingplim,Chingling,Chingling,Chingling
pokemon.434,Stunky,Moufouette,Stunky,Skunkapuh,Stunky,Stunky,Stunky
pokemon.435,Skuntank,Moufflair,Skuntank,Skuntank,Skuntank,Skuntank,Skuntank
pokemon.436,Bronzor,Archéomire,Bronzor,Bronzel,Bronzor,Bronzor,Bronzor
pokemon.437,Bronzong,Archéodong,Bronzong,Bronzong,Bronzong,Bronzong,Bronzong
pokemon.438,Bonsly,Manzaï,Bonsly,Mobai,Bonsly,Bonsly,Bonsly
pokemon.439,Mime Jr.,Mime Jr.,Mime Jr.,Pantimimi,Mime Jr.,Mime Jr.,Mime Jr.
pokemon.440,Happiny,Ptiravi,Happiny,Wonneira,Happiny,Happiny,Happiny
pokemon.441,Chatot,Pijako,Chatot,Plaudagei,Chatot,Chatot,Chatot
pokemon.442,Spiritomb,Spiritomb,Spiritomb,Kryppuk,Spiritomb,Spiritomb,Spiritomb
pokemon.443,Gible,Griknot,Gible,Kaumalat,Gible,Gible,Gible
pokemon.444,Gabite,Carmache,Gabite,Knarksel,Gabite,Gabite,Gabite
pokemon.445,Garchomp,Carchacrok,Garchomp,Knakrack,Garchomp,Garchomp,Garchomp
pokemon.446,Munchlax,Goinfrex,Munchlax,Mampfaxo,Munchlax,Munchlax,Munchlax
pokemon.447,Riolu,Riolu,Riolu,Riolu,Riolu,Riolu,Riolu
pokemon.448,Lucario,Lucario,Lucario,Lucario,Lucario,Lucario,Lucario
pokemon.449,Hippopotas,Hippopotas,Hippopotas,Hippopotas,Hippopotas,Hippopotas,Hippopotas
pokemon.450,Hippowdon,Hippodocus,Hippowdon,Hippoterus,Hippowdon,Hippowdon,Hippowdon
pokemon.451,Skorupi,Rapion,Skorupi,Pionskora,Skorupi,Skorupi,Skorupi
pokemon.452,Drapion,Drascore,Drapion,Piondragi,Drapion,Drapion,Drapion
pokemon.453,Croagunk,Cradopaud,Croagunk,Glibunkel,Croagunk,Croagunk,Croagunk
pokemon.454,Toxicroak,Coatox,Toxicroak,Toxiquak,Toxicroak,Toxicroak,Toxicroak
pokemon.455,Carnivine,Vortente,Carnivine,Venuflibis,Carnivine,Carnivine,Carnivine
pokemon.456,Finneon,Écayon,Finneon,Finneon,Finneon,Finneon,Finneon
pokemon.457,Lumineon,Luminéon,Lumineon,Lumineon,Lumineon,Lumineon,Lumineon
pokemon.458,Mantyke,Babimanta,Mantyke,Mantirps,Mantyke,Mantyke,Mantyke
pokemon.459,Snover,Blizzi,Snover,Shnebedeck,Snover,Snover,Snover
pokemon.460,Abomasnow,Blizzaroi,Abomasnow,Rexblisar,Abomasnow,Abomasnow,Abomasnow
pokemon.461,Weavile,Dimoret,Weavile,Snibunna,Weavile,Weavile,Weavile
pokemon.462,Magnezone,Magnézone,Magnezone,Magnezone,Magnezone,Magnezone,Magnezone
pokemon.463,Lickilicky,Coudlangue,Lickilicky,Schlurplek,Lickilicky,Lickilicky,Lickilicky
pokemon.464,Rhyperior,Rhinastoc,Rhyperior,Rihornior,Rhyperior,Rhyperior,Rhyperior
pokemon.465,Tangrowth,Bouldeneu,Tangrowth,Tangoloss,Tangrowth,Tangrowth,Tangrowth
pokemon.466,Electivire,Élekable,Electivire,Elevoltek,Electivire,Electivire,Electivire
pokemon.467,Magmortar,Maganon,Magmortar,Magbrant,Magmortar,Magmortar,Magmortar
pokemon.468,Togekiss,Togekiss,Togekiss,Togekiss,Togekiss,Togekiss,Togekiss
pokemon.469,Yanmega,Yanmega,Yanmega,Yanmega,Yanmega,Yanmega,Yanmega
pokemon.470,Leafeon,Phyllali,Leafeon,Folipurba,Leafeon,Leafeon,Leafeon
pokemon.471,Glaceon,Givrali,Glaceon,Glaziola,Glaceon,Glaceon,Glaceon
pokemon.472,Gliscor,Scorvol,Gliscor,Skorgro,Gliscor,Gliscor,Gliscor
pokemon.473,Mamoswine,Mammochon,Mamoswine,Mamutel,Mamoswine,Mamoswine,Mamoswine
pokemon.474,Porygon-Z,Porygon-Z,Porygon-Z,Porygon-Z,Porygon-Z,Porygon-Z,Porygon-Z
pokemon.475,Gallade,Gallame,Gallade,Galagladi,Gallade,Gallade,Gallade
pokemon.476,Probopass,Tarinorme,Probopass,Voluminas,Probopass,Probopass,Probopass
pokemon.477,Dusknoir,Noctunoir,Dusknoir,Zwirrfinst,Dusknoir,Dusknoir,Dusknoir
pokemon.478,Froslass,Momartik,Froslass,Frosdedje,Froslass,Froslass,Froslass
pokemon.479,Rotom,Motisma,Rotom,Rotom,Rotom,Rotom,Rotom
pokemon.480,Uxie,Créhelf,Uxie,Selfe,Uxie,Uxie,Uxie
pokemon.481,Mesprit,Créfollet,Mesprit,Vesprit,Mesprit,Mesprit,Mesprit
pokemon.482,Azelf,Créfadet,Azelf,Tobutz,Azelf,Azelf,Azelf
pokemon.483,Dialga,Dialga,Dialga,Dialga,Dialga,Dialga,Dialga
pokemon.484,Palkia,Palkia,Palkia,Palkia,Palkia,Palkia,Palkia
pokemon.485,Heatran,Heatran,Heatran,Heatran,Heatran,Heatran,Heatran
pokemon.486,Regigigas,Regigigas,Regigigas,Regigigas,Regigigas,Regigigas,Regigigas
pokemon.487,Giratina,Giratina,Giratina,Giratina,Giratina,Giratina,Giratina
pokemon.488,Cresselia,Cresselia,Cresselia,Cresselia,Cresselia,Cresselia,Cresselia
pokemon.489,Phione,Phione,Phione,Phione,Phione,Phione,Phione
pokemon.490,Manaphy,Manaphy,Manaphy,Manaphy,Manaphy,Manaphy,Manaphy
pokemon.491,Darkrai,Darkrai,Darkrai,Darkrai,Darkrai,Darkrai,Darkrai
pokemon.492,Shaymin,Shaymin,Shaymin,Shaymin,Shaymin,Shaymin,Shaymin
pokemon.493,Arceus,Arceus,Arceus,Arceus,Arceus,Arceus,Arceus
# --- Items: names generated by `pnpm i18n:names`, descriptions written here,,,,,,
item.antidote,Antidote,Antidote,Antídoto,Gegengift,Antidoto,Antídoto,Antídoto
itemDesc.antidote,Cures a poisoned Pokémon. In battle.,Soigne un Pokémon empoisonné. En combat.,Cura el envenenamiento de un Pokémon. En combate.,Heilt ein vergiftetes Pokémon. Im Kampf.,Cura un Pokémon avvelenato. In lotta.,Cura um Pokémon envenenado. Em batalha.,Cura um Pokémon envenenado. Em batalha.
item.paralyze-heal,Paralyze Heal,Anti-Para,Antiparalizador,Para-Heiler,Antiparalisi,Cura Paralisia,Cura Paralisia
itemDesc.paralyze-heal,Cures paralysis — the Pokémon can act this very turn. In battle.,Soigne la paralysie — le Pokémon peut agir dès ce tour. En combat.,Cura la parálisis: el Pokémon puede actuar en este mismo turno. En combate.,Heilt Paralyse — das Pokémon kann noch in dieser Runde handeln. Im Kampf.,Cura la paralisi: il Pokémon può agire già in questo turno. In lotta.,Cura a paralisia — o Pokémon pode agir já neste turno. Em batalha.,Cura a paralisia — o Pokémon pode agir já neste turno. Em batalha.
item.burn-heal,Burn Heal,Anti-Brûle,Antiquemar,Feuerheiler,Antiscottatura,Cura Queimadura,Cura Queimadura
itemDesc.burn-heal,Cures a burn. In battle.,Soigne une brûlure. En combat.,Cura las quemaduras. En combate.,Heilt Verbrennungen. Im Kampf.,Cura una scottatura. In lotta.,Cura uma queimadura. Em batalha.,Cura uma queimadura. Em batalha.
item.ice-heal,Ice Heal,Antigel,Antihielo,Eisheiler,Antigelo,Cura Congelamento,Cura Congelamento
itemDesc.ice-heal,Thaws a frozen Pokémon — it can act this very turn. In battle.,Dégèle un Pokémon gelé — il peut agir dès ce tour. En combat.,Descongela a un Pokémon: puede actuar en este mismo turno. En combate.,Taut ein eingefrorenes Pokémon auf — es kann noch in dieser Runde handeln. Im Kampf.,Scongela un Pokémon congelato: può agire già in questo turno. In lotta.,Descongela um Pokémon congelado — ele pode agir já neste turno. Em batalha.,Descongela um Pokémon congelado — ele pode agir já neste turno. Em batalha.
item.ether,Ether,Huile,Éter,Äther,Etere,Éter,Éter
itemDesc.ether,Gives the Pokémon in battle one reroll back (up to its maximum).,Rend une relance au Pokémon au combat (jusqu'à son maximum).,Devuelve una tirada al Pokémon en combate (hasta su máximo).,Gibt dem kämpfenden Pokémon einen Neuwurf zurück (bis zu seinem Maximum).,Restituisce un rilancio al Pokémon in lotta (fino al suo massimo).,Devolve um relançamento ao Pokémon em batalha (até ao seu máximo).,Devolve um relançamento ao Pokémon em batalha (até o máximo dele).
item.max-ether,Max Ether,Huile Max,Éter Máximo,Top-Äther,Etere Max,Éter Máximo,Éter Máximo
itemDesc.max-ether,Gives the Pokémon in battle three rerolls back (up to its maximum).,Rend trois relances au Pokémon au combat (jusqu'à son maximum).,Devuelve tres tiradas al Pokémon en combate (hasta su máximo).,Gibt dem kämpfenden Pokémon drei Neuwürfe zurück (bis zu seinem Maximum).,Restituisce tre rilanci al Pokémon in lotta (fino al suo massimo).,Devolve três relançamentos ao Pokémon em batalha (até ao seu máximo).,Devolve três relançamentos ao Pokémon em batalha (até o máximo dele).
item.rare-candy,Rare Candy,Super Bonbon,Caramelo Raro,Sonderbonbon,Caramella rara,Doce Raro,Doce Raro
itemDesc.rare-candy,Raises a Pokémon by one level. Use it from the Team screen.,Fait gagner un niveau à un Pokémon. À utiliser depuis l'écran Équipe.,Sube un nivel a un Pokémon. Úsalo desde la pantalla Equipo.,Erhöht das Level eines Pokémon um eins. Im Team-Bildschirm einsetzbar.,Fa salire un Pokémon di un livello. Usala dalla schermata Squadra.,Sobe um Pokémon um nível. Usa-o no ecrã Equipa.,Sobe um Pokémon um nível. Use na tela Equipe.
item.poke-ball,Poké Ball,Poké Ball,Poké Ball,Pokéball,Poké Ball,Poké Bola,Poké Bola
itemDesc.poke-ball,Adds 1 to the catch die.,Ajoute 1 au dé de capture.,Suma 1 al dado de captura.,Zählt 1 zum Fangwürfel dazu.,Aggiunge 1 al dado di cattura.,Soma 1 ao dado de captura.,Soma 1 ao dado de captura.
item.great-ball,Great Ball,Super Ball,Super Ball,Superball,Mega Ball,Grande Bola,Grande Bola
itemDesc.great-ball,A good ball: adds 2 to the catch die.,Une bonne Ball : ajoute 2 au dé de capture.,Una buena Ball: suma 2 al dado de captura.,Ein guter Ball: zählt 2 zum Fangwürfel dazu.,Una buona Ball: aggiunge 2 al dado di cattura.,Uma boa bola: soma 2 ao dado de captura.,Uma boa bola: soma 2 ao dado de captura.
item.ultra-ball,Ultra Ball,Hyper Ball,Ultra Ball,Hyperball,Ultra Ball,Ultra Bola,Ultra Bola
itemDesc.ultra-ball,A high-performance ball: adds 3 to the catch die.,Une Ball haute performance : ajoute 3 au dé de capture.,Una Ball de alto rendimiento: suma 3 al dado de captura.,Ein Hochleistungsball: zählt 3 zum Fangwürfel dazu.,Una Ball ad alte prestazioni: aggiunge 3 al dado di cattura.,Uma bola de alto desempenho: soma 3 ao dado de captura.,Uma bola de alto desempenho: soma 3 ao dado de captura.
item.master-ball,Master Ball,Master Ball,Master Ball,Meisterball,Master Ball,Bola Mestra,Bola Mestra
itemDesc.master-ball,The best ball there is. It never misses.,La meilleure Ball qui soit. Elle ne rate jamais.,La mejor Ball que existe. Nunca falla.,Der beste Ball überhaupt. Er verfehlt nie.,La Ball migliore che esista. Non fallisce mai.,A melhor bola que existe. Nunca falha.,A melhor bola que existe. Nunca falha.
item.potion,Potion,Potion,Poción,Trank,Pozione,Poção,Poção
itemDesc.potion,Restores 20 HP to one Pokémon.,Rend 20 PV à un Pokémon.,Restaura 20 PS a un Pokémon.,Stellt 20 KP eines Pokémon wieder her.,Ripristina 20 PS a un Pokémon.,Restaura 20 PS a um Pokémon.,Restaura 20 PS de um Pokémon.
item.super-potion,Super Potion,Super Potion,Superpoción,Supertrank,Superpozione,Superpoção,Superpoção
itemDesc.super-potion,Restores 50 HP to one Pokémon.,Rend 50 PV à un Pokémon.,Restaura 50 PS a un Pokémon.,Stellt 50 KP eines Pokémon wieder her.,Ripristina 50 PS a un Pokémon.,Restaura 50 PS a um Pokémon.,Restaura 50 PS de um Pokémon.
item.hyper-potion,Hyper Potion,Hyper Potion,Hiperpoción,Hypertrank,Iperpozione,Hiperpoção,Hiperpoção
itemDesc.hyper-potion,Restores 120 HP to one Pokémon.,Rend 120 PV à un Pokémon.,Restaura 120 PS a un Pokémon.,Stellt 120 KP eines Pokémon wieder her.,Ripristina 120 PS a un Pokémon.,Restaura 120 PS a um Pokémon.,Restaura 120 PS de um Pokémon.
item.revive,Revive,Rappel,Revivir,Beleber,Revitalizzante,Reviver,Reviver
itemDesc.revive,Revives a fainted Pokémon with half its max HP. In battle or from the Team screen.,Ranime un Pokémon K.O. avec la moitié de ses PV max. En combat ou depuis l'écran Équipe.,Revive a un Pokémon debilitado con la mitad de sus PS máximos. En combate o desde la pantalla Equipo.,Belebt ein kampfunfähiges Pokémon mit der Hälfte seiner max. KP wieder. Im Kampf oder im Team-Bildschirm.,Rianima un Pokémon esausto con metà dei suoi PS massimi. In lotta o dalla schermata Squadra.,Reanima um Pokémon K.O. com metade dos seus PS máximos. Em batalha ou no ecrã Equipa.,Reanima um Pokémon K.O. com metade dos PS máximos. Em batalha ou na tela Equipe.
item.max-revive,Max Revive,Rappel Max,Revivir Máximo,Top-Beleber,Revitalizz. Max,Reviver Máximo,Reviver Máximo
itemDesc.max-revive,Revives a fainted Pokémon with all its HP. In battle or from the Team screen.,Ranime un Pokémon K.O. avec tous ses PV. En combat ou depuis l'écran Équipe.,Revive a un Pokémon debilitado con todos sus PS. En combate o desde la pantalla Equipo.,Belebt ein kampfunfähiges Pokémon mit allen KP wieder. Im Kampf oder im Team-Bildschirm.,Rianima un Pokémon esausto con tutti i suoi PS. In lotta o dalla schermata Squadra.,Reanima um Pokémon K.O. com todos os seus PS. Em batalha ou no ecrã Equipa.,Reanima um Pokémon K.O. com todos os PS. Em batalha ou na tela Equipe.
item.fire-stone,Fire Stone,Pierre Feu,Piedra Fuego,Feuerstein,Pietrafocaia,Pedra de Fogo,Pedra de Fogo
itemDesc.fire-stone,"Makes certain Pokémon evolve: Vulpix, Growlithe, Eevee (Flareon). Use it from the Team screen.","Fait évoluer certains Pokémon : Goupix, Caninos, Évoli (Pyroli). À utiliser depuis l'écran Équipe.","Hace evolucionar a ciertos Pokémon: Vulpix, Growlithe, Eevee (Flareon). Úsalo desde la pantalla Equipo.","Lässt bestimmte Pokémon entwickeln: Vulpix, Fukano, Evoli (Flamara). Im Team-Bildschirm einsetzbar.","Fa evolvere alcuni Pokémon: Vulpix, Growlithe, Eevee (Flareon). Usala dalla schermata Squadra.","Faz evoluir certos Pokémon: Vulpix, Growlithe, Eevee (Flareon). Usa-a no ecrã Equipa.","Faz certos Pokémon evoluírem: Vulpix, Growlithe, Eevee (Flareon). Use na tela Equipe."
item.water-stone,Water Stone,Pierre Eau,Piedra Agua,Wasserstein,Pietraidrica,Pedra da Água,Pedra da Água
itemDesc.water-stone,"Makes certain Pokémon evolve: Poliwhirl, Shellder, Staryu, Eevee (Vaporeon). Use it from the Team screen.","Fait évoluer certains Pokémon : Têtarte, Kokiyas, Stari, Évoli (Aquali). À utiliser depuis l'écran Équipe.","Hace evolucionar a ciertos Pokémon: Poliwhirl, Shellder, Staryu, Eevee (Vaporeon). Úsalo desde la pantalla Equipo.","Lässt bestimmte Pokémon entwickeln: Quaputzi, Muschas, Sterndu, Evoli (Aquana). Im Team-Bildschirm einsetzbar.","Fa evolvere alcuni Pokémon: Poliwhirl, Shellder, Staryu, Eevee (Vaporeon). Usala dalla schermata Squadra.","Faz evoluir certos Pokémon: Poliwhirl, Shellder, Staryu, Eevee (Vaporeon). Usa-a no ecrã Equipa.","Faz certos Pokémon evoluírem: Poliwhirl, Shellder, Staryu, Eevee (Vaporeon). Use na tela Equipe."
item.thunder-stone,Thunder Stone,Pierre Foudre,Piedra Trueno,Donnerstein,Pietratuono,Pedra do Trovão,Pedra do Trovão
itemDesc.thunder-stone,"Makes certain Pokémon evolve: Pikachu, Eevee (Jolteon). Use it from the Team screen.","Fait évoluer certains Pokémon : Pikachu, Évoli (Voltali). À utiliser depuis l'écran Équipe.","Hace evolucionar a ciertos Pokémon: Pikachu, Eevee (Jolteon). Úsalo desde la pantalla Equipo.","Lässt bestimmte Pokémon entwickeln: Pikachu, Evoli (Blitza). Im Team-Bildschirm einsetzbar.","Fa evolvere alcuni Pokémon: Pikachu, Eevee (Jolteon). Usala dalla schermata Squadra.","Faz evoluir certos Pokémon: Pikachu, Eevee (Jolteon). Usa-a no ecrã Equipa.","Faz certos Pokémon evoluírem: Pikachu, Eevee (Jolteon). Use na tela Equipe."
item.leaf-stone,Leaf Stone,Pierre Plante,Piedra Hoja,Blattstein,Pietrafoglia,Pedra da Folha,Pedra da Folha
itemDesc.leaf-stone,"Makes certain Pokémon evolve: Gloom, Weepinbell, Exeggcute. Use it from the Team screen.","Fait évoluer certains Pokémon : Ortide, Boustiflor, Noeunoeuf. À utiliser depuis l'écran Équipe.","Hace evolucionar a ciertos Pokémon: Gloom, Weepinbell, Exeggcute. Úsalo desde la pantalla Equipo.","Lässt bestimmte Pokémon entwickeln: Duflor, Ultrigaria, Owei. Im Team-Bildschirm einsetzbar.","Fa evolvere alcuni Pokémon: Gloom, Weepinbell, Exeggcute. Usala dalla schermata Squadra.","Faz evoluir certos Pokémon: Gloom, Weepinbell, Exeggcute. Usa-a no ecrã Equipa.","Faz certos Pokémon evoluírem: Gloom, Weepinbell, Exeggcute. Use na tela Equipe."
item.moon-stone,Moon Stone,Pierre Lune,Piedra Lunar,Mondstein,Pietralunare,Pedra da Lua,Pedra da Lua
itemDesc.moon-stone,"Makes certain Pokémon evolve: Nidorina, Nidorino, Clefairy, Jigglypuff. Use it from the Team screen.","Fait évoluer certains Pokémon : Nidorina, Nidorino, Mélofée, Rondoudou. À utiliser depuis l'écran Équipe.","Hace evolucionar a ciertos Pokémon: Nidorina, Nidorino, Clefairy, Jigglypuff. Úsalo desde la pantalla Equipo.","Lässt bestimmte Pokémon entwickeln: Nidorina, Nidorino, Piepi, Pummeluff. Im Team-Bildschirm einsetzbar.","Fa evolvere alcuni Pokémon: Nidorina, Nidorino, Clefairy, Jigglypuff. Usala dalla schermata Squadra.","Faz evoluir certos Pokémon: Nidorina, Nidorino, Clefairy, Jigglypuff. Usa-a no ecrã Equipa.","Faz certos Pokémon evoluírem: Nidorina, Nidorino, Clefairy, Jigglypuff. Use na tela Equipe."
item.helix-fossil,Helix Fossil,Nautile,Fósil Hélix,Helixfossil,Helixfossile,Fóssil de Hélice,Fóssil de Hélice
itemDesc.helix-fossil,"A fossil of an ancient Pokémon. Omanyte waits in your Box and is revived after 24 hours, at Lv.20.","Un fossile d'un Pokémon ancien. Amonita attend dans votre Boîte et revit après 24 heures, au N.20.","Un fósil de un Pokémon antiguo. Omanyte espera en tu Caja y revive tras 24 horas, al Nv.20.",Ein Fossil eines urzeitlichen Pokémon. Amonitas wartet in deiner Box und wird nach 24 Stunden auf Lv.20 wiederbelebt.,"Il fossile di un Pokémon antico. Omanyte aspetta nel tuo Box e torna in vita dopo 24 ore, al Lv.20.","O fóssil de um Pokémon antigo. Omanyte espera na tua Caixa e é reanimado após 24 horas, no Nv.20.","O fóssil de um Pokémon antigo. Omanyte espera na sua Caixa e é reanimado após 24 horas, no Nv.20."
item.dome-fossil,Dome Fossil,Fossile Dôme,Fósil Domo,Domfossil,Domofossile,Fóssil de Domo,Fóssil de Domo
itemDesc.dome-fossil,"A fossil of an ancient Pokémon. Kabuto waits in your Box and is revived after 24 hours, at Lv.20.","Un fossile d'un Pokémon ancien. Kabuto attend dans votre Boîte et revit après 24 heures, au N.20.","Un fósil de un Pokémon antiguo. Kabuto espera en tu Caja y revive tras 24 horas, al Nv.20.",Ein Fossil eines urzeitlichen Pokémon. Kabuto wartet in deiner Box und wird nach 24 Stunden auf Lv.20 wiederbelebt.,"Il fossile di un Pokémon antico. Kabuto aspetta nel tuo Box e torna in vita dopo 24 ore, al Lv.20.","O fóssil de um Pokémon antigo. Kabuto espera na tua Caixa e é reanimado após 24 horas, no Nv.20.","O fóssil de um Pokémon antigo. Kabuto espera na sua Caixa e é reanimado após 24 horas, no Nv.20."
item.old-amber,Old Amber,Vieil Ambre,Ámbar Viejo,Altbernstein,Ambra antica,Âmbar Antigo,Âmbar Antigo
itemDesc.old-amber,"A fossil of an ancient Pokémon. Aerodactyl waits in your Box and is revived after 24 hours, at Lv.20.","Un fossile d'un Pokémon ancien. Ptéra attend dans votre Boîte et revit après 24 heures, au N.20.","Un fósil de un Pokémon antiguo. Aerodactyl espera en tu Caja y revive tras 24 horas, al Nv.20.",Ein Fossil eines urzeitlichen Pokémon. Aerodactyl wartet in deiner Box und wird nach 24 Stunden auf Lv.20 wiederbelebt.,"Il fossile di un Pokémon antico. Aerodactyl aspetta nel tuo Box e torna in vita dopo 24 ore, al Lv.20.","O fóssil de um Pokémon antigo. Aerodactyl espera na tua Caixa e é reanimado após 24 horas, no Nv.20.","O fóssil de um Pokémon antigo. Aerodactyl espera na sua Caixa e é reanimado após 24 horas, no Nv.20."
item.sun-stone,Sun Stone,Pierre Soleil,Piedra Solar,Sonnenstein,Pietrasolare,Pedra do Sol,Pedra do Sol
itemDesc.sun-stone,"Makes certain Pokémon evolve: Gloom (Bellossom), Sunkern, Eevee (Espeon). Use it from the Team screen.","Fait évoluer certains Pokémon : Ortide (Joliflor), Tournegrin, Évoli (Mentali). À utiliser depuis l'écran Équipe.","Hace evolucionar a ciertos Pokémon: Gloom (Bellossom), Sunkern, Eevee (Espeon). Úsalo desde la pantalla Equipo.","Lässt bestimmte Pokémon entwickeln: Duflor (Blubella), Sonnkern, Evoli (Psiana). Im Team-Bildschirm einsetzbar.","Fa evolvere alcuni Pokémon: Gloom (Bellossom), Sunkern, Eevee (Espeon). Usala dalla schermata Squadra.","Faz evoluir certos Pokémon: Gloom (Bellossom), Sunkern, Eevee (Espeon). Usa-a no ecrã Equipa.","Faz certos Pokémon evoluírem: Gloom (Bellossom), Sunkern, Eevee (Espeon). Use na tela Equipe."
item.kings-rock,King’s Rock,Roche Royale,Roca del Rey,King-Stein,Roccia di Re,Pedra do Rei,Pedra do Rei
itemDesc.kings-rock,"Makes certain Pokémon evolve: Poliwhirl (Politoed), Slowpoke (Slowking). Use it from the Team screen.","Fait évoluer certains Pokémon : Têtarte (Tarpaud), Ramoloss (Roigada). À utiliser depuis l'écran Équipe.","Hace evolucionar a ciertos Pokémon: Poliwhirl (Politoed), Slowpoke (Slowking). Úsalo desde la pantalla Equipo.","Lässt bestimmte Pokémon entwickeln: Quaputzi (Quaxo), Flegmon (Laschoking). Im Team-Bildschirm einsetzbar.","Fa evolvere alcuni Pokémon: Poliwhirl (Politoed), Slowpoke (Slowking). Usala dalla schermata Squadra.","Faz evoluir certos Pokémon: Poliwhirl (Politoed), Slowpoke (Slowking). Usa-a no ecrã Equipa.","Faz certos Pokémon evoluírem: Poliwhirl (Politoed), Slowpoke (Slowking). Use na tela Equipe."
item.metal-coat,Metal Coat,Peau Métal,Revest. Metálico,Metallmantel,Metalcoperta,Revestimento Metálico,Revestimento Metálico
itemDesc.metal-coat,"Makes certain Pokémon evolve: Onix (Steelix), Scyther (Scizor). Use it from the Team screen.","Fait évoluer certains Pokémon : Onix (Steelix), Insécateur (Cizayox). À utiliser depuis l'écran Équipe.","Hace evolucionar a ciertos Pokémon: Onix (Steelix), Scyther (Scizor). Úsalo desde la pantalla Equipo.","Lässt bestimmte Pokémon entwickeln: Onix (Stahlos), Sichlor (Scherox). Im Team-Bildschirm einsetzbar.","Fa evolvere alcuni Pokémon: Onix (Steelix), Scyther (Scizor). Usala dalla schermata Squadra.","Faz evoluir certos Pokémon: Onix (Steelix), Scyther (Scizor). Usa-o no ecrã Equipa.","Faz certos Pokémon evoluírem: Onix (Steelix), Scyther (Scizor). Use na tela Equipe."
item.dragon-scale,Dragon Scale,Écaille Draco,Escama Dragón,Drachenhaut,Squama Drago,Escama de Dragão,Escama de Dragão
itemDesc.dragon-scale,Makes certain Pokémon evolve: Seadra (Kingdra). Use it from the Team screen.,Fait évoluer certains Pokémon : Hypocéan (Hyporoi). À utiliser depuis l'écran Équipe.,Hace evolucionar a ciertos Pokémon: Seadra (Kingdra). Úsalo desde la pantalla Equipo.,Lässt bestimmte Pokémon entwickeln: Seemon (Seedraking). Im Team-Bildschirm einsetzbar.,Fa evolvere alcuni Pokémon: Seadra (Kingdra). Usala dalla schermata Squadra.,Faz evoluir certos Pokémon: Seadra (Kingdra). Usa-a no ecrã Equipa.,Faz certos Pokémon evoluírem: Seadra (Kingdra). Use na tela Equipe.
item.up-grade,Upgrade,Améliorator,Mejora,Up-Grade,Upgrade,Melhoria,Melhoria
itemDesc.up-grade,Makes certain Pokémon evolve: Porygon (Porygon2). Use it from the Team screen.,Fait évoluer certains Pokémon : Porygon (Porygon2). À utiliser depuis l'écran Équipe.,Hace evolucionar a ciertos Pokémon: Porygon (Porygon2). Úsalo desde la pantalla Equipo.,Lässt bestimmte Pokémon entwickeln: Porygon (Porygon2). Im Team-Bildschirm einsetzbar.,Fa evolvere alcuni Pokémon: Porygon (Porygon2). Usalo dalla schermata Squadra.,Faz evoluir certos Pokémon: Porygon (Porygon2). Usa-a no ecrã Equipa.,Faz certos Pokémon evoluírem: Porygon (Porygon2). Use na tela Equipe.
item.deep-sea-tooth,Deep Sea Tooth,Dent Océan,Diente Marino,Abysszahn,Dente Abissi,Dente Abissal,Dente Abissal
itemDesc.deep-sea-tooth,Makes certain Pokémon evolve: Clamperl (Huntail). Use it from the Team screen.,Fait évoluer certains Pokémon : Coquiperl (Serpang). À utiliser depuis l'écran Équipe.,Hace evolucionar a ciertos Pokémon: Clamperl (Huntail). Úsalo desde la pantalla Equipo.,Lässt bestimmte Pokémon entwickeln: Perlu (Aalabyss). Im Team-Bildschirm einsetzbar.,Fa evolvere alcuni Pokémon: Clamperl (Huntail). Usalo dalla schermata Squadra.,Faz evoluir certos Pokémon: Clamperl (Huntail). Usa-o no ecrã Equipa.,Faz certos Pokémon evoluírem: Clamperl (Huntail). Use na tela Equipe.
item.deep-sea-scale,Deep Sea Scale,Écaille Océan,Escama Marina,Abyssplatte,Squamabissi,Escama Abissal,Escama Abissal
itemDesc.deep-sea-scale,Makes certain Pokémon evolve: Clamperl (Gorebyss). Use it from the Team screen.,Fait évoluer certains Pokémon : Coquiperl (Rosabyss). À utiliser depuis l'écran Équipe.,Hace evolucionar a ciertos Pokémon: Clamperl (Gorebyss). Úsalo desde la pantalla Equipo.,Lässt bestimmte Pokémon entwickeln: Perlu (Saganabyss). Im Team-Bildschirm einsetzbar.,Fa evolvere alcuni Pokémon: Clamperl (Gorebyss). Usala dalla schermata Squadra.,Faz evoluir certos Pokémon: Clamperl (Gorebyss). Usa-a no ecrã Equipa.,Faz certos Pokémon evoluírem: Clamperl (Gorebyss). Use na tela Equipe.
item.root-fossil,Root Fossil,Fossile Racine,Fósil Raíz,Wurzelfossil,Radifossile,Fóssil de Raiz,Fóssil de Raiz
itemDesc.root-fossil,"A fossil of an ancient Pokémon. Lileep waits in your Box and is revived after 24 hours, at Lv.20.","Un fossile d'un Pokémon ancien. Lilia attend dans votre Boîte et revit après 24 heures, au N.20.","Un fósil de un Pokémon antiguo. Lileep espera en tu Caja y revive tras 24 horas, al Nv.20.",Ein Fossil eines urzeitlichen Pokémon. Liliep wartet in deiner Box und wird nach 24 Stunden auf Lv.20 wiederbelebt.,"Il fossile di un Pokémon antico. Lileep aspetta nel tuo Box e torna in vita dopo 24 ore, al Lv.20.","O fóssil de um Pokémon antigo. Lileep espera na tua Caixa e é reanimado após 24 horas, no Nv.20.","O fóssil de um Pokémon antigo. Lileep espera na sua Caixa e é reanimado após 24 horas, no Nv.20."
item.claw-fossil,Claw Fossil,Fossile Griffe,Fósil Garra,Klauenfossil,Fossilunghia,Fóssil de Garra,Fóssil de Garra
itemDesc.claw-fossil,"A fossil of an ancient Pokémon. Anorith waits in your Box and is revived after 24 hours, at Lv.20.","Un fossile d'un Pokémon ancien. Anorith attend dans votre Boîte et revit après 24 heures, au N.20.","Un fósil de un Pokémon antiguo. Anorith espera en tu Caja y revive tras 24 horas, al Nv.20.",Ein Fossil eines urzeitlichen Pokémon. Anorith wartet in deiner Box und wird nach 24 Stunden auf Lv.20 wiederbelebt.,"Il fossile di un Pokémon antico. Anorith aspetta nel tuo Box e torna in vita dopo 24 ore, al Lv.20.","O fóssil de um Pokémon antigo. Anorith espera na tua Caixa e é reanimado após 24 horas, no Nv.20.","O fóssil de um Pokémon antigo. Anorith espera na sua Caixa e é reanimado após 24 horas, no Nv.20."
item.shiny-stone,Shiny Stone,Pierre Éclat,Piedra Día,Leuchtstein,Pietrabrillo,Pedra Brilhante,Pedra Brilhante
itemDesc.shiny-stone,"Makes certain Pokémon evolve: Roselia (Roserade), Togetic (Togekiss). Use it from the Team screen.","Fait évoluer certains Pokémon : Rosélia (Roserade), Togetic (Togekiss). À utiliser depuis l'écran Équipe.","Hace evolucionar a ciertos Pokémon: Roselia (Roserade), Togetic (Togekiss). Úsalo desde la pantalla Equipo.","Lässt bestimmte Pokémon entwickeln: Roselia (Roserade), Togetic (Togekiss). Im Team-Bildschirm einsetzbar.","Fa evolvere alcuni Pokémon: Roselia (Roserade), Togetic (Togekiss). Usala dalla schermata Squadra.","Faz evoluir certos Pokémon: Roselia (Roserade), Togetic (Togekiss). Usa-a no ecrã Equipa.","Faz certos Pokémon evoluírem: Roselia (Roserade), Togetic (Togekiss). Use na tela Equipe."
item.dusk-stone,Dusk Stone,Pierre Nuit,Piedra Noche,Finsterstein,Neropietra,Pedra do Crepúsculo,Pedra do Crepúsculo
itemDesc.dusk-stone,"Makes certain Pokémon evolve: Misdreavus (Mismagius), Murkrow (Honchkrow). Use it from the Team screen.","Fait évoluer certains Pokémon : Feuforêve (Magirêve), Cornèbre (Corboss). À utiliser depuis l'écran Équipe.","Hace evolucionar a ciertos Pokémon: Misdreavus (Mismagius), Murkrow (Honchkrow). Úsalo desde la pantalla Equipo.","Lässt bestimmte Pokémon entwickeln: Traunfugil (Traunmagil), Kramurx (Kramshef). Im Team-Bildschirm einsetzbar.","Fa evolvere alcuni Pokémon: Misdreavus (Mismagius), Murkrow (Honchkrow). Usala dalla schermata Squadra.","Faz evoluir certos Pokémon: Misdreavus (Mismagius), Murkrow (Honchkrow). Usa-a no ecrã Equipa.","Faz certos Pokémon evoluírem: Misdreavus (Mismagius), Murkrow (Honchkrow). Use na tela Equipe."
item.dawn-stone,Dawn Stone,Pierre Aube,Piedra Alba,Funkelstein,Pietralbore,Pedra do Amanhecer,Pedra do Amanhecer
itemDesc.dawn-stone,"Makes certain Pokémon evolve: Kirlia (Gallade), Snorunt (Froslass). Use it from the Team screen.","Fait évoluer certains Pokémon : Kirlia (Gallame), Stalgamin (Momartik). À utiliser depuis l'écran Équipe.","Hace evolucionar a ciertos Pokémon: Kirlia (Gallade), Snorunt (Froslass). Úsalo desde la pantalla Equipo.","Lässt bestimmte Pokémon entwickeln: Kirlia (Galagladi), Schneppke (Frosdedje). Im Team-Bildschirm einsetzbar.","Fa evolvere alcuni Pokémon: Kirlia (Gallade), Snorunt (Froslass). Usala dalla schermata Squadra.","Faz evoluir certos Pokémon: Kirlia (Gallade), Snorunt (Froslass). Usa-a no ecrã Equipa.","Faz certos Pokémon evoluírem: Kirlia (Gallade), Snorunt (Froslass). Use na tela Equipe."
item.ice-stone,Ice Stone,Pierre Glace,Piedra Hielo,Eisstein,Pietragelo,Pedra de Gelo,Pedra de Gelo
itemDesc.ice-stone,Makes certain Pokémon evolve: Eevee (Glaceon). Use it from the Team screen.,Fait évoluer certains Pokémon : Évoli (Givrali). À utiliser depuis l'écran Équipe.,Hace evolucionar a ciertos Pokémon: Eevee (Glaceon). Úsalo desde la pantalla Equipo.,Lässt bestimmte Pokémon entwickeln: Evoli (Glaziola). Im Team-Bildschirm einsetzbar.,Fa evolvere alcuni Pokémon: Eevee (Glaceon). Usala dalla schermata Squadra.,Faz evoluir certos Pokémon: Eevee (Glaceon). Usa-a no ecrã Equipa.,Faz certos Pokémon evoluírem: Eevee (Glaceon). Use na tela Equipe.
item.oval-stone,Oval Stone,Pierre Ovale,Piedra Oval,Ovaler Stein,Pietraovale,Pedra Oval,Pedra Oval
itemDesc.oval-stone,Makes certain Pokémon evolve: Happiny (Chansey). Use it from the Team screen.,Fait évoluer certains Pokémon : Ptiravi (Leveinard). À utiliser depuis l'écran Équipe.,Hace evolucionar a ciertos Pokémon: Happiny (Chansey). Úsalo desde la pantalla Equipo.,Lässt bestimmte Pokémon entwickeln: Wonneira (Chaneira). Im Team-Bildschirm einsetzbar.,Fa evolvere alcuni Pokémon: Happiny (Chansey). Usala dalla schermata Squadra.,Faz evoluir certos Pokémon: Happiny (Chansey). Usa-a no ecrã Equipa.,Faz certos Pokémon evoluírem: Happiny (Chansey). Use na tela Equipe.
item.razor-claw,Razor Claw,Griffe Rasoir,Garra Afilada,Scharfklaue,Affilartigli,Garra Afiada,Garra Afiada
itemDesc.razor-claw,Makes certain Pokémon evolve: Sneasel (Weavile). Use it from the Team screen.,Fait évoluer certains Pokémon : Farfuret (Dimoret). À utiliser depuis l'écran Équipe.,Hace evolucionar a ciertos Pokémon: Sneasel (Weavile). Úsalo desde la pantalla Equipo.,Lässt bestimmte Pokémon entwickeln: Sniebel (Snibunna). Im Team-Bildschirm einsetzbar.,Fa evolvere alcuni Pokémon: Sneasel (Weavile). Usalo dalla schermata Squadra.,Faz evoluir certos Pokémon: Sneasel (Weavile). Usa-a no ecrã Equipa.,Faz certos Pokémon evoluírem: Sneasel (Weavile). Use na tela Equipe.
item.razor-fang,Razor Fang,Croc Rasoir,Colmillo Agudo,Scharfzahn,Affilodente,Presa Afiada,Presa Afiada
itemDesc.razor-fang,Makes certain Pokémon evolve: Gligar (Gliscor). Use it from the Team screen.,Fait évoluer certains Pokémon : Scorplane (Scorvol). À utiliser depuis l'écran Équipe.,Hace evolucionar a ciertos Pokémon: Gligar (Gliscor). Úsalo desde la pantalla Equipo.,Lässt bestimmte Pokémon entwickeln: Skorgla (Skorgro). Im Team-Bildschirm einsetzbar.,Fa evolvere alcuni Pokémon: Gligar (Gliscor). Usalo dalla schermata Squadra.,Faz evoluir certos Pokémon: Gligar (Gliscor). Usa-a no ecrã Equipa.,Faz certos Pokémon evoluírem: Gligar (Gliscor). Use na tela Equipe.
item.electirizer,Electirizer,Électriseur,Electrizador,Stromisierer,Elettritore,Eletrizador,Eletrizador
itemDesc.electirizer,Makes certain Pokémon evolve: Electabuzz (Electivire). Use it from the Team screen.,Fait évoluer certains Pokémon : Élektek (Élekable). À utiliser depuis l'écran Équipe.,Hace evolucionar a ciertos Pokémon: Electabuzz (Electivire). Úsalo desde la pantalla Equipo.,Lässt bestimmte Pokémon entwickeln: Elektek (Elevoltek). Im Team-Bildschirm einsetzbar.,Fa evolvere alcuni Pokémon: Electabuzz (Electivire). Usalo dalla schermata Squadra.,Faz evoluir certos Pokémon: Electabuzz (Electivire). Usa-o no ecrã Equipa.,Faz certos Pokémon evoluírem: Electabuzz (Electivire). Use na tela Equipe.
item.magmarizer,Magmarizer,Magmariseur,Magmatizador,Magmaisierer,Magmatore,Magmatizador,Magmatizador
itemDesc.magmarizer,Makes certain Pokémon evolve: Magmar (Magmortar). Use it from the Team screen.,Fait évoluer certains Pokémon : Magmar (Maganon). À utiliser depuis l'écran Équipe.,Hace evolucionar a ciertos Pokémon: Magmar (Magmortar). Úsalo desde la pantalla Equipo.,Lässt bestimmte Pokémon entwickeln: Magmar (Magbrant). Im Team-Bildschirm einsetzbar.,Fa evolvere alcuni Pokémon: Magmar (Magmortar). Usalo dalla schermata Squadra.,Faz evoluir certos Pokémon: Magmar (Magmortar). Usa-o no ecrã Equipa.,Faz certos Pokémon evoluírem: Magmar (Magmortar). Use na tela Equipe.
item.protector,Protector,Protecteur,Protector,Schützer,Copertura,Protetor,Protetor
itemDesc.protector,Makes certain Pokémon evolve: Rhydon (Rhyperior). Use it from the Team screen.,Fait évoluer certains Pokémon : Rhinoféros (Rhinastoc). À utiliser depuis l'écran Équipe.,Hace evolucionar a ciertos Pokémon: Rhydon (Rhyperior). Úsalo desde la pantalla Equipo.,Lässt bestimmte Pokémon entwickeln: Rizeros (Rihornior). Im Team-Bildschirm einsetzbar.,Fa evolvere alcuni Pokémon: Rhydon (Rhyperior). Usala dalla schermata Squadra.,Faz evoluir certos Pokémon: Rhydon (Rhyperior). Usa-o no ecrã Equipa.,Faz certos Pokémon evoluírem: Rhydon (Rhyperior). Use na tela Equipe.
item.dubious-disc,Dubious Disc,CD Douteux,Disco Extraño,Dubiosdisc,Dubbiodisco,Disco Duvidoso,Disco Duvidoso
itemDesc.dubious-disc,Makes certain Pokémon evolve: Porygon2 (Porygon-Z). Use it from the Team screen.,Fait évoluer certains Pokémon : Porygon2 (Porygon-Z). À utiliser depuis l'écran Équipe.,Hace evolucionar a ciertos Pokémon: Porygon2 (Porygon-Z). Úsalo desde la pantalla Equipo.,Lässt bestimmte Pokémon entwickeln: Porygon2 (Porygon-Z). Im Team-Bildschirm einsetzbar.,Fa evolvere alcuni Pokémon: Porygon2 (Porygon-Z). Usalo dalla schermata Squadra.,Faz evoluir certos Pokémon: Porygon2 (Porygon-Z). Usa-o no ecrã Equipa.,Faz certos Pokémon evoluírem: Porygon2 (Porygon-Z). Use na tela Equipe.
item.reaper-cloth,Reaper Cloth,Tissu Fauche,Tela Terrible,Düsterumhang,Terrorpanno,Tecido Ceifador,Tecido Ceifador
itemDesc.reaper-cloth,Makes certain Pokémon evolve: Dusclops (Dusknoir). Use it from the Team screen.,Fait évoluer certains Pokémon : Téraclope (Noctunoir). À utiliser depuis l'écran Équipe.,Hace evolucionar a ciertos Pokémon: Dusclops (Dusknoir). Úsalo desde la pantalla Equipo.,Lässt bestimmte Pokémon entwickeln: Zwirrklop (Zwirrfinst). Im Team-Bildschirm einsetzbar.,Fa evolvere alcuni Pokémon: Dusclops (Dusknoir). Usalo dalla schermata Squadra.,Faz evoluir certos Pokémon: Dusclops (Dusknoir). Usa-o no ecrã Equipa.,Faz certos Pokémon evoluírem: Dusclops (Dusknoir). Use na tela Equipe.
item.skull-fossil,Skull Fossil,Fossile Crâne,Fósil Cráneo,Kopffossil,Fossilcranio,Fóssil de Crânio,Fóssil de Crânio
itemDesc.skull-fossil,"A fossil of an ancient Pokémon. Cranidos waits in your Box and is revived after 24 hours, at Lv.20.","Un fossile d'un Pokémon ancien. Kranidos attend dans votre Boîte et revit après 24 heures, au N.20.","Un fósil de un Pokémon antiguo. Cranidos espera en tu Caja y revive tras 24 horas, al Nv.20.",Ein Fossil eines urzeitlichen Pokémon. Koknodon wartet in deiner Box und wird nach 24 Stunden auf Lv.20 wiederbelebt.,"Il fossile di un Pokémon antico. Cranidos aspetta nel tuo Box e torna in vita dopo 24 ore, al Lv.20.","O fóssil de um Pokémon antigo. Cranidos espera na tua Caixa e é reanimado após 24 horas, no Nv.20.","O fóssil de um Pokémon antigo. Cranidos espera na sua Caixa e é reanimado após 24 horas, no Nv.20."
item.armor-fossil,Armor Fossil,Fossile Armure,Fósil Coraza,Panzerfossil,Fossilscudo,Fóssil de Armadura,Fóssil de Armadura
itemDesc.armor-fossil,"A fossil of an ancient Pokémon. Shieldon waits in your Box and is revived after 24 hours, at Lv.20.","Un fossile d'un Pokémon ancien. Dinoclier attend dans votre Boîte et revit après 24 heures, au N.20.","Un fósil de un Pokémon antiguo. Shieldon espera en tu Caja y revive tras 24 horas, al Nv.20.",Ein Fossil eines urzeitlichen Pokémon. Schilterus wartet in deiner Box und wird nach 24 Stunden auf Lv.20 wiederbelebt.,"Il fossile di un Pokémon antico. Shieldon aspetta nel tuo Box e torna in vita dopo 24 ore, al Lv.20.","O fóssil de um Pokémon antigo. Shieldon espera na tua Caixa e é reanimado após 24 horas, no Nv.20.","O fóssil de um Pokémon antigo. Shieldon espera na sua Caixa e é reanimado após 24 horas, no Nv.20."
# --- Areas,,,,,,,
area.route-1,Route 1,Route 1,Ruta 1,Route 1,Percorso 1,Rota 1,Rota 1
area.routes-22-2,Routes 22 & 2,Routes 22 & 2,Rutas 22 y 2,Routen 22 & 2,Percorsi 22 e 2,Rotas 22 e 2,Rotas 22 e 2
area.viridian-forest,Viridian Forest,Forêt de Jade,Bosque Verde,Vertania-Wald,Bosco Smeraldo,Floresta de Viridian,Floresta de Viridian
area.mt-moon,Mt. Moon,Mont Sélénite,Monte Moon,Mondberg,Monte Luna,Monte Moon,Monte Moon
area.route-3,Route 3,Route 3,Ruta 3,Route 3,Percorso 3,Rota 3,Rota 3
area.route-4-nugget-bridge,Route 4 & Nugget Bridge,Route 4 & Pont Pépite,Ruta 4 y Puente Pepita,Route 4 & Nugget-Brücke,Percorso 4 e Ponte Pepita,Rota 4 e Ponte Pepita,Rota 4 e Ponte Pepita
area.routes-5-6,Routes 5 & 6,Routes 5 & 6,Rutas 5 y 6,Routen 5 & 6,Percorsi 5 e 6,Rotas 5 e 6,Rotas 5 e 6
area.rocket-hideout,Rocket Hideout,Repaire Rocket,Guarida Rocket,Rocket-Versteck,Covo Rocket,Esconderijo Rocket,Esconderijo Rocket
area.rock-tunnel,Rock Tunnel,Grotte Sombre,Túnel Roca,Felstunnel,Tunnel Roccioso,Túnel de Pedra,Túnel de Pedra
area.cycling-road,Cycling Road,Piste Cyclable,Camino de Bicis,Radweg,Pista Ciclabile,Ciclovia,Ciclovia
area.diglett-s-cave-route-11,Diglett's Cave & Route 11,Grotte Taupiqueur & Route 11,Cueva Diglett y Ruta 11,Digda-Höhle & Route 11,Grotta Diglett e Percorso 11,Caverna do Diglett e Rota 11,Caverna do Diglett e Rota 11
area.routes-9-10,Routes 9 & 10,Routes 9 & 10,Rutas 9 y 10,Routen 9 & 10,Percorsi 9 e 10,Rotas 9 e 10,Rotas 9 e 10
area.routes-7-8,Routes 7 & 8,Routes 7 & 8,Rutas 7 y 8,Routen 7 & 8,Percorsi 7 e 8,Rotas 7 e 8,Rotas 7 e 8
area.pokemon-tower,Pokémon Tower,Tour Pokémon,Torre Pokémon,Pokémon-Turm,Torre Pokémon,Torre Pokémon,Torre Pokémon
area.routes-12-15,Routes 12–15,Routes 12–15,Rutas 12–15,Routen 12–15,Percorsi 12–15,Rotas 12–15,Rotas 12–15
area.indigo-plateau,Indigo Plateau,Plateau Indigo,Meseta Añil,Indigo-Plateau,Altopiano Blu,Planalto Indigo,Planalto Indigo
area.safari-zone,Safari Zone,Parc Safari,Zona Safari,Safari-Zone,Zona Safari,Zona Safari,Zona Safari
area.silph-co,Silph Co.,Sylphe SARL,Silph S. A.,Silph Co.,Silph S.p.A.,Silph Co.,Silph Co.
area.sea-routes-19-20,Sea Routes 19 & 20,Chenaux 19 & 20,Rutas 19 y 20,Routen 19 & 20,Percorsi marini 19 e 20,Rotas marítimas 19 e 20,Rotas marítimas 19 e 20
area.seafoam-islands,Seafoam Islands,Îles Écume,Islas Espuma,Seeschauminseln,Isole Spumarine,Ilhas Seafoam,Ilhas Seafoam
area.cerulean-cave,Cerulean Cave,Caverne Azurée,Cueva Celeste,Azuria-Höhle,Grotta Celeste,Caverna Cerulean,Caverna Cerulean
area.power-plant,Power Plant,Centrale abandonnée,Central de Energía,Kraftwerk,Centrale Elettrica,Central Elétrica,Usina Elétrica
area.pokemon-mansion,Pokémon Mansion,Manoir Pokémon,Mansión Pokémon,Pokémon-Villa,Villa Pokémon,Mansão Pokémon,Mansão Pokémon
area.route-21,Route 21,Chenal 21,Ruta 21,Route 21,Percorso 21,Rota 21,Rota 21
area.faraway-island,Faraway Island,Île Lointaine,Isla Suprema,Ferneiland,Isola Remota,Ilha Distante,Ilha Distante
area.victory-road,Victory Road,Route Victoire,Calle Victoria,Siegesstraße,Via Vittoria,Estrada Vitória,Estrada Vitória
area.victory-road-ii,Victory Road II,Route Victoire II,Calle Victoria II,Siegesstraße II,Via Vittoria II,Estrada Vitória II,Estrada Vitória II
area.indigo-plateau-ii,Indigo Plateau II,Plateau Indigo II,Meseta Añil II,Indigo-Plateau II,Altopiano Blu II,Planalto Indigo II,Planalto Indigo II
area.route-29,Route 29,Route 29,Ruta 29,Route 29,Percorso 29,Rota 29,Rota 29
area.routes-30-31,Routes 30 & 31,Routes 30 & 31,Rutas 30 y 31,Routen 30 & 31,Percorsi 30 e 31,Rotas 30 e 31,Rotas 30 e 31
area.violet-city-sprout-tower,Violet City & Sprout Tower,Mauville & la Tour Chétiflor,Ciudad Malva y la Torre Bellsprout,Viola City & der Knofensa-Turm,Violapoli e Torre Sprout,Cidade de Violet e Torre Sprout,Cidade de Violet e Torre Sprout
area.route-32,Route 32,Route 32,Ruta 32,Route 32,Percorso 32,Rota 32,Rota 32
area.union-cave,Union Cave,Caves Jumelles,Cueva Unión,Einheitstunnel,Grotta di Mezzo,Caverna União,Caverna União
area.route-33-slowpoke-well,Route 33 & Slowpoke Well,Route 33 & le Puits Ramoloss,Ruta 33 y el Pozo Slowpoke,Route 33 & der Flegmon-Brunnen,Percorso 33 e Pozzo Slowpoke,Rota 33 e Poço Slowpoke,Rota 33 e Poço Slowpoke
area.azalea-town,Azalea Town,Écorcia,Pueblo Azalea,Azalea City,Azalina,Cidade de Azalea,Cidade de Azalea
area.ilex-forest,Ilex Forest,Bois aux Chênes,Encinar,Steineichenwald,Bosco di Lecci,Floresta Ilex,Floresta Ilex
area.route-34-the-day-care,Route 34 & the Day Care,Route 34 & la Pension,Ruta 34 y la Guardería,Route 34 & die Pension,Percorso 34 e la Pensione Pokémon,Rota 34 e a Creche Pokémon,Rota 34 e a Creche Pokémon
area.goldenrod-city,Goldenrod City,Doublonville,Ciudad Trigal,Dukatia City,Fiordoropoli,Cidade de Goldenrod,Cidade de Goldenrod
area.routes-35-37,Routes 35–37,Routes 35–37,Rutas 35–37,Routen 35–37,Percorsi 35–37,Rotas 35–37,Rotas 35–37
area.national-park,National Park,Parc Naturel,Parque Nacional,Nationalpark,Parco Nazionale,Parque Nacional,Parque Nacional
area.ecruteak-city-the-burned-tower,Ecruteak City & the Burned Tower,Rosalia & la Tour Cendrée,Ciudad Iris y la Torre Quemada,Teak City & die Turmruine,Amarantopoli e la Torre Bruciata,Cidade de Ecruteak e a Torre Queimada,Cidade de Ecruteak e a Torre Queimada
area.routes-38-39,Routes 38 & 39,Routes 38 & 39,Rutas 38 y 39,Routen 38 & 39,Percorsi 38 e 39,Rotas 38 e 39,Rotas 38 e 39
area.olivine-city-the-lighthouse,Olivine City & the Lighthouse,Oliville & le Phare,Ciudad Olivo y el Faro,Oliviana City & der Leuchtturm,Olivinopoli e il Faro,Cidade de Olivine e o Farol,Cidade de Olivine e o Farol
area.routes-40-41,Routes 40 & 41,Chenaux 40 & 41,Rutas 40 y 41,Routen 40 & 41,Percorsi 40 e 41,Rotas 40 e 41,Rotas 40 e 41
area.cianwood-city,Cianwood City,Irisia,Ciudad Orquídea,Anemonia City,Fiorlisopoli,Cidade de Cianwood,Cidade de Cianwood
area.routes-42-43-and-the-lake-of-rage,Routes 42 & 43 and the Lake of Rage,Routes 42 & 43 et le Lac Colère,Rutas 42 y 43 y el Lago de la Furia,Routen 42 & 43 und der See des Zorns,Percorsi 42 e 43 e il Lago d'Ira,Rotas 42 e 43 e o Lago da Fúria,Rotas 42 e 43 e o Lago da Fúria
area.mahogany-town-the-team-rocket-hq,Mahogany Town & the Team Rocket HQ,Acajou & le Repaire Rocket,Pueblo Caoba y el Escondite Team Rocket,Mahagonia City & das Team Rocket-Hauptquartier,Mogania e il Covo del Team Rocket,Cidade de Mahogany e o QG da Equipa Rocket,Cidade de Mahogany e o QG da Equipe Rocket
area.route-44-the-ice-path,Route 44 & the Ice Path,Route 44 & la Route de Glace,Ruta 44 y la Ruta Helada,Route 44 & der Eispfad,Percorso 44 e la Via Gelata,Rota 44 e o Caminho Gelado,Rota 44 e o Caminho Gelado
area.blackthorn-city-the-dragon-s-den,Blackthorn City & the Dragon's Den,Ébènelle & l'Antre du Dragon,Ciudad Endrino y la Guarida Dragón,Ebenholz City & die Drachenhöhle,Ebanopoli e la Tana del Drago,Cidade de Blackthorn e a Toca do Dragão,Cidade de Blackthorn e a Toca do Dragão
area.mt-silver,Mt. Silver,Mont Argenté,Monte Plateado,Silberberg,Monte Argento,Monte Silver,Monte Silver
area.ruins-of-alph,Ruins of Alph,Ruines d'Alpha,Ruinas Alfa,Alph-Ruinen,Rovine d'Alfa,Ruínas de Alph,Ruínas de Alph
area.whirl-islands,Whirl Islands,Tourb'Îles,Islas Remolino,Strudelinseln,Isole Vorticose,Ilhas Redemoinho,Ilhas Redemoinho
area.bell-tower,Bell Tower,Tour Carillon,Torre Campana,Glockenturm,Torre Campana,Torre do Sino,Torre do Sino
area.ilex-shrine,Ilex Shrine,Autel du Bois aux Chênes,Santuario del Encinar,Steineichenwald-Schrein,Tempietto del Bosco di Lecci,Santuário de Ilex,Santuário de Ilex
area.route-101,Route 101,Route 101,Ruta 101,Route 101,Percorso 101,Rota 101,Rota 101
area.routes-102-103,Routes 102 & 103,Routes 102 & 103,Rutas 102 y 103,Routen 102 & 103,Percorsi 102 e 103,Rotas 102 e 103,Rotas 102 e 103
area.petalburg-woods-route-104,Petalburg Woods & Route 104,Bois Clémenti & Route 104,Bosque Petalia y Ruta 104,Blütenburgwald & Route 104,Bosco Petalo e Percorso 104,Bosque de Petalburg e Rota 104,Bosque de Petalburg e Rota 104
area.rustboro-city,Rustboro City,Mérouville,Ciudad Férrica,Metarost City,Ferrugipoli,Cidade de Rustboro,Cidade de Rustboro
area.route-116-rusturf-tunnel,Route 116 & Rusturf Tunnel,Route 116 & le Tunnel Mérazon,Ruta 116 y el Túnel Fervergal,Route 116 & der Metaflurtunnel,Percorso 116 e Tunnel Menferro,Rota 116 e Túnel Rusturf,Rota 116 e Túnel Rusturf
area.dewford-town-granite-cave,Dewford Town & Granite Cave,Myokara & la Grotte Granite,Pueblo Azuliza y la Cueva Granito,Faustauhaven & die Granithöhle,Bluruvia e la Grotta Pietrosa,Cidade de Dewford e a Caverna de Granito,Cidade de Dewford e a Caverna de Granito
area.routes-105-107,Routes 105–107,Chenaux 105–107,Rutas 105–107,Routen 105–107,Percorsi 105–107,Rotas 105–107,Rotas 105–107
area.slateport-city-route-110,Slateport City & Route 110,Poivressel & Route 110,Ciudad Portual y Ruta 110,Graphitport City & Route 110,Porto Selcepoli e Percorso 110,Cidade de Slateport e Rota 110,Cidade de Slateport e Rota 110
area.mauville-city,Mauville City,Lavandia,Ciudad Malvalona,Malvenfroh City,Ciclamipoli,Cidade de Mauville,Cidade de Mauville
area.route-111-desert-mirage-tower,Route 111 Desert & Mirage Tower,Le désert de la Route 111 & la Tour Mirage,El desierto de la Ruta 111 y la Torre Espejismo,Die Wüste der Route 111 & der Wunderturm,Il deserto del Percorso 111 e la Torre Miraggio,O deserto da Rota 111 e a Torre Miragem,O deserto da Rota 111 e a Torre Miragem
area.route-112-fiery-path-mt-chimney,"Route 112, Fiery Path & Mt. Chimney","Route 112, le Chemin Ardent & le Mont Chimnée","Ruta 112, la Senda Ígnea y el Monte Cenizo","Route 112, der Feurige Pfad & der Schlotberg","Percorso 112, Cunicolo Ardente e Monte Camino","Rota 112, Caminho Ardente e Monte Chimney","Rota 112, Caminho Ardente e Monte Chimney"
area.lavaridge-town,Lavaridge Town,Vermilava,Pueblo Lavacalda,Bad Lavastadt,Cuordilava,Cidade de Lavaridge,Cidade de Lavaridge
area.routes-113-115-meteor-falls,Routes 113–115 & Meteor Falls,Routes 113–115 & le Site Météore,Rutas 113–115 y la Cascada Meteoro,Routen 113–115 & die Meteorfälle,Percorsi 113–115 e Cascate Meteora,Rotas 113–115 e Cataratas Meteoro,Rotas 113–115 e Cataratas Meteoro
area.petalburg-city,Petalburg City,Clémenti-Ville,Ciudad Petalia,Blütenburg City,Petalipoli,Cidade de Petalburg,Cidade de Petalburg
area.routes-118-119,Routes 118 & 119,Routes 118 & 119,Rutas 118 y 119,Routen 118 & 119,Percorsi 118 e 119,Rotas 118 e 119,Rotas 118 e 119
area.fortree-city-routes-120-121,Fortree City & Routes 120–121,Cimetronelle & Routes 120–121,Ciudad Arborada y Rutas 120–121,Baumhausen City & Routen 120–121,Forestopoli e Percorsi 120–121,Cidade de Fortree e Rotas 120–121,Cidade de Fortree e Rotas 120–121
area.mt-pyre-routes-122-123,Mt. Pyre & Routes 122–123,"Mont Mémoria, Chenal 122 & Route 123",Monte Pírico y Rutas 122–123,Pyroberg & Routen 122–123,Monte Pira e Percorsi 122–123,Monte Pyre e Rotas 122–123,Monte Pyre e Rotas 122–123
area.the-magma-aqua-hideouts,The Magma & Aqua Hideouts,Les Planques Magma & Aqua,Las Guaridas Magma y Aqua,Die Verstecke von Team Magma & Team Aqua,I Covi Magma e Idro,Os Esconderijos Magma e Aqua,Os Esconderijos Magma e Aqua
area.lilycove-city-route-124-shoal-cave,"Lilycove City, Route 124 & Shoal Cave","Nénucrique, Chenal 124 & la Grotte Tréfonds","Ciudad Calagua, Ruta 124 y la Cueva Cardumen","Seegrasulb City, Route 124 & die Küstenhöhle","Porto Alghepoli, Percorso 124 e Grotta Ondosa","Cidade de Lilycove, Rota 124 e Caverna Shoal","Cidade de Lilycove, Rota 124 e Caverna Shoal"
area.mossdeep-city-the-space-center,Mossdeep City & the Space Center,Algatia & le Centre Spatial,Ciudad Algaria y el Centro Espacial,Moosbach City & das Raumfahrtzentrum,Verdeazzupoli e il Centro Spaziale,Cidade de Mossdeep e o Centro Espacial,Cidade de Mossdeep e o Centro Espacial
area.routes-125-128-seafloor-cavern,Routes 125–128 & Seafloor Cavern,Chenaux 125–128 & la Caverne Fondmer,Rutas 125–128 y la Caverna Abisal,Routen 125–128 & die Tiefseehöhle,Percorsi 125–128 e Antro Abissale,Rotas 125–128 e Caverna do Fundo do Mar,Rotas 125–128 e Caverna do Fundo do Mar
area.sootopolis-city-the-cave-of-origin,Sootopolis City & the Cave of Origin,Atalanopolis & la Grotte Origine,Arrecípolis y la Cueva Ancestral,Xeneroville & die Urzeithöhle,Ceneride e la Grotta dei Tempi,Cidade de Sootopolis e a Caverna da Origem,Cidade de Sootopolis e a Caverna da Origem
area.ever-grande-city,Ever Grande City,Éternara,Ciudad Colosalia,Prachtpolis City,Iridopoli,Cidade de Ever Grande,Cidade de Ever Grande
area.the-battle-frontier,The Battle Frontier,La Zone de Combat,El Frente Batalla,Die Kampfzone,Il Parco Lotta,A Fronteira de Batalha,A Fronteira de Batalha
area.the-cave-of-origin-depths,The Cave of Origin Depths,Les profondeurs de la Grotte Origine,Las profundidades de la Cueva Ancestral,Die Tiefen der Urzeithöhle,Le profondità della Grotta dei Tempi,As profundezas da Caverna da Origem,As profundezas da Caverna da Origem
area.the-seafloor-cavern-depths,The Seafloor Cavern Depths,Les profondeurs de la Caverne Fondmer,Las profundidades de la Caverna Abisal,Die Tiefen der Tiefseehöhle,Le profondità dell'Antro Abissale,As profundezas da Caverna do Fundo do Mar,As profundezas da Caverna do Fundo do Mar
area.sky-pillar,Sky Pillar,Pilier Céleste,Pilar Celeste,Himmelturm,Torre dei Cieli,Pilar Celeste,Pilar Celeste
area.the-sealed-chambers,The Sealed Chambers,Les Sanctuaires,Las Cámaras Selladas,Die Siegelkammern,Gli Antri Sigillati,As Câmaras Seladas,As Câmaras Seladas
area.southern-island,Southern Island,Île du Sud,Isla del Sur,Insel im Süden,Isola Meridionale,Ilha do Sul,Ilha do Sul
area.birth-island,Birth Island,Île Aurore,Isla Origen,Entstehungsinsel,Isola Origine,Ilha do Nascimento,Ilha do Nascimento
area.route-201-lake-verity,Route 201 & Lake Verity,Route 201 & Lac Vérité,Ruta 201 y Lago Veraz,Route 201 & See der Wahrheit,Percorso 201 e Lago Verità,Rota 201 e Lago Verity,Rota 201 e Lago Verity
area.route-202-jubilife-city,Route 202 & Jubilife City,Route 202 & Féli-Cité,Ruta 202 y Ciudad Jubileo,Route 202 & Jubelstadt,Percorso 202 e Giubilopoli,Rota 202 e Cidade de Jubilife,Rota 202 e Cidade de Jubilife
area.route-203-oreburgh-gate,Route 203 & Oreburgh Gate,Route 203 & l'Entrée de Charbourg,Ruta 203 y la Puerta Pirita,Route 203 & das Erzelingen-Tor,Percorso 203 e Varco Mineropoli,Rota 203 e Portão de Oreburgh,Rota 203 e Portão de Oreburgh
area.oreburgh-city-the-mine,Oreburgh City & the Mine,Charbourg & la Mine,Ciudad Pirita y la Mina,Erzelingen & die Mine,Mineropoli e la Miniera,Cidade de Oreburgh e a Mina,Cidade de Oreburgh e a Mina
area.route-204-the-ravaged-path,Route 204 & the Ravaged Path,Route 204 & le Chemin Rocheux,Ruta 204 y la Senda Desolada,Route 204 & der Verwüstete Pfad,Percorso 204 e la Strada Dissestata,Rota 204 e o Caminho Devastado,Rota 204 e o Caminho Devastado
area.eterna-forest,Eterna Forest,Forêt de Vestigion,Bosque Vetusto,Ewigwald,Bosco Evopoli,Floresta de Eterna,Floresta de Eterna
area.eterna-city-the-galactic-building,Eterna City & the Galactic Building,Vestigion & le Bâtiment de la Team Galaxie,Ciudad Vetusta y el Edificio Galaxia,Ewigenau & das Galaktik-Gebäude,Evopoli e il Palazzo Galassia,Cidade de Eterna e o Edifício Galáctico,Cidade de Eterna e o Edifício Galáctico
area.cycling-road-routes-206-207,Cycling Road & Routes 206–207,Piste Cyclable & Routes 206–207,Camino de bicis y Rutas 206–207,Radweg & Routen 206–207,Pista Ciclabile e Percorsi 206–207,Ciclovia e Rotas 206–207,Ciclovia e Rotas 206–207
area.mt-coronet-south,Mt. Coronet South,Mont Couronné Sud,Monte Corona Sur,Kraterberg Süd,Monte Corona Sud,Monte Coronet Sul,Monte Coronet Sul
area.hearthome-city,Hearthome City,Unionpolis,Ciudad Corazón,Herzhofen,Cuoripoli,Cidade de Hearthome,Cidade de Hearthome
area.route-209-the-solaceon-ruins,Route 209 & the Solaceon Ruins,Route 209 & les Ruines de Bonville,Ruta 209 y las Ruinas Sosiego,Route 209 & die Trostu-Ruinen,Percorso 209 e le Rovine Flemminia,Rota 209 e as Ruínas de Solaceon,Rota 209 e as Ruínas de Solaceon
area.veilstone-city-the-galactic-hq,Veilstone City & the Galactic HQ,Voilaroc & le QG de la Team Galaxie,Ciudad Rocavelo y la Base Galaxia,Schleiede & das Team Galaktik-Hauptquartier,Rupepoli e il QG del Team Galassia,Cidade de Veilstone e o QG da Equipa Galáctica,Cidade de Veilstone e o QG da Equipe Galáctica
area.route-212-pastoria-city,Route 212 & Pastoria City,Route 212 & Verchamps,Ruta 212 y Ciudad Pradera,Route 212 & Weideburg,Percorso 212 e Pratopoli,Rota 212 e Cidade de Pastoria,Rota 212 e Cidade de Pastoria
area.the-great-marsh,The Great Marsh,Le Grand Marais,El Gran Pantano,Das Großmoor,La Gran Palude,O Grande Pântano,O Grande Pântano
area.route-205-the-valley-windworks,Route 205 & the Valley Windworks,Route 205 & le Parc Éolien,Ruta 205 y el Valle Eólico,Route 205 & das Windkraftwerk,Percorso 205 e l'Impianto Valle,Rota 205 e o Parque Eólico do Vale,Rota 205 e o Parque Eólico do Vale
area.celestic-town-route-210,Celestic Town & Route 210,Célestia & la Route 210,Pueblo Caelestis y la Ruta 210,Elyses & Route 210,Memoride e Percorso 210,Cidade de Celestic e Rota 210,Cidade de Celestic e Rota 210
area.canalave-city-iron-island,Canalave City & Iron Island,Joliberges & l'Île de Fer,Ciudad Canal y la Isla Hierro,Fleetburg & die Eiseninsel,Canalipoli e l'Isola Ferrosa,Cidade de Canalave e a Ilha de Ferro,Cidade de Canalave e a Ilha de Ferro
area.lake-valor-lake-acuity,Lake Valor & Lake Acuity,Lac Courage & Lac Savoir,Lago Valor y Lago Agudeza,See der Kühnheit & See der Stärke,Lago Valore e Lago Arguzia,Lago Valor e Lago Acuity,Lago Valor e Lago Acuity
area.routes-216-217-and-snowpoint-city,Routes 216 & 217 and Snowpoint City,Routes 216 & 217 et Frimapic,Rutas 216 y 217 y Ciudad Puntaneva,Routen 216 & 217 und Blizzach,Percorsi 216 e 217 e Nevepoli,Rotas 216 e 217 e Cidade de Snowpoint,Rotas 216 e 217 e Cidade de Snowpoint
area.mt-coronet-north-spear-pillar,Mt. Coronet North & Spear Pillar,Mont Couronné Nord & les Colonnes Lances,Monte Corona Norte y las Columnas Lanza,Kraterberg Nord & die Speersäule,Monte Corona Nord e Vetta Lancia,Monte Coronet Norte e Pilar da Lança,Monte Coronet Norte e Pilar da Lança
area.sunyshore-city,Sunyshore City,Rivamar,Ciudad Marina,Sonnewik,Arenipoli,Cidade de Sunyshore,Cidade de Sunyshore
area.the-pokemon-league,The Pokémon League,La Ligue Pokémon,La Liga Pokémon,Die Pokémon-Liga,La Lega Pokémon,A Liga Pokémon,A Liga Pokémon
area.the-pokemon-league-ii,The Pokémon League II,La Ligue Pokémon II,La Liga Pokémon II,Die Pokémon-Liga II,La Lega Pokémon II,A Liga Pokémon II,A Liga Pokémon II
area.the-fight-area-routes-225-226,The Fight Area & Routes 225–226,"L'Aire de Combat, Route 225 & Chenal 226",La Zona Combate y las Rutas 225–226,Das Kampfareal & Routen 225–226,L'Area Lotta e Percorsi 225–226,A Área de Luta e Rotas 225–226,A Área de Luta e Rotas 225–226
area.the-old-chateau,The Old Chateau,Le Vieux Château,La Vieja Mansión,Die Alte Villa,L'Antico Chateau,O Velho Castelo,O Velho Castelo
area.the-lakes-of-sinnoh,The Lakes of Sinnoh,Les Lacs de Sinnoh,Los Lagos de Sinnoh,Die Seen von Sinnoh,I Laghi di Sinnoh,Os Lagos de Sinnoh,Os Lagos de Sinnoh
area.turnback-cave,Turnback Cave,Grotte du Retour,Cueva Retorno,Höhle der Umkehr,Grotta Ritorno,Caverna do Retorno,Caverna do Retorno
area.stark-mountain,Stark Mountain,Mont Abrupt,Montaña Dura,Kahlberg,Monte Ostile,Monte Stark,Monte Stark
area.snowpoint-temple,Snowpoint Temple,Temple de Frimapic,Templo Puntaneva,Blizzach-Tempel,Tempio di Nevepoli,Templo de Snowpoint,Templo de Snowpoint
area.fullmoon-island,Fullmoon Island,Île Pleine Lune,Isla Plenilunio,Vollmondinsel,Isola Lunapiena,Ilha da Lua Cheia,Ilha da Lua Cheia
area.newmoon-island,Newmoon Island,Île Nouvellune,Isla Lunanueva,Neumondinsel,Isola Lunanuova,Ilha da Lua Nova,Ilha da Lua Nova
area.the-seabreak-path,The Seabreak Path,Le Passage Marin,La Vía Costera,Der Buhnenpfad,Il Sentiero Frangiflutti,O Caminho do Quebra-Mar,O Caminho do Quebra-Mar
area.flower-paradise,Flower Paradise,Paradis Fleuri,Paraíso Floral,Blumenparadies,Paradiso Fiorito,Paraíso das Flores,Paraíso das Flores
area.the-hall-of-origin,The Hall of Origin,La Salle Originelle,La Sala del Origen,Die Halle des Beginns,La Sala d'Origine,O Salão da Origem,O Salão da Origem
area.the-sealed-chambers-i,The Sealed Chambers I,Les Sanctuaires I,Las Cámaras Selladas I,Die Siegelkammern I,Gli Antri Sigillati I,As Câmaras Seladas I,As Câmaras Seladas I
area.the-sealed-chambers-ii,The Sealed Chambers II,Les Sanctuaires II,Las Cámaras Selladas II,Die Siegelkammern II,Gli Antri Sigillati II,As Câmaras Seladas II,As Câmaras Seladas II
area.the-sealed-chambers-iii,The Sealed Chambers III,Les Sanctuaires III,Las Cámaras Selladas III,Die Siegelkammern III,Gli Antri Sigillati III,As Câmaras Seladas III,As Câmaras Seladas III
area.southern-island-ii,Southern Island II,Île du Sud II,Isla del Sur II,Insel im Süden II,Isola Meridionale II,Ilha do Sul II,Ilha do Sul II
# --- Gym badges,,,,,,,
badge.boulder-badge,Boulder Badge,Badge Roche,Medalla Roca,Felsorden,Medaglia Sasso,Insígnia da Rocha,Insígnia da Rocha
badge.cascade-badge,Cascade Badge,Badge Cascade,Medalla Cascada,Quellorden,Medaglia Cascata,Insígnia da Cascata,Insígnia da Cascata
badge.thunder-badge,Thunder Badge,Badge Foudre,Medalla Trueno,Donnerorden,Medaglia Tuono,Insígnia do Trovão,Insígnia do Trovão
badge.rainbow-badge,Rainbow Badge,Badge Prisme,Medalla Arcoíris,Farborden,Medaglia Arcobaleno,Insígnia do Arco-Íris,Insígnia do Arco-Íris
badge.soul-badge,Soul Badge,Badge Âme,Medalla Alma,Seelenorden,Medaglia Anima,Insígnia da Alma,Insígnia da Alma
badge.marsh-badge,Marsh Badge,Badge Marais,Medalla Pantano,Sumpforden,Medaglia Palude,Insígnia do Pântano,Insígnia do Pântano
badge.volcano-badge,Volcano Badge,Badge Volcan,Medalla Volcán,Vulkanorden,Medaglia Vulcano,Insígnia do Vulcão,Insígnia do Vulcão
badge.earth-badge,Earth Badge,Badge Terre,Medalla Tierra,Erdorden,Medaglia Terra,Insígnia da Terra,Insígnia da Terra
badge.zephyr-badge,Zephyr Badge,Badge Zéphyr,Medalla Céfiro,Flatterorden,Medaglia Zefiro,Insígnia do Zéfiro,Insígnia do Zéfiro
badge.hive-badge,Hive Badge,Badge Essaim,Medalla Colmena,Insektorden,Medaglia Alveare,Insígnia da Colmeia,Insígnia da Colmeia
badge.plain-badge,Plain Badge,Badge Plaine,Medalla Llanura,Basicorden,Medaglia Piana,Insígnia da Planície,Insígnia da Planície
badge.fog-badge,Fog Badge,Badge Brume,Medalla Niebla,Nebelorden,Medaglia Nebbia,Insígnia da Névoa,Insígnia da Névoa
badge.storm-badge,Storm Badge,Badge Orage,Medalla Tormenta,Sturmorden,Medaglia Tempesta,Insígnia da Tempestade,Insígnia da Tempestade
badge.mineral-badge,Mineral Badge,Badge Minéral,Medalla Mineral,Mineralorden,Medaglia Minerale,Insígnia Mineral,Insígnia Mineral
badge.glacier-badge,Glacier Badge,Badge Glacier,Medalla Glaciar,Gletscherorden,Medaglia Gelo,Insígnia Glacial,Insígnia Glacial
badge.rising-badge,Rising Badge,Badge Montant,Medalla Alba,Drachenorden,Medaglia Levata,Insígnia da Ascensão,Insígnia da Ascensão
badge.stone-badge,Stone Badge,Badge Caillou,Medalla Piedra,Steinorden,Medaglia Pietra,Insígnia da Pedra,Insígnia da Pedra
badge.knuckle-badge,Knuckle Badge,Badge Poing,Medalla Puño,Fitnessorden,Medaglia Nocca,Insígnia do Punho,Insígnia do Punho
badge.dynamo-badge,Dynamo Badge,Badge Dynamo,Medalla Dínamo,Dynamoorden,Medaglia Dinamo,Insígnia do Dínamo,Insígnia do Dínamo
badge.heat-badge,Heat Badge,Badge Chaleur,Medalla Calor,Hitzeorden,Medaglia Calore,Insígnia do Calor,Insígnia do Calor
badge.balance-badge,Balance Badge,Badge Équilibre,Medalla Equilibrio,Balanceorden,Medaglia Equilibrio,Insígnia do Equilíbrio,Insígnia do Equilíbrio
badge.feather-badge,Feather Badge,Badge Plume,Medalla Pluma,Federorden,Medaglia Piuma,Insígnia da Pena,Insígnia da Pena
badge.mind-badge,Mind Badge,Badge Esprit,Medalla Mente,Gedankenorden,Medaglia Mente,Insígnia da Mente,Insígnia da Mente
badge.rain-badge,Rain Badge,Badge Pluie,Medalla Lluvia,Regenorden,Medaglia Pioggia,Insígnia da Chuva,Insígnia da Chuva
badge.coal-badge,Coal Badge,Badge Charbon,Medalla Carbón,Kohleorden,Medaglia Carbone,Insígnia do Carvão,Insígnia do Carvão
badge.forest-badge,Forest Badge,Badge Forêt,Medalla Bosque,Waldorden,Medaglia Foresta,Insígnia da Floresta,Insígnia da Floresta
badge.cobble-badge,Cobble Badge,Badge Pavé,Medalla Adoquín,Kieselorden,Medaglia Ciottolo,Insígnia do Calçamento,Insígnia do Calçamento
badge.fen-badge,Fen Badge,Badge Marécage,Medalla Ciénaga,Moororden,Medaglia Palude,Insígnia do Charco,Insígnia do Charco
badge.relic-badge,Relic Badge,Badge Relique,Medalla Reliquia,Reliktorden,Medaglia Reliquia,Insígnia da Relíquia,Insígnia da Relíquia
badge.mine-badge,Mine Badge,Badge Mine,Medalla Mina,Minenorden,Medaglia Miniera,Insígnia da Mina,Insígnia da Mina
badge.icicle-badge,Icicle Badge,Badge Stalactite,Medalla Carámbano,Eiszapfenorden,Medaglia Ghiacciolo,Insígnia do Pingente,Insígnia do Pingente
badge.beacon-badge,Beacon Badge,Badge Balise,Medalla Faro,Leuchtorden,Medaglia Faro,Insígnia do Farol,Insígnia do Farol
# --- Trainer classes - the given name that follows is never translated,,,,,,,
trainerClass.ace-trainer,Ace Trainer,Topdresseur,Entrenador Guay,Ass-Trainer,Fantallenatore,Treinador Ás,Treinador Ás
trainerClass.beauty,Beauty,Canon,Modelo,Schönheit,Bellezza,Beldade,Beldade
trainerClass.biker,Biker,Motard,Motorista,Biker,Centauro,Motoqueiro,Motoqueiro
trainerClass.bird-keeper,Bird Keeper,Ornithologue,Ornitólogo,Vogelfreund,Ornitologo,Criador de Pássaros,Criador de Pássaros
trainerClass.black-belt,Black Belt,Karatéka,Karateka,Schwarzgurt,Karateka,Faixa-Preta,Faixa-Preta
trainerClass.bug-catcher,Bug Catcher,Scout,Cazabichos,Käfersammler,Pigliamosche,Caçador de Insetos,Caçador de Insetos
trainerClass.burglar,Burglar,Pyromane,Ladrón,Feuerteufel,Scassinatore,Assaltante,Assaltante
trainerClass.camper,Camper,Campeur,Campista,Camper,Campeggiatore,Campista,Campista
trainerClass.champion,Champion,Maître,Campeón,Champ,Campione,Campeão,Campeão
trainerClass.channeler,Channeler,Medium,Médium,Medium,Medium,Médium,Médium
trainerClass.cooltrainer,Cooltrainer,Dresseur Cool,Entrenador Guay,Cooltrainer,Asso,Treinador Experiente,Treinador Experiente
trainerClass.cue-ball,Cue Ball,Loubard,Chico Rudo,Rowdy,Teppista,Careca,Careca
trainerClass.elite-four,Elite Four,Conseil 4,Alto Mando,Top Vier,Superquattro,Elite dos Quatro,Elite dos Quatro
trainerClass.engineer,Engineer,Ingénieur,Ingeniero,Ingenieur,Ingegnere,Engenheiro,Engenheiro
trainerClass.fisherman,Fisherman,Pêcheur,Pescador,Angler,Pescatore,Pescador,Pescador
trainerClass.gambler,Gambler,Joueur,Jugador,Spieler,Giocatore,Apostador,Apostador
trainerClass.gentleman,Gentleman,Gentleman,Caballero,Gentleman,Gentiluomo,Cavalheiro,Cavalheiro
trainerClass.hiker,Hiker,Montagnard,Montañero,Wanderer,Montanaro,Montanhista,Montanhista
trainerClass.juggler,Juggler,Jongleur,Malabarista,Jongleur,Giocoliere,Malabarista,Malabarista
trainerClass.lass,Lass,Fillette,Chica,Göre,Pupa,Menina,Garota
trainerClass.picnicker,Picnicker,Pique-niqueuse,Excursionista,Picknickerin,Picnic,Excursionista,Excursionista
trainerClass.pokemaniac,Pokémaniac,Pokémaniac,Pokémaníaco,Pokémaniac,Pokémaniaco,Pokémaníaco,Pokémaníaco
trainerClass.psychic,Psychic,Kinésiste,Psíquico,Hypnotiseur,Sensitivo,Psíquico,Psíquico
trainerClass.rival,Rival,Rival,Rival,Rivale,Rivale,Rival,Rival
trainerClass.rocker,Rocker,Rockeur,Roquero,Rocker,Rocker,Roqueiro,Roqueiro
trainerClass.rocket-boss,Rocket Boss,Boss de la Team Rocket,Jefe del Team Rocket,Rocket-Boss,Capo Rocket,Chefe Rocket,Chefe Rocket
trainerClass.rocket-grunt,Rocket Grunt,Sbire de la Team Rocket,Recluta del Team Rocket,Rocket-Rüpel,Recluta Rocket,Recruta Rocket,Recruta Rocket
trainerClass.sailor,Sailor,Marin,Marinero,Matrose,Marinaio,Marinheiro,Marinheiro
trainerClass.scientist,Scientist,Scientifique,Científico,Forscher,Scienziato,Cientista,Cientista
trainerClass.super-nerd,Super Nerd,Intello,Cerebrito,Superfreak,Supernerd,Supernerd,Supernerd
trainerClass.swimmer,Swimmer,Nageur,Nadador,Schwimmer,Nuotatore,Nadador,Nadador
trainerClass.tamer,Tamer,Dompteur,Domador,Dompteur,Domatore,Domador,Domador
trainerClass.youngster,Youngster,Gamin,Joven,Knirps,Bullo,Rapaz,Garoto
trainerClass.battle-girl,Battle Girl,Combattante,Luchadora,Kämpferin,Lottatrice,Lutadora,Lutadora
trainerClass.dragon-tamer,Dragon Tamer,Dresseur de Dragons,Domadragones,Drachenprofi,Domadraghi,Domador de Dragões,Domador de Dragões
trainerClass.firebreather,Firebreather,Cracheur de Feu,Comefuegos,Feuerspucker,Mangiafuoco,Cuspidor de Fogo,Cuspidor de Fogo
trainerClass.guitarist,Guitarist,Guitariste,Guitarrista,Gitarrist,Chitarrista,Guitarrista,Guitarrista
trainerClass.hex-maniac,Hex Maniac,Mystimaniac,Bruja,Hexenmeisterin,Streghetta,Feiticeira,Feiticeira
trainerClass.kindler,Kindler,Pyromane,Pirómano,Feuerkünstler,Fuochista,Foguista,Foguista
trainerClass.lady,Lady,Rich Miss,Señorita,Lady,Signorina,Dama,Dama
trainerClass.ninja-boy,Ninja Boy,Petit Ninja,Ninja,Ninjajunge,Ninja,Rapaz Ninja,Garoto Ninja
trainerClass.pokefan,Pokéfan,Pokéfan,Pokéfan,Pokéfan,Pokéfan,Pokéfã,Pokéfã
trainerClass.rich-boy,Rich Boy,Richard,Niño Rico,Reicher Junge,Rampollo,Menino Rico,Menino Rico
trainerClass.rocket-executive,Rocket Executive,Cadre de la Team Rocket,Ejecutivo del Team Rocket,Rocket-Boss,Dirigente Rocket,Executivo Rocket,Executivo Rocket
trainerClass.ruin-maniac,Ruin Maniac,Ruinomaniac,Arqueólogo,Ruinenmaniac,Rovinologo,Maníaco por Ruínas,Maníaco por Ruínas
trainerClass.sage,Sage,Bonze,Sabio,Weiser,Saggio,Sábio,Sábio
trainerClass.schoolboy,Schoolboy,Écolier,Colegial,Schüler,Scolaro,Estudante,Estudante
trainerClass.skier,Skier,Skieuse,Esquiadora,Skifahrerin,Sciatore,Esquiador,Esquiador
trainerClass.team-aqua-grunt,Team Aqua Grunt,Sbire de la Team Aqua,Recluta del Equipo Aqua,Team-Aqua-Rüpel,Recluta Team Idro,Recruta da Equipa Aqua,Recruta da Equipe Aqua
trainerClass.team-magma-grunt,Team Magma Grunt,Sbire de la Team Magma,Recluta del Equipo Magma,Team-Magma-Rüpel,Recluta Team Magma,Recruta da Equipa Magma,Recruta da Equipe Magma
trainerClass.team-rocket-grunt,Team Rocket Grunt,Sbire de la Team Rocket,Recluta del Team Rocket,Rocket-Rüpel,Recluta Team Rocket,Recruta da Equipa Rocket,Recruta da Equipe Rocket
trainerClass.triathlete,Triathlete,Triathlète,Triatleta,Triathlet,Triatleta,Triatleta,Triatleta
trainerClass.twins,Twins,Jumelles,Gemelas,Zwillinge,Gemelle,Gémeas,Gêmeas
# --- Trainer, Gym Leader, Elite Four and Champion names - kept as they are,,,,,
trainerName.brock,Brock,Brock,Brock,Brock,Brock,Brock,Brock
trainerName.misty,Misty,Misty,Misty,Misty,Misty,Misty,Misty
trainerName.lt-surge,Lt. Surge,Lt. Surge,Lt. Surge,Lt. Surge,Lt. Surge,Lt. Surge,Lt. Surge
trainerName.erika,Erika,Erika,Erika,Erika,Erika,Erika,Erika
trainerName.koga,Koga,Koga,Koga,Koga,Koga,Koga,Koga
trainerName.sabrina,Sabrina,Sabrina,Sabrina,Sabrina,Sabrina,Sabrina,Sabrina
trainerName.blaine,Blaine,Blaine,Blaine,Blaine,Blaine,Blaine,Blaine
trainerName.giovanni,Giovanni,Giovanni,Giovanni,Giovanni,Giovanni,Giovanni,Giovanni
trainerName.blue,Blue,Blue,Blue,Blue,Blue,Blue,Blue
trainerName.red,Red,Red,Red,Red,Red,Red,Red
trainerName.green,Green,Green,Green,Green,Green,Green,Green
trainerName.lance,Lance,Lance,Lance,Lance,Lance,Lance,Lance
trainerName.lorelei,Lorelei,Lorelei,Lorelei,Lorelei,Lorelei,Lorelei,Lorelei
trainerName.bruno,Bruno,Bruno,Bruno,Bruno,Bruno,Bruno,Bruno
trainerName.agatha,Agatha,Agatha,Agatha,Agatha,Agatha,Agatha,Agatha
trainerName.rival,Rival,Rival,Rival,Rival,Rivale,Rival,Rival
trainerName.falkner,Falkner,Falkner,Falkner,Falkner,Falkner,Falkner,Falkner
trainerName.bugsy,Bugsy,Bugsy,Bugsy,Bugsy,Bugsy,Bugsy,Bugsy
trainerName.whitney,Whitney,Whitney,Whitney,Whitney,Whitney,Whitney,Whitney
trainerName.morty,Morty,Morty,Morty,Morty,Morty,Morty,Morty
trainerName.chuck,Chuck,Chuck,Chuck,Chuck,Chuck,Chuck,Chuck
trainerName.jasmine,Jasmine,Jasmine,Jasmine,Jasmine,Jasmine,Jasmine,Jasmine
trainerName.pryce,Pryce,Pryce,Pryce,Pryce,Pryce,Pryce,Pryce
trainerName.clair,Clair,Clair,Clair,Clair,Clair,Clair,Clair
trainerName.roxanne,Roxanne,Roxanne,Roxanne,Roxanne,Roxanne,Roxanne,Roxanne
trainerName.brawly,Brawly,Brawly,Brawly,Brawly,Brawly,Brawly,Brawly
trainerName.wattson,Wattson,Wattson,Wattson,Wattson,Wattson,Wattson,Wattson
trainerName.flannery,Flannery,Flannery,Flannery,Flannery,Flannery,Flannery,Flannery
trainerName.norman,Norman,Norman,Norman,Norman,Norman,Norman,Norman
trainerName.winona,Winona,Winona,Winona,Winona,Winona,Winona,Winona
trainerName.juan,Juan,Juan,Juan,Juan,Juan,Juan,Juan
trainerName.maxie,Maxie,Maxie,Maxie,Maxie,Maxie,Maxie,Maxie
trainerName.archie,Archie,Archie,Archie,Archie,Archie,Archie,Archie
trainerName.steven,Steven,Steven,Steven,Steven,Steven,Steven,Steven
trainerName.ariana,Ariana,Ariana,Ariana,Ariana,Ariana,Ariana,Ariana
trainerName.petrel,Petrel,Petrel,Petrel,Petrel,Petrel,Petrel,Petrel
trainerName.tate-liza,Tate & Liza,Tate & Liza,Tate & Liza,Tate & Liza,Tate & Liza,Tate & Liza,Tate & Liza
trainerName.amy-may,Amy & May,Amy & May,Amy & May,Amy & May,Amy & May,Amy & May,Amy & May
# --- UI,,,,,,,
ui.type.base,Base,Base,Base,Basis,Base,Base,Base
ui.type.normal,Normal,Normal,Normal,Normal,Normale,Normal,Normal
ui.type.fire,Fire,Feu,Fuego,Feuer,Fuoco,Fogo,Fogo
ui.type.water,Water,Eau,Agua,Wasser,Acqua,Água,Água
ui.type.electric,Electric,Électrik,Eléctrico,Elektro,Elettro,Elétrico,Elétrico
ui.type.grass,Grass,Plante,Planta,Pflanze,Erba,Planta,Planta
ui.type.ice,Ice,Glace,Hielo,Eis,Ghiaccio,Gelo,Gelo
ui.type.fighting,Fighting,Combat,Lucha,Kampf,Lotta,Lutador,Lutador
ui.type.poison,Poison,Poison,Veneno,Gift,Veleno,Venenoso,Venenoso
ui.type.ground,Ground,Sol,Tierra,Boden,Terra,Terrestre,Terrestre
ui.type.flying,Flying,Vol,Volador,Flug,Volante,Voador,Voador
ui.type.psychic,Psychic,Psy,Psíquico,Psycho,Psico,Psíquico,Psíquico
ui.type.bug,Bug,Insecte,Bicho,Käfer,Coleottero,Inseto,Inseto
ui.type.rock,Rock,Roche,Roca,Gestein,Roccia,Pedra,Pedra
ui.type.ghost,Ghost,Spectre,Fantasma,Geist,Spettro,Fantasma,Fantasma
ui.type.dragon,Dragon,Dragon,Dragón,Drache,Drago,Dragão,Dragão
ui.type.dark,Dark,Ténèbres,Siniestro,Unlicht,Buio,Sombrio,Sombrio
ui.type.steel,Steel,Acier,Acero,Stahl,Acciaio,Aço,Aço
ui.type.fairy,Fairy,Fée,Hada,Fee,Folletto,Fada,Fada
ui.dieAbbr.base,BAS,BAS,BAS,BAS,BAS,BAS,BAS
ui.dieAbbr.normal,NRM,NRM,NRM,NRM,NRM,NOR,NOR
ui.dieAbbr.fire,FIR,FEU,FUE,FEU,FUO,FOG,FOG
ui.dieAbbr.water,WTR,EAU,AGU,WAS,ACQ,ÁGU,ÁGU
ui.dieAbbr.electric,ELE,ELE,ELE,ELE,ELE,ELÉ,ELÉ
ui.dieAbbr.grass,GRS,PLA,PLA,PFL,ERB,PLA,PLA
ui.dieAbbr.ice,ICE,GLA,HIE,EIS,GHI,GEL,GEL
ui.dieAbbr.fighting,FGT,CBT,LUC,KPF,LOT,LUT,LUT
ui.dieAbbr.poison,PSN,PSN,VEN,GIF,VEL,VEN,VEN
ui.dieAbbr.ground,GRD,SOL,TIE,BOD,TER,TER,TER
ui.dieAbbr.flying,FLY,VOL,VOL,FLU,VOL,VOA,VOA
ui.dieAbbr.psychic,PSY,PSY,PSI,PSY,PSI,PSI,PSI
ui.dieAbbr.bug,BUG,INS,BIC,KAF,COL,INS,INS
ui.dieAbbr.rock,RCK,ROC,ROC,GES,ROC,PED,PED
ui.dieAbbr.ghost,GHO,SPE,FAN,GEI,SPE,FAN,FAN
ui.dieAbbr.dragon,DRG,DRA,DRA,DRA,DRA,DRA,DRA
ui.dieAbbr.dark,DRK,TEN,SIN,UNL,BUI,SOM,SOM
ui.dieAbbr.steel,STL,ACI,ACE,STA,ACC,AÇO,AÇO
ui.dieAbbr.fairy,FAI,FEE,HAD,FEE,FOL,FAD,FAD
ui.combo.pair,Pair,Paire,Pareja,Paar,Coppia,Par,Par
ui.combo.two_pair,Two Pair,Double paire,Doble pareja,Zwei Paare,Doppia coppia,Dois pares,Dois pares
ui.combo.three_kind,Three of a Kind,Brelan,Trío,Drilling,Tris,Trinca,Trinca
ui.combo.small_straight,Small Straight,Petite suite,Escalera corta,Kleine Straße,Scala piccola,Sequência pequena,Sequência pequena
ui.combo.full_house,Full House,Full,Full,Full House,Full,Full house,Full house
ui.combo.four_kind,Four of a Kind,Carré,Póker,Vierling,Poker,Quadra,Quadra
ui.combo.full_straight,Full Straight,Grande suite,Escalera grande,Große Straße,Scala grande,Sequência grande,Sequência grande
ui.combo.five_kind,Five of a Kind,Quinte,Repóker,Fünfling,Cinquina,Quina,Quina
ui.status.burn.name,Burn,Brûlure,Quemadura,Verbrennung,Scottatura,Queimadura,Queimadura
ui.status.poison.name,Poison,Poison,Veneno,Vergiftung,Veleno,Veneno,Veneno
ui.status.frozen.name,Frozen,Gel,Congelación,Einfrieren,Congelamento,Congelamento,Congelamento
ui.status.paralyze.name,Paralyze,Paralysie,Parálisis,Paralyse,Paralisi,Paralisia,Paralisia
ui.status.confuse.name,Confuse,Confusion,Confusión,Verwirrung,Confusione,Confusão,Confusão
ui.status.heal.name,Heal,Soin,Curación,Heilung,Cura,Cura,Cura
ui.status.faces.one,{n}+ {face} face,{n}+ face {face},{n}+ cara {face},{n}+ {face}-Seite,{n}+ faccia {face},{n}+ face {face},{n}+ face {face}
ui.status.faces.other,{n}+ {face} faces,{n}+ faces {face},{n}+ caras {face},{n}+ {face}-Seiten,{n}+ facce {face},{n}+ faces {face},{n}+ faces {face}
ui.status.turns.one,{n} turn,{n} tour,{n} turno,{n} Runde,{n} turno,{n} turno,{n} turno
ui.status.turns.other,{n} turns,{n} tours,{n} turnos,{n} Runden,{n} turni,{n} turnos,{n} turnos
ui.status.burn.what,"The foe loses {percent}% of its max HP per stack at the start of its turn, for {turns}. Each Burn face adds a stack.","L'adversaire perd {percent} % de ses PV max par cumul au début de son tour, pendant {turns}. Chaque face Brûlure ajoute un cumul.","El rival pierde el {percent} % de sus PS máximos por acumulación al inicio de su turno, durante {turns}. Cada cara Quemadura añade una acumulación.","Der Gegner verliert zu Beginn seiner Runde {percent} % seiner max. KP pro Stapel, für {turns}. Jede Verbrennungs-Seite fügt einen Stapel hinzu.","L'avversario perde il {percent}% dei PS massimi per ogni carica all'inizio del suo turno, per {turns}. Ogni faccia Scottatura aggiunge una carica.","O adversário perde {percent}% dos PS máximos por acumulação no início do seu turno, durante {turns}. Cada face Queimadura soma uma acumulação.","O adversário perde {percent}% dos PS máximos por acúmulo no início do turno dele, durante {turns}. Cada face Queimadura soma um acúmulo."
ui.status.poison.what,"The foe loses {percent}% of its max HP at the start of its turn, for {turns}. Doesn't stack.","L'adversaire perd {percent} % de ses PV max au début de son tour, pendant {turns}. Ne se cumule pas.","El rival pierde el {percent} % de sus PS máximos al inicio de su turno, durante {turns}. No se acumula.","Der Gegner verliert zu Beginn seiner Runde {percent} % seiner max. KP, für {turns}. Stapelt sich nicht.","L'avversario perde il {percent}% dei PS massimi all'inizio del suo turno, per {turns}. Non si accumula.","O adversário perde {percent}% dos PS máximos no início do seu turno, durante {turns}. Não acumula.","O adversário perde {percent}% dos PS máximos no início do turno dele, durante {turns}. Não acumula."
ui.status.skip,The foe skips {turns}.,L'adversaire passe {turns}.,El rival pierde {turns}.,Der Gegner setzt {turns} aus.,L'avversario salta {turns}.,O adversário salta {turns}.,O adversário perde {turns}.
ui.status.confuse.what,"The foe's next attack still lands, but it takes {percent}% of its max HP as recoil.","La prochaine attaque de l'adversaire touche quand même, mais il subit {percent} % de ses PV max en contrecoup.","El siguiente ataque del rival acierta igualmente, pero sufre el {percent} % de sus PS máximos de retroceso.","Der nächste Angriff des Gegners trifft trotzdem, aber er nimmt {percent} % seiner max. KP als Rückstoß.","Il prossimo attacco dell'avversario va a segno, ma subisce il {percent}% dei PS massimi di contraccolpo.","O próximo ataque do adversário ainda acerta, mas ele sofre {percent}% dos PS máximos de recuo.","O próximo ataque do adversário ainda acerta, mas ele sofre {percent}% dos PS máximos de recuo."
ui.status.heal.what,"You heal HP equal to {source}, on top of your damage.","Tu récupères des PV égaux à {source}, en plus de tes dégâts.","Recuperas PS equivalentes a {source}, además de tu daño.","Du heilst KP in Höhe von {source}, zusätzlich zu deinem Schaden.","Recuperi PS pari a {source}, oltre ai tuoi danni.","Recuperas PS iguais a {source}, além do teu dano.","Você recupera PS iguais a {source}, além do seu dano."
ui.status.heal.sourceFaces,the values of your Heal faces,la valeur de tes faces Soin,los valores de tus caras Curación,den Werten deiner Heilungs-Seiten,i valori delle tue facce Cura,os valores das tuas faces Cura,os valores das suas faces Cura
ui.status.heal.sourceTotal,the total of your dice,le total de tes dés,el total de tus dados,der Summe deiner Würfel,il totale dei tuoi dadi,o total dos teus dados,o total dos seus dados
ui.milestone.upgradeDie,BASE DIE → {to} DIE,DÉ DE BASE → DÉ {to},DADO BASE → DADO {to},BASIS-WÜRFEL → {to}-WÜRFEL,DADO BASE → DADO {to},DADO BASE → DADO {to},DADO BASE → DADO {to}
ui.milestone.replaceDie,{from} DIE → {to} DIE,DÉ {from} → DÉ {to},DADO {from} → DADO {to},{from}-WÜRFEL → {to}-WÜRFEL,DADO {from} → DADO {to},DADO {from} → DADO {to},DADO {from} → DADO {to}
ui.milestone.addReroll,+{amount} REROLL!,+{amount} RELANCE !,+{amount} TIRADA!,+{amount} NEUWURF!,+{amount} RILANCIO!,+{amount} RELANÇAMENTO!,+{amount} RELANÇAMENTO!
ui.milestone.addDie,+1 {type} DIE!,+1 DÉ {type} !,+1 DADO {type}!,+1 {type}-WÜRFEL!,+1 DADO {type}!,+1 DADO {type}!,+1 DADO {type}!
ui.milestone.addHp,+{amount} MAX HP!,+{amount} PV MAX !,+{amount} PS MÁX.!,+{amount} MAX. KP!,+{amount} PS MAX!,+{amount} PS MÁX.!,+{amount} PS MÁX.!
ui.milestone.evolve,EVOLUTION,ÉVOLUTION,EVOLUCIÓN,ENTWICKLUNG,EVOLUZIONE,EVOLUÇÃO,EVOLUÇÃO
ui.trainer.gymLeader,Gym Leader {name},Champion d'Arène {name},Líder de Gimnasio {name},Arenaleiter {name},Capopalestra {name},Líder de Ginásio {name},Líder de Ginásio {name}
ui.time.hoursMinutes,{h}h {m}m,{h} h {m} m,{h} h {m} m,{h} Std. {m} Min.,{h}h {m}m,{h}h {m}min,{h}h {m}min
ui.card.wild,a wild Pokémon,un Pokémon sauvage,un Pokémon salvaje,ein wildes Pokémon,un Pokémon selvatico,um Pokémon selvagem,um Pokémon selvagem
ui.card.trainer,a trainer,un Dresseur,un Entrenador,ein Trainer,un allenatore,um treinador,um treinador
ui.card.center,a Pokémon Center,un Centre Pokémon,un Centro Pokémon,ein Pokémon-Center,un Centro Pokémon,um Centro Pokémon,um Centro Pokémon
ui.card.item,a find,une trouvaille,un hallazgo,ein Fund,un ritrovamento,um achado,um achado
ui.card.casino,the Game Corner,le Casino,el Casino,die Spielhalle,la Sala Giochi,o Casino,o Cassino
ui.card.legend,a legendary,un légendaire,un legendario,ein Legendäres,un leggendario,um lendário,um lendário
ui.area.roundComplete,This round is complete,Cette manche est terminée,Esta ronda está completa,Diese Runde ist abgeschlossen,Questo giro è completo,Esta ronda está completa,Esta rodada está completa
ui.area.roundProgress,This round: {done} of {total} encounters done,Cette manche : {done} rencontres sur {total},Esta ronda: {done} de {total} encuentros,Diese Runde: {done} von {total} Begegnungen,Questo giro: {done} incontri su {total},Esta ronda: {done} de {total} encontros feitos,Esta rodada: {done} de {total} encontros feitos
ui.area.cardMet,met,rencontrée,encontrada,getroffen,incontrato,encontrado,encontrado
ui.area.cardNext,next,suivante,siguiente,nächste,prossimo,próximo,próximo
ui.area.cardToCome,still to come,encore à venir,aún por venir,steht noch aus,ancora da venire,ainda por vir,ainda por vir
ui.area.ahead,Ahead,À venir,Por venir,Voraus,Davanti a te,Pela frente,Pela frente
ui.area.stillToCome,Still to come this round: {cards},Encore à venir cette manche : {cards},Aún por venir esta ronda: {cards},Diese Runde steht noch aus: {cards},Ancora in questo giro: {cards},Ainda nesta ronda: {cards},Ainda nesta rodada: {cards}
ui.area.nothing,nothing,rien,nada,nichts,niente,nada,nada
ui.area.whenRoundsDone,When every round is done: {who},Quand toutes les manches sont faites : {who},Cuando acaben todas las rondas: {who},Wenn alle Runden geschafft sind: {who},Finiti tutti i giri: {who},Quando todas as rondas acabarem: {who},Quando todas as rodadas acabarem: {who}
ui.area.legendaryNamed,Legendary: {name},Légendaire : {name},Legendario: {name},Legendär: {name},Leggendario: {name},Lendário: {name},Lendário: {name}
ui.area.gymWithBadge,{name} ({badge}),{name} ({badge}),{name} ({badge}),{name} ({badge}),{name} ({badge}),{name} ({badge}),{name} ({badge})
ui.area.aLegendary,a legendary,un légendaire,un legendario,ein Legendäres,un leggendario,um lendário,um lendário
ui.area.foesScale,Foes scale to your team,Les adversaires suivent ton équipe,Los rivales se ajustan a tu equipo,Gegner passen sich deinem Team an,Gli avversari si adattano alla tua squadra,Os adversários ajustam-se à tua equipa,Os adversários se ajustam à sua equipe
ui.area.clearedNote,Cleared — rewards ×{multiplier},Terminée — gains ×{multiplier},Completada: recompensas ×{multiplier},Abgeschlossen — Belohnungen ×{multiplier},Completata — ricompense ×{multiplier},Concluída — recompensas ×{multiplier},Concluída — recompensas ×{multiplier}
ui.area.allRoundsDone.one,All {n} round done,L'unique manche est faite,Ronda única completada,Die eine Runde ist geschafft,{n} giro completato,{n} ronda concluída,{n} rodada concluída
ui.area.allRoundsDone.other,All {n} rounds done,Les {n} manches sont faites,Las {n} rondas completadas,Alle {n} Runden geschafft,Tutti i {n} giri completati,Todas as {n} rondas concluídas,Todas as {n} rodadas concluídas
ui.area.roundOf,Round {n}/{total},Manche {n}/{total},Ronda {n}/{total},Runde {n}/{total},Giro {n}/{total},Ronda {n}/{total},Rodada {n}/{total}
ui.area.levelOne,Lv.{n},N.{n},Nv.{n},Lv.{n},Lv.{n},Nv.{n},Nv.{n}
ui.area.autoTip,"You've cleared this area, so AUTO-MODE is open to you here! Turn it on and your Pokémon fight by themselves: they roll, reroll, attack and switch in on their own, just like the foes do. Items stay in your bag, and catches and rewards still wait for you. Tap AUTO-MODE again, or STOP in a battle, to take back control.","Tu as terminé cette zone : le MODE AUTO s'ouvre à toi ici ! Active-le et tes Pokémon combattent seuls : ils lancent, relancent, attaquent et se remplacent d'eux-mêmes, comme les adversaires. Les objets restent dans ton sac, et les captures et récompenses t'attendent toujours. Touche à nouveau MODE AUTO, ou STOP en combat, pour reprendre la main.","Has completado esta zona, así que el MODO AUTO está disponible aquí. Actívalo y tus Pokémon combaten solos: tiran, vuelven a tirar, atacan y se relevan por su cuenta, igual que los rivales. Los objetos siguen en tu mochila, y las capturas y recompensas te esperan. Toca MODO AUTO otra vez, o STOP en un combate, para retomar el control.","Du hast dieses Gebiet abgeschlossen, also steht dir hier der AUTO-MODUS offen! Schalte ihn ein und deine Pokémon kämpfen von selbst: Sie würfeln, würfeln neu, greifen an und wechseln eigenständig, genau wie die Gegner. Items bleiben in deinem Beutel, und Fänge und Belohnungen warten weiter auf dich. Tippe erneut auf AUTO-MODUS oder im Kampf auf STOPP, um die Kontrolle zurückzunehmen.","Hai completato quest'area, quindi qui puoi usare la MODALITÀ AUTO! Attivala e i tuoi Pokémon combattono da soli: lanciano, rilanciano, attaccano ed entrano in campo da soli, proprio come gli avversari. Gli strumenti restano nella borsa, e catture e ricompense ti aspettano comunque. Tocca di nuovo MODALITÀ AUTO, o STOP in lotta, per riprendere il controllo.","Concluíste esta área, por isso aqui tens o MODO AUTO! Liga-o e os teus Pokémon lutam sozinhos: lançam, relançam, atacam e entram em campo por si, tal como os adversários. Os objetos ficam na mochila, e as capturas e recompensas continuam à tua espera. Toca outra vez em MODO AUTO, ou em PARAR numa batalha, para retomar o controlo.","Você concluiu esta área, então aqui o MODO AUTO está liberado! Ative e seus Pokémon lutam sozinhos: rolam, relançam, atacam e entram em campo por conta própria, igual aos adversários. Os itens ficam na mochila, e as capturas e recompensas continuam esperando por você. Toque em MODO AUTO de novo, ou em PARAR numa batalha, para retomar o controle."
ui.area.autoMode,AUTO-MODE: {state},MODE AUTO : {state},MODO AUTO: {state},AUTO-MODUS: {state},MODALITÀ AUTO: {state},MODO AUTO: {state},MODO AUTO: {state}
ui.area.yourTeam,Your team,Ton équipe,Tu equipo,Dein Team,La tua squadra,A tua equipa,Sua equipe
ui.area.tapToHeal,Tap one to heal it or check it,Touche-en un pour le soigner ou le consulter,Toca uno para curarlo o consultarlo,"Tippe eines an, um es zu heilen oder anzusehen",Toccane uno per curarlo o controllarlo,Toca num para o curar ou ver,Toque em um para curar ou ver
ui.area.explore,EXPLORE,EXPLORER,EXPLORAR,ERKUNDEN,ESPLORA,EXPLORAR,EXPLORAR
ui.area.nextEncounter,NEXT ENCOUNTER,RENCONTRE SUIVANTE,SIGUIENTE ENCUENTRO,NÄCHSTE BEGEGNUNG,PROSSIMO INCONTRO,PRÓXIMO ENCONTRO,PRÓXIMO ENCONTRO
ui.area.outOfEnergy,Out of energy · next in {time},Plus d'énergie · prochaine dans {time},Sin energía · la siguiente en {time},Keine Energie · nächste in {time},Energia esaurita · la prossima tra {time},Sem energia · a próxima daqui a {time},Sem energia · a próxima em {time}
ui.area.gymReady,Every round done — {trainer} is ready when you are.,Toutes les manches sont faites — {trainer} t'attend quand tu veux.,Todas las rondas completadas: {trainer} te espera cuando quieras.,"Alle Runden geschafft — {trainer} ist bereit, wenn du es bist.",Tutti i giri completati — {trainer} ti aspetta quando vuoi.,Todas as rondas concluídas — {trainer} está pronto quando quiseres.,Todas as rodadas concluídas — {trainer} está pronto quando você quiser.
ui.area.bossWaiting,The ground trembles. Something powerful is waiting…,Le sol tremble. Quelque chose de puissant attend…,El suelo tiembla. Algo poderoso espera…,Der Boden bebt. Etwas Mächtiges wartet …,Il terreno trema. Qualcosa di potente ti aspetta…,O chão treme. Algo poderoso está à espera…,O chão treme. Algo poderoso está esperando…
ui.area.quiet,The path ahead is quiet. For now.,Le chemin est calme. Pour l'instant.,El camino está tranquilo. Por ahora.,Der Weg ist ruhig. Vorerst.,Il sentiero davanti è tranquillo. Per ora.,O caminho à frente está calmo. Por agora.,O caminho à frente está calmo. Por enquanto.
ui.area.whereNext,Where to next?,On va où maintenant ?,¿Adónde vamos ahora?,Wohin als Nächstes?,Dove si va adesso?,Para onde agora?,Para onde agora?
ui.area.challenge,CHALLENGE {name},DÉFIER {name},DESAFIAR A {name},{name} HERAUSFORDERN,SFIDA {name},DESAFIAR {name},DESAFIAR {name}
ui.area.faceIt,FACE IT,L'AFFRONTER,AFRONTARLO,STELL DICH IHM,AFFRONTALO,ENFRENTAR,ENFRENTAR
ui.area.backToMap,BACK TO MAP,RETOUR À LA CARTE,VOLVER AL MAPA,ZURÜCK ZUR KARTE,TORNA ALLA MAPPA,VOLTAR AO MAPA,VOLTAR AO MAPA
ui.area.keepExploring,Or keep exploring first — your rounds stay done.,Ou continue d'explorer — tes manches restent acquises.,O sigue explorando primero: tus rondas siguen completadas.,Oder erkunde erst weiter — deine Runden bleiben geschafft.,Oppure continua a esplorare: i giri completati restano tali.,Ou continua a explorar primeiro — as tuas rondas continuam feitas.,Ou continue explorando primeiro — suas rodadas continuam feitas.
ui.area.gymAfterRounds,{trainer} waits after round {need} ({done}/{need} done),{trainer} attend après la manche {need} ({done}/{need} faites),{trainer} espera tras la ronda {need} ({done}/{need} completadas),{trainer} wartet nach Runde {need} ({done}/{need} geschafft),{trainer} ti aspetta dopo il giro {need} ({done}/{need} completati),{trainer} espera após a ronda {need} ({done}/{need} feitas),{trainer} espera após a rodada {need} ({done}/{need} feitas)
ui.common.cancel,Cancel,Annuler,Cancelar,Abbrechen,Annulla,Cancelar,Cancelar
ui.common.close,Close,Fermer,Cerrar,Schließen,Chiudi,Fechar,Fechar
ui.common.back,Back,Retour,Atrás,Zurück,Indietro,Voltar,Voltar
ui.common.continue,CONTINUE,CONTINUER,CONTINUAR,WEITER,CONTINUA,CONTINUAR,CONTINUAR
ui.common.ok,OK,OK,OK,OK,OK,OK,OK
ui.common.on,ON,ON,SÍ,AN,ON,LIGADO,ATIVO
ui.common.off,OFF,OFF,NO,AUS,OFF,DESLIGADO,INATIVO
ui.common.loading,Loading…,Chargement…,Cargando…,Wird geladen…,Caricamento…,A carregar…,Carregando…
ui.common.level.short,Lv.{n},N.{n},Nv.{n},Lv.{n},Lv.{n},Nv.{n},Nv.{n}
ui.common.unknown,???,???,???,???,???,???,???
ui.common.pokemon,Pokémon,Pokémon,Pokémon,Pokémon,Pokémon,Pokémon,Pokémon
ui.common.aPokemon,A Pokémon,Un Pokémon,Un Pokémon,Ein Pokémon,Un Pokémon,Um Pokémon,Um Pokémon
ui.nav.map,Map,Carte,Mapa,Karte,Mappa,Mapa,Mapa
ui.nav.team,Team,Équipe,Equipo,Team,Squadra,Equipa,Equipe
ui.nav.shop,Shop,Boutique,Tienda,Shop,Negozio,Loja,Loja
ui.nav.upgrades,Upgrades,Améliorations,Mejoras,Upgrades,Potenziamenti,Melhorias,Melhorias
ui.nav.pokedex,Pokédex,Pokédex,Pokédex,Pokédex,Pokédex,Pokédex,Pokédex
ui.nav.menus,Menus,Menus,Menús,Menüs,Menu,Menus,Menus
ui.nav.admin,Admin,Admin,Admin,Admin,Admin,Admin,Admin
ui.nav.exploring, (exploring {area}), (en exploration : {area}), (explorando {area}), (erkundet {area}), (in esplorazione: {area}), (a explorar {area}), (explorando {area})
ui.nav.finishFight,Finish the fight first,Termine d'abord le combat,Termina antes el combate,Beende zuerst den Kampf,Prima finisci la lotta,Termina primeiro a batalha,Termine a batalha primeiro
ui.nav.backToGame,Pokédice — back to the game,Pokédice — retour au jeu,Pokédice: volver al juego,Pokédice — zurück zum Spiel,Pokédice — torna al gioco,Pokédice — voltar ao jogo,Pokédice — voltar ao jogo
ui.nav.leaderboard,Leaderboard,Classement,Clasificación,Bestenliste,Classifica,Classificação,Classificação
ui.nav.settings,Settings,Réglages,Ajustes,Einstellungen,Impostazioni,Definições,Configurações
ui.nav.saveInBrowser,Your save lives in this browser.,Ta sauvegarde vit dans ce navigateur.,Tu partida vive en este navegador.,Dein Spielstand lebt in diesem Browser.,Il tuo salvataggio vive in questo browser.,O teu jogo guardado vive neste navegador.,Seu jogo salvo fica neste navegador.
ui.nav.cloudBackup,Cloud backup,Sauvegarde en ligne,Copia en la nube,Cloud-Backup,Backup nel cloud,Cópia na nuvem,Backup na nuvem
ui.nav.backUpAnyDevice,Back up your save and play on any device.,Sauvegarde ta partie et joue sur n'importe quel appareil.,Guarda tu partida y juega en cualquier dispositivo.,Sichere deinen Spielstand und spiele auf jedem Gerät.,Salva una copia e gioca su qualsiasi dispositivo.,Guarda uma cópia do teu jogo e joga em qualquer dispositivo.,Faça backup do seu jogo e jogue em qualquer dispositivo.
ui.title.continueWith,Continue with {name},Continuer avec {name},Continuar con {name},Weiter mit {name},Continua con {name},Continuar com {name},Continuar com {name}
ui.title.newGame,NEW GAME,NOUVELLE PARTIE,NUEVA PARTIDA,NEUES SPIEL,NUOVA PARTITA,NOVO JOGO,NOVO JOGO
ui.title.howToPlay,HOW TO PLAY,COMMENT JOUER,CÓMO JUGAR,SPIELANLEITUNG,COME SI GIOCA,COMO JOGAR,COMO JOGAR
ui.title.corruptSave,Your previous save could not be read. It was archived (pokedice.save.corrupt) and a fresh game is ready.,Ta sauvegarde précédente n'a pas pu être lue. Elle a été archivée (pokedice.save.corrupt) et une nouvelle partie t'attend.,No se pudo leer tu partida anterior. Se ha archivado (pokedice.save.corrupt) y hay una partida nueva lista.,Dein bisheriger Spielstand konnte nicht gelesen werden. Er wurde archiviert (pokedice.save.corrupt) und ein neues Spiel steht bereit.,Non è stato possibile leggere il salvataggio precedente. È stato archiviato (pokedice.save.corrupt) ed è pronta una nuova partita.,Não foi possível ler o teu jogo guardado anterior. Foi arquivado (pokedice.save.corrupt) e há um jogo novo pronto.,Não foi possível ler seu jogo salvo anterior. Ele foi arquivado (pokedice.save.corrupt) e um jogo novo está pronto.
ui.title.legal,"A personal, non-commercial fan project. Pokémon and all related names are trademarks of Nintendo, Game Freak and Creatures. Sprites are loaded from the public PokeAPI repository. Made by Splifingald.","Un projet de fan personnel et non commercial. Pokémon et les noms associés sont des marques de Nintendo, Game Freak et Creatures. Les sprites proviennent du dépôt public PokeAPI. Créé par Splifingald.","Un proyecto de fan personal y sin ánimo de lucro. Pokémon y los nombres relacionados son marcas de Nintendo, Game Freak y Creatures. Los sprites provienen del repositorio público PokeAPI. Creado por Splifingald.","Ein persönliches, nicht kommerzielles Fanprojekt. Pokémon und alle zugehörigen Namen sind Marken von Nintendo, Game Freak und Creatures. Die Sprites stammen aus dem öffentlichen PokeAPI-Repository. Erstellt von Splifingald.","Un progetto amatoriale personale e senza scopo di lucro. Pokémon e tutti i nomi correlati sono marchi di Nintendo, Game Freak e Creatures. Gli sprite sono caricati dal repository pubblico di PokeAPI. Realizzato da Splifingald.","Um projeto de fã pessoal e sem fins comerciais. Pokémon e todos os nomes relacionados são marcas registadas da Nintendo, Game Freak e Creatures. Os sprites são carregados do repositório público da PokeAPI. Feito por Splifingald.","Um projeto de fã pessoal e sem fins comerciais. Pokémon e todos os nomes relacionados são marcas registradas da Nintendo, Game Freak e Creatures. Os sprites são carregados do repositório público da PokeAPI. Feito por Splifingald."
ui.title.deployGuide,Deployment guide,Guide de déploiement,Guía de despliegue,Deployment-Anleitung,Guida al deploy,Guia de publicação,Guia de publicação
ui.title.kitchenSink,Kitchen sink,Kitchen sink,Kitchen sink,Kitchen sink,Kitchen sink,Kitchen sink,Kitchen sink
ui.title.startOver,Start over?,Recommencer ?,¿Empezar de nuevo?,Von vorn anfangen?,Ricominciare da capo?,Recomeçar do zero?,Recomeçar do zero?
ui.title.startOverBody,"This replaces your current save{where}. Pokédollars, catches and upgrades will be lost.","Cela remplace ta sauvegarde actuelle{where}. Pokédollars, captures et améliorations seront perdus.","Esto reemplaza tu partida actual{where}. Perderás Pokédólares, capturas y mejoras.","Das ersetzt deinen aktuellen Spielstand{where}. Pokédollar, Fänge und Upgrades gehen verloren.","Questo sostituisce il salvataggio attuale{where}. Pokédollari, catture e potenziamenti andranno persi.","Isto substitui o teu jogo guardado atual{where}. Os Pokédólares, as capturas e as melhorias vão perder-se.","Isso substitui seu jogo salvo atual{where}. Pokédólares, capturas e melhorias serão perdidos."
ui.title.hereAndCloud, here and in the cloud, ici et dans le cloud, aquí y en la nube, hier und in der Cloud, qui e nel cloud, aqui e na nuvem, aqui e na nuvem
ui.title.startOverAction,Start over,Recommencer,Empezar de nuevo,Von vorn anfangen,Ricomincia,Recomeçar,Recomeçar
ui.enc.titleWild,You encountered a wild Pokémon!,Un Pokémon sauvage apparaît !,¡Te has encontrado con un Pokémon salvaje!,Ein wildes Pokémon erscheint!,Hai incontrato un Pokémon selvatico!,Encontraste um Pokémon selvagem!,Você encontrou um Pokémon selvagem!
ui.enc.titleBoss,A legendary Pokémon appears!,Un Pokémon légendaire apparaît !,¡Aparece un Pokémon legendario!,Ein legendäres Pokémon erscheint!,Appare un Pokémon leggendario!,Aparece um Pokémon lendário!,Um Pokémon lendário aparece!
ui.enc.titleTrainer,A trainer wants to battle!,Un Dresseur veut se battre !,¡Un Entrenador quiere luchar!,Ein Trainer will kämpfen!,Un allenatore vuole lottare!,Um treinador quer lutar!,Um treinador quer lutar!
ui.enc.titleGym,A gym battle,Un combat d'Arène,Un combate de Gimnasio,Ein Arenakampf,Una lotta in palestra,Uma batalha de ginásio,Uma batalha de ginásio
ui.enc.titleItem,You found something on the ground!,Tu as trouvé quelque chose par terre !,¡Has encontrado algo en el suelo!,Du hast etwas auf dem Boden gefunden!,Hai trovato qualcosa per terra!,Encontraste algo no chão!,Você encontrou algo no chão!
ui.enc.titleCenter,You reached a Pokémon Center!,Tu arrives à un Centre Pokémon !,¡Has llegado a un Centro Pokémon!,Du hast ein Pokémon-Center erreicht!,Sei arrivato a un Centro Pokémon!,Chegaste a um Centro Pokémon!,Você chegou a um Centro Pokémon!
ui.enc.titleCasino,The Game Corner!,Le Casino !,¡El Casino!,Die Spielhalle!,La Sala Giochi!,O Casino!,O Cassino!
ui.enc.legendaryTag,LEGENDARY,LÉGENDAIRE,LEGENDARIO,LEGENDÄR,LEGGENDARIO,LENDÁRIO,LENDÁRIO
ui.enc.new,NEW!,NOUVEAU !,¡NUEVO!,NEU!,NUOVO!,NOVO!,NOVO!
ui.enc.caught,caught,capturé,capturado,gefangen,catturato,capturado,capturado
ui.enc.replaces, · stronger than your Lv.{level}: a catch replaces it, · plus fort que ton N.{level} : une capture le remplace, · más fuerte que tu Nv.{level}: una captura lo reemplaza, · stärker als dein Lv.{level}: ein Fang ersetzt es," · più forte del tuo Lv.{level}: se lo catturi, lo sostituisce", · mais forte do que o teu Nv.{level}: uma captura substitui-o, · mais forte que o seu Nv.{level}: uma captura substitui ele
ui.enc.shinyExtra, · shiny: a catch joins as an extra copy, · chromatique : une capture s'ajoute en exemplaire supplémentaire, · variocolor: una captura se añade como copia extra, · schillernd: ein Fang kommt als zusätzliches Exemplar dazu," · cromatico: se lo catturi, si aggiunge come copia extra", · brilhante: uma captura junta-se como cópia extra, · brilhante: uma captura entra como cópia extra
ui.enc.noCatch, · no catch (yours is as strong), · pas de capture (le tien est aussi fort), · sin captura (el tuyo es igual de fuerte), · kein Fang (deines ist genauso stark), · niente cattura (il tuo è altrettanto forte), · sem captura (o teu é igualmente forte), · sem captura (o seu é igualmente forte)
ui.enc.wantsToBattle,wants to battle! ({count} Pokémon),veut se battre ! ({count} Pokémon),¡quiere luchar! ({count} Pokémon),will kämpfen! ({count} Pokémon),vuole lottare! ({count} Pokémon),quer lutar! ({count} Pokémon),quer lutar! ({count} Pokémon)
ui.enc.paysPerKo,Pays Pokédollars for every Pokémon you defeat.,Paie des Pokédollars pour chaque Pokémon vaincu.,Paga Pokédólares por cada Pokémon que derrotes.,Zahlt Pokédollar für jedes besiegte Pokémon.,Paga Pokédollari per ogni Pokémon sconfitto.,Paga Pokédólares por cada Pokémon que derrotares.,Paga Pokédólares por cada Pokémon que você derrotar.
ui.enc.noRunning, No running once the battle starts., Impossible de fuir une fois le combat lancé., No se puede huir una vez empezado el combate.," Kein Fliehen, sobald der Kampf beginnt.", Una volta iniziata la lotta non si fugge., Não há fuga depois de a batalha começar., Não dá para fugir depois que a batalha começa.
ui.enc.gymBattle,GYM BATTLE,COMBAT D'ARÈNE,COMBATE DE GIMNASIO,ARENAKAMPF,LOTTA IN PALESTRA,BATALHA DE GINÁSIO,BATALHA DE GINÁSIO
ui.enc.champion,CHAMPION,MAÎTRE,CAMPEÓN,CHAMP,CAMPIONE,CAMPEÃO,CAMPEÃO
ui.enc.eliteFour,ELITE FOUR · battle {index} of {total},CONSEIL 4 · combat {index} sur {total},ALTO MANDO · combate {index} de {total},TOP VIER · Kampf {index} von {total},SUPERQUATTRO · lotta {index} di {total},ELITE DOS QUATRO · batalha {index} de {total},ELITE DOS QUATRO · batalha {index} de {total}
ui.enc.winBadge,Win the {badge},Gagne le {badge},Gana la {badge},Gewinne den {badge},Vinci la {badge},Ganha a {badge},Ganhe a {badge}
ui.enc.gymPays,Pays ×{multiplier} Pokédollars · switch freely between their Pokémon,Paie ×{multiplier} Pokédollars · change librement entre leurs Pokémon,Paga ×{multiplier} Pokédólares · cambia libremente entre sus Pokémon,Zahlt ×{multiplier} Pokédollar · wechsle frei zwischen ihren Pokémon,Paga ×{multiplier} Pokédollari · cambia liberamente tra i suoi Pokémon,Paga ×{multiplier} Pokédólares · troca à vontade entre os teus Pokémon,Paga ×{multiplier} Pokédólares · troque à vontade entre os seus Pokémon
ui.enc.gymPaysNoRun,No running once it starts · pays ×{multiplier} Pokédollars · switch freely between their Pokémon,Impossible de fuir une fois lancé · paie ×{multiplier} Pokédollars · change librement entre leurs Pokémon,No se puede huir una vez empezado · paga ×{multiplier} Pokédólares · cambia libremente entre sus Pokémon,"Kein Fliehen, sobald er beginnt · zahlt ×{multiplier} Pokédollar · wechsle frei zwischen ihren Pokémon",Una volta iniziata non si fugge · paga ×{multiplier} Pokédollari · cambia liberamente tra i suoi Pokémon,Não há fuga depois de começar · paga ×{multiplier} Pokédólares · troca à vontade entre os teus Pokémon,Não dá para fugir depois que começa · paga ×{multiplier} Pokédólares · troque à vontade entre os seus Pokémon
ui.enc.centerTitle,Pokémon Center,Centre Pokémon,Centro Pokémon,Pokémon-Center,Centro Pokémon,Centro Pokémon,Centro Pokémon
ui.enc.centerRound,A new round begins — it opens with a Pokémon Center.,Une nouvelle manche commence — elle s'ouvre par un Centre Pokémon.,Empieza una ronda nueva: se abre con un Centro Pokémon.,Eine neue Runde beginnt — sie eröffnet mit einem Pokémon-Center.,"Inizia un nuovo giro, e si apre con un Centro Pokémon.",Começa uma nova ronda — abre com um Centro Pokémon.,Começa uma nova rodada — ela abre com um Centro Pokémon.
ui.enc.centerFainted,One of your Pokémon is K.O. — a Center comes straight away.,Un de tes Pokémon est K.O. — un Centre arrive tout de suite.,Uno de tus Pokémon está debilitado: llega un Centro enseguida.,Eines deiner Pokémon ist besiegt — ein Center kommt sofort.,Uno dei tuoi Pokémon è K.O.: arriva subito un Centro.,Um dos teus Pokémon está K.O. — um Centro aparece logo.,Um dos seus Pokémon está K.O. — um Centro aparece na hora.
ui.enc.centerHurt,Your team is hurt — a Center is the first stop in this area.,Ton équipe est blessée — un Centre est la première étape de cette zone.,Tu equipo está herido: un Centro es la primera parada de esta zona.,Dein Team ist verletzt — ein Center ist die erste Station in diesem Gebiet.,La tua squadra è ferita: un Centro è la prima tappa in quest'area.,A tua equipa está ferida — um Centro é a primeira paragem nesta área.,Sua equipe está ferida — um Centro é a primeira parada nesta área.
ui.enc.centerRest,A place to rest.,Un endroit pour se reposer.,Un lugar para descansar.,Ein Ort zum Ausruhen.,Un posto dove riposare.,Um sítio para descansar.,Um lugar para descansar.
ui.enc.centerFull,"Full heal for your team and Box, and a chance to change your team.","Soin complet pour ton équipe et ta Boîte, et l'occasion de changer d'équipe.","Curación completa para tu equipo y tu Caja, y ocasión de cambiar de equipo.","Volle Heilung für Team und Box, und eine Gelegenheit, dein Team zu ändern.","Cura completa per la squadra e il Box, e la possibilità di cambiare squadra.","Cura total para a equipa e a Caixa, e a oportunidade de mudar a equipa.","Cura total para a equipe e a Caixa, e a chance de mudar a equipe."
ui.enc.casinoTitle,Game Corner,Casino,Casino,Spielhalle,Sala Giochi,Casino,Cassino
ui.enc.casinoIntro,"Behind a poster, Team Rocket runs a slot machine. ₽{cost} a spin — line up three {prize} to win one!","Derrière une affiche, la Team Rocket tient une machine à sous. ₽{cost} le tour — aligne trois {prize} pour en gagner un !","Tras un póster, el Team Rocket lleva una tragaperras. ₽{cost} por tirada: ¡alinea tres {prize} para ganar uno!",Hinter einem Plakat betreibt Team Rocket einen Spielautomaten. ₽{cost} pro Dreh — bringe drei {prize} in eine Reihe und gewinne eines!,"Dietro un poster, il Team Rocket gestisce una slot machine. ₽{cost} a giocata: allinea tre {prize} per vincerne uno!","Atrás de um cartaz, a Equipa Rocket tem uma slot machine. ₽{cost} por jogada — alinha três {prize} para ganhar um!","Atrás de um pôster, a Equipe Rocket tem um caça-níquel. ₽{cost} por giro — alinhe três {prize} para ganhar um!"
ui.enc.prizeMon,prize Pokémon,Pokémon en lot,Pokémon de premio,Preis-Pokémon,Pokémon in palio,Pokémon-prémio,Pokémon-prêmio
ui.enc.legendaryBack,{name} is back — another chance to catch it!,{name} est de retour — une nouvelle chance de le capturer !,¡{name} ha vuelto: otra oportunidad de capturarlo!,"{name} ist zurück — noch eine Chance, es zu fangen!",{name} è tornato: un'altra occasione per catturarlo!,{name} voltou — outra oportunidade de o capturar!,{name} voltou — outra chance de capturá-lo!
ui.enc.theLegendary,The legendary,Le légendaire,El legendario,Das Legendäre,Il leggendario,O lendário,O lendário
ui.enc.legendaryBlocks,The air crackles… a legendary Pokémon blocks the way!,L'air crépite… un Pokémon légendaire barre la route !,El aire crepita… ¡un Pokémon legendario bloquea el paso!,Die Luft knistert … ein legendäres Pokémon versperrt den Weg!,L'aria crepita… un Pokémon leggendario sbarra la strada!,O ar crepita… um Pokémon lendário bloqueia o caminho!,O ar crepita… um Pokémon lendário bloqueia o caminho!
ui.enc.enter,ENTER,ENTRER,ENTRAR,BETRETEN,ENTRA,ENTRAR,ENTRAR
ui.enc.pickUp,PICK IT UP,LE RAMASSER,RECOGERLO,AUFHEBEN,RACCOGLI,APANHAR,PEGAR
ui.enc.fight,FIGHT,COMBATTRE,LUCHAR,KÄMPFEN,LOTTA,LUTAR,LUTAR
ui.enc.avoid,AVOID,ÉVITER,EVITAR,AUSWEICHEN,EVITA,EVITAR,EVITAR
ui.enc.flee,FLEE,FUIR,HUIR,FLIEHEN,FUGGI,FUGIR,FUGIR
ui.enc.skip,SKIP,PASSER,OMITIR,ÜBERSPRINGEN,SALTA,SALTAR,PULAR
ui.enc.notYet,NOT YET,PAS ENCORE,TODAVÍA NO,NOCH NICHT,NON ANCORA,AINDA NÃO,AINDA NÃO
ui.center.team,Team,Équipe,Equipo,Team,Squadra,Equipa,Equipe
ui.center.sendToBox,Send to the Box,Envoyer à la Boîte,Enviar a la Caja,In die Box schicken,Manda nel Box,Enviar para a Caixa,Enviar para a Caixa
ui.center.stillReviving,Still being revived from its fossil — it can join your team once it wakes up.,Encore en train de revivre depuis son fossile — il pourra rejoindre ton équipe à son réveil.,Todavía está reviviendo de su fósil: podrá unirse a tu equipo cuando despierte.,"Wird noch aus seinem Fossil wiederbelebt — es kann deinem Team beitreten, sobald es aufwacht.",Sta ancora tornando in vita dal fossile: potrà unirsi alla squadra quando si sveglia.,Ainda está a ser reanimado a partir do fóssil — pode juntar-se à equipa quando acordar.,Ainda está sendo reanimado do fóssil — pode entrar na equipe quando acordar.
ui.center.addToTeam,Add to team,Ajouter à l'équipe,Añadir al equipo,Zum Team hinzufügen,Aggiungi alla squadra,Adicionar à equipa,Adicionar à equipe
ui.center.swapFor,Your team is full — swap {name} in for:,Ton équipe est pleine — échange {name} contre :,Tu equipo está lleno: cambia a {name} por:,Dein Team ist voll — tausche {name} gegen:,La squadra è piena: fai entrare {name} al posto di:,A equipa está cheia — troca {name} por:,A equipe está cheia — troque {name} por:
ui.center.goesToBox,goes to the Box,part à la Boîte,va a la Caja,geht in die Box,va nel Box,vai para a Caixa,vai para a Caixa
ui.center.fightingFit,Your Pokémon are fighting fit!,Tes Pokémon sont en pleine forme !,¡Tus Pokémon están en plena forma!,Deine Pokémon sind topfit!,I tuoi Pokémon sono in piena forma!,Os teus Pokémon estão em plena forma!,Seus Pokémon estão em plena forma!
ui.center.healing,Healing…,Soins en cours…,Curando…,Wird geheilt …,Cura in corso…,A curar…,Curando…
ui.center.backToFull,Team and Box are back to full HP.,L'équipe et la Boîte sont à PV max.,El equipo y la Caja están a PS máximos.,Team und Box sind wieder auf vollen KP.,Squadra e Box hanno di nuovo tutti i PS.,A equipa e a Caixa voltaram aos PS máximos.,A equipe e a Caixa voltaram aos PS máximos.
ui.center.teamCount,Team ({count}/{max}),Équipe ({count}/{max}),Equipo ({count}/{max}),Team ({count}/{max}),Squadra ({count}/{max}),Equipa ({count}/{max}),Equipe ({count}/{max})
ui.center.tapTeam,Tap one to make it lead or send it to the Box,Touche-en un pour le mettre en tête ou l'envoyer à la Boîte,Toca uno para ponerlo al frente o enviarlo a la Caja,"Tippe eines an, um es an die Spitze zu setzen oder in die Box zu schicken",Toccane uno per metterlo in testa o mandarlo nel Box,Toca num para o pôr à frente ou enviar para a Caixa,Toque em um para colocá-lo na frente ou enviar para a Caixa
ui.center.emptySlot,Empty slot,Emplacement vide,Hueco vacío,Leerer Platz,Posto libero,Espaço vazio,Espaço vazio
ui.center.tapBox,Tap one to add it to your team or swap it in,Touche-en un pour l'ajouter à ton équipe ou l'échanger,Toca uno para añadirlo a tu equipo o intercambiarlo,"Tippe eines an, um es ins Team zu holen oder einzutauschen",Toccane uno per aggiungerlo alla squadra o scambiarlo,Toca num para o juntar à equipa ou trocar,Toque em um para adicioná-lo à equipe ou trocar
ui.center.boxEmpty,Catch more Pokémon — they wait here when your team is full.,Capture plus de Pokémon — ils attendent ici quand ton équipe est pleine.,Captura más Pokémon: esperan aquí cuando tu equipo está lleno.,"Fange mehr Pokémon — sie warten hier, wenn dein Team voll ist.",Cattura altri Pokémon: aspettano qui quando la squadra è piena.,Captura mais Pokémon — esperam aqui quando a equipa está cheia.,Capture mais Pokémon — eles esperam aqui quando a equipe está cheia.
ui.casino.machine,Slot machine,Machine à sous,Tragaperras,Spielautomat,Slot machine,Slot machine,Caça-níquel
ui.casino.title,GAME CORNER,CASINO,CASINO,SPIELHALLE,SALA GIOCHI,CASINO,CASSINO
ui.casino.pokeBall,Poké Ball,Poké Ball,Poké Ball,Pokéball,Poké Ball,Poké Bola,Poké Bola
ui.casino.spinning,Spinning…,Ça tourne…,Girando…,Dreht …,Giro in corso…,A girar…,Girando…
ui.casino.reelsSpinning,Reels spinning,Les rouleaux tournent,Los rodillos giran,Die Walzen drehen sich,Rulli in movimento,Rolos a girar,Rolos girando
ui.casino.reels,Reels: {symbols},Rouleaux : {symbols},Rodillos: {symbols},Walzen: {symbols},Rulli: {symbols},Rolos: {symbols},Rolos: {symbols}
ui.casino.idle,₽{cost} a spin. Good luck!,₽{cost} le tour. Bonne chance !,₽{cost} por tirada. ¡Suerte!,₽{cost} pro Dreh. Viel Glück!,₽{cost} a giocata. Buona fortuna!,₽{cost} por jogada. Boa sorte!,₽{cost} por giro. Boa sorte!
ui.casino.spin,SPIN · ₽{cost},TOURNER · ₽{cost},GIRAR · ₽{cost},DREHEN · ₽{cost},GIOCA · ₽{cost},GIRAR · ₽{cost},GIRAR · ₽{cost}
ui.casino.tooPoor,Not enough Pokédollars to play.,Pas assez de Pokédollars pour jouer.,No tienes suficientes Pokédólares para jugar.,Nicht genug Pokédollar zum Spielen.,Non hai abbastanza Pokédollari per giocare.,Não tens Pokédólares suficientes para jogar.,Você não tem Pokédólares suficientes para jogar.
ui.casino.payouts,Payouts,Gains,Premios,Auszahlungen,Vincite,Prémios,Prêmios
ui.casino.balls.one,{n} Poké Ball,{n} Poké Ball,{n} Poké Ball,{n} Pokéball,{n} Poké Ball,{n} Poké Bola,{n} Poké Bola
ui.casino.balls.other,{n} Poké Balls,{n} Poké Balls,{n} Poké Balls,{n} Pokébälle,{n} Poké Ball,{n} Poké Bolas,{n} Poké Bolas
ui.casino.threePrize,3 {prize},3 {prize},3 {prize},3 {prize},3 {prize},3 {prize},3 {prize}
ui.casino.leave,LEAVE,PARTIR,SALIR,VERLASSEN,ESCI,SAIR,SAIR
ui.casino.oneBall,1 Poké Ball · +₽{gold},1 Poké Ball · +₽{gold},1 Poké Ball · +₽{gold},1 Pokéball · +₽{gold},1 Poké Ball · +₽{gold},1 Poké Bola · +₽{gold},1 Poké Bola · +₽{gold}
ui.casino.twoBalls,2 Poké Balls · +₽{gold},2 Poké Balls · +₽{gold},2 Poké Balls · +₽{gold},2 Pokébälle · +₽{gold},2 Poké Ball · +₽{gold},2 Poké Bolas · +₽{gold},2 Poké Bolas · +₽{gold}
ui.casino.threeBalls,3 Poké Balls! +₽{gold},3 Poké Balls ! +₽{gold},¡3 Poké Balls! +₽{gold},3 Pokébälle! +₽{gold},3 Poké Ball! +₽{gold},3 Poké Bolas! +₽{gold},3 Poké Bolas! +₽{gold}
ui.casino.jackpotHave,JACKPOT! You already have a strong {prize} · +₽{gold},JACKPOT ! Tu as déjà un {prize} puissant · +₽{gold},¡PREMIO GORDO! Ya tienes un {prize} fuerte · +₽{gold},JACKPOT! Du hast schon ein starkes {prize} · +₽{gold},JACKPOT! Hai già un {prize} forte · +₽{gold},JACKPOT! Já tens um {prize} forte · +₽{gold},JACKPOT! Você já tem um {prize} forte · +₽{gold}
ui.casino.jackpotGrew,JACKPOT! Your {prize} grew from Lv.{from} to Lv.{to}!,JACKPOT ! Ton {prize} est passé du N.{from} au N.{to} !,¡PREMIO GORDO! Tu {prize} ha pasado del Nv.{from} al Nv.{to}!,JACKPOT! Dein {prize} ist von Lv.{from} auf Lv.{to} gestiegen!,JACKPOT! Il tuo {prize} è passato dal Lv.{from} al Lv.{to}!,JACKPOT! O teu {prize} passou do Nv.{from} para o Nv.{to}!,JACKPOT! Seu {prize} passou do Nv.{from} para o Nv.{to}!
ui.casino.jackpotWon,JACKPOT! {prize} Lv.{level} {where}!,JACKPOT ! {prize} N.{level} {where} !,¡PREMIO GORDO! {prize} Nv.{level} {where}!,JACKPOT! {prize} Lv.{level} {where}!,JACKPOT! {prize} Lv.{level} {where}!,JACKPOT! {prize} Nv.{level} {where}!,JACKPOT! {prize} Nv.{level} {where}!
ui.casino.joinedTeam,joined your team,a rejoint ton équipe,se ha unido a tu equipo,ist deinem Team beigetreten,si è unito alla tua squadra,juntou-se à tua equipa,entrou na sua equipe
ui.casino.sentToBox,was sent to your Box,a été envoyé à ta Boîte,ha sido enviado a tu Caja,wurde in deine Box geschickt,è stato mandato nel tuo Box,foi enviado para a tua Caixa,foi enviado para a sua Caixa
ui.lead.sendOut,Send out:,Envoyer :,Enviar a:,Schick raus:,Manda in campo:,Enviar:,Enviar:
ui.lead.switch,SWITCH,CHANGER,CAMBIAR,WECHSELN,CAMBIA,TROCAR,TROCAR
ui.lead.info,INFO,INFOS,INFO,INFO,INFO,INFO,INFO
ui.lead.sendOutName,Send out {name},Envoyer {name},Enviar a {name},{name} rausschicken,Manda in campo {name},Enviar {name},Enviar {name}
ui.lead.hp,HP {hp}/{max},PV {hp}/{max},PS {hp}/{max},KP {hp}/{max},PS {hp}/{max},PS {hp}/{max},PS {hp}/{max}
ui.lead.strong,Super effective,Super efficace,Súper eficaz,Sehr effektiv,Superefficace,Superefetivo,Superefetivo
ui.lead.weak,Not very effective,Pas très efficace,No muy eficaz,Nicht sehr effektiv,Non molto efficace,Pouco efetivo,Pouco efetivo
ui.oak.prefix,PROF. OAK:,PR. CHEN :,PROF. OAK:,PROF. EICH:,PROF. OAK:,PROF. CARVALHO:,PROF. CARVALHO:
ui.oak.gotIt,GOT IT,COMPRIS,ENTENDIDO,VERSTANDEN,CAPITO,PERCEBI,ENTENDI
ui.toast.stack,Notifications,Notifications,Notificaciones,Benachrichtigungen,Notifiche,Notificações,Notificações
ui.modal.dialog,Dialog,Boîte de dialogue,Cuadro de diálogo,Dialog,Finestra di dialogo,Caixa de diálogo,Caixa de diálogo
ui.battle.heading,Battle: {mine} against {foe},Combat : {mine} contre {foe},Combate: {mine} contra {foe},Kampf: {mine} gegen {foe},Lotta: {mine} contro {foe},Batalha: {mine} contra {foe},Batalha: {mine} contra {foe}
ui.battle.aWild,a wild {name},un {name} sauvage,un {name} salvaje,ein wildes {name},un {name} selvatico,um {name} selvagem,um {name} selvagem
ui.battle.theirs,{trainer}'s {name},le {name} de {trainer},el {name} de {trainer},{trainer}s {name},{name} di {trainer},{name} de {trainer},{name} de {trainer}
ui.battle.rollingDice,Rolling the dice…,Lancer des dés…,Tirando los dados…,Würfelwurf …,Lancio dei dadi…,A lançar os dados…,Rolando os dados…
ui.battle.enemyRoll,enemy roll,lancer adverse,tirada rival,Gegnerwurf,lancio avversario,lançamento do adversário,lançamento do adversário
ui.battle.confusedRecoil,CONFUSED — {name} takes {amount} recoil after this hit!,CONFUS — {name} subit {amount} de contrecoup après ce coup !,CONFUSO: {name} sufre {amount} de retroceso tras este golpe.,VERWIRRT — {name} nimmt nach diesem Treffer {amount} Rückstoß!,CONFUSO — {name} subisce {amount} di contraccolpo dopo questo colpo!,CONFUSO — {name} sofre {amount} de recuo depois deste golpe!,CONFUSO — {name} sofre {amount} de recuo depois deste golpe!
ui.battle.comboIs,{combo} — +{bonus},{combo} — +{bonus},{combo} — +{bonus},{combo} — +{bonus},{combo} — +{bonus},{combo} — +{bonus},{combo} — +{bonus}
ui.battle.noCombo,NO COMBO,AUCUN COMBO,SIN COMBO,KEIN COMBO,NESSUNA COMBO,SEM COMBO,SEM COMBO
ui.battle.damageDetails,{amount} damage — {action} details,{amount} dégâts — {action} les détails,{amount} de daño: {action} los detalles,{amount} Schaden — Details {action},{amount} danni — dettagli {action},{amount} de dano — detalhes: {action},{amount} de dano — detalhes: {action}
ui.battle.hide,hide,masquer,ocultar,ausblenden,nascondi,ocultar,ocultar
ui.battle.show,show,afficher,mostrar,einblenden,mostra,mostrar,mostrar
ui.battle.damageTitle,Damage — click for details,Dégâts — clique pour les détails,Daño: haz clic para ver detalles,Schaden — für Details klicken,Danni — clicca per i dettagli,Dano — clica para ver os detalhes,Dano — clique para ver os detalhes
ui.battle.almostStatus,{status} needs {need} {status} faces in one roll,{status} nécessite {need} faces {status} dans un même lancer,{status} necesita {need} caras {status} en una misma tirada,{status} braucht {need} {status}-Seiten in einem Wurf,{status} richiede {need} facce {status} in un solo lancio,{status} precisa de {need} faces {status} num só lançamento,{status} precisa de {need} faces {status} em um só lançamento
ui.battle.statusTip,"A status face only works in numbers! {status} needs {need} {status} faces in the same roll. You have {have}, so {counts}. Reroll the other dice to chase the rest — the counter under the dice shows how close you are.","Une face de statut ne marche qu'en nombre ! {status} nécessite {need} faces {status} dans le même lancer. Tu en as {have}, donc {counts}. Relance les autres dés pour compléter — le compteur sous les dés montre où tu en es.","¡Una cara de estado solo funciona en grupo! {status} necesita {need} caras {status} en la misma tirada. Tienes {have}, así que {counts}. Vuelve a tirar los otros dados para completar: el contador bajo los dados indica lo cerca que estás.","Eine Status-Seite wirkt nur in der Menge! {status} braucht {need} {status}-Seiten im selben Wurf. Du hast {have}, also {counts}. Würfle die anderen Würfel neu, um den Rest zu holen — der Zähler unter den Würfeln zeigt, wie nah du bist.","Una faccia di stato funziona solo in gruppo! {status} richiede {need} facce {status} nello stesso lancio. Ne hai {have}, quindi {counts}. Rilancia gli altri dadi per cercare le altre: il contatore sotto i dadi mostra quanto sei vicino.","Uma face de estado só funciona em grupo! {status} precisa de {need} faces {status} no mesmo lançamento. Tens {have}, por isso {counts}. Relança os outros dados para procurar as restantes — o contador por baixo dos dados mostra quão perto estás.","Uma face de status só funciona em grupo! {status} precisa de {need} faces {status} no mesmo lançamento. Você tem {have}, então {counts}. Relance os outros dados para buscar o resto — o contador embaixo dos dados mostra o quanto você está perto."
ui.battle.countsOne,it just counts as {value} damage,elle ne compte que comme {value} dégâts,solo cuenta como {value} de daño,sie zählt nur als {value} Schaden,conta solo come {value} danni,conta só como {value} de dano,conta só como {value} de dano
ui.battle.countsMany,they just count as {value} damage each,elles ne comptent que comme {value} dégâts chacune,solo cuentan como {value} de daño cada una,sie zählen nur als je {value} Schaden,contano solo come {value} danni ciascuna,contam só como {value} de dano cada uma,contam só como {value} de dano cada uma
ui.battle.autoMode,AUTO-MODE,MODE AUTO,MODO AUTO,AUTO-MODUS,MODALITÀ AUTO,MODO AUTO,MODO AUTO
ui.battle.stop,STOP,STOP,PARAR,STOPP,STOP,PARAR,PARAR
ui.battle.skipTurn,SKIP TURN,PASSER LE TOUR,PASAR TURNO,RUNDE AUSSETZEN,SALTA TURNO,SALTAR TURNO,PULAR TURNO
ui.battle.reroll,REROLL ({left}),RELANCER ({left}),RETIRAR ({left}),NEU WERFEN ({left}),RILANCIA ({left}),RELANÇAR ({left}),RELANÇAR ({left})
ui.battle.selectDice,Select dice to reroll,Sélectionne les dés à relancer,Selecciona los dados a retirar,Wähle die Würfel zum Neuwerfen,Seleziona i dadi da rilanciare,Seleciona os dados a relançar,Selecione os dados para relançar
ui.battle.attack,ATTACK,ATTAQUER,ATACAR,ANGRIFF,ATTACCA,ATACAR,ATACAR
ui.battle.oneItemPerTurn,One item per turn,Un objet par tour,Un objeto por turno,Ein Item pro Runde,Uno strumento per turno,Um objeto por turno,Um item por turno
ui.battle.item,ITEM,OBJET,OBJETO,ITEM,STRUMENTI,OBJETO,ITEM
ui.battle.switch,SWITCH,CHANGER,CAMBIAR,WECHSELN,CAMBIA,TROCAR,TROCAR
ui.battle.run,RUN,FUIR,HUIR,FLIEHEN,FUGA,FUGIR,FUGIR
ui.battle.keys,Keys: 1–6 select · R reroll · Space {action},Touches : 1–6 sélection · R relance · Espace {action},Teclas: 1-6 seleccionar · R retirar · Espacio {action},Tasten: 1–6 auswählen · R neu werfen · Leertaste {action},Tasti: 1–6 selezionano · R rilancia · Spazio {action},Teclas: 1–6 selecionam · R relança · Espaço {action},Teclas: 1–6 selecionam · R relança · Espaço {action}
ui.battle.keyAttack,attack,attaque,atacar,Angriff,attacca,ataca,ataca
ui.battle.keyRoll,roll,lancer,tirar,Wurf,lancia,lança,lança
ui.battle.history,Battle history,Historique du combat,Historial del combate,Kampfverlauf,Cronologia della lotta,Histórico da batalha,Histórico da batalha
ui.battle.chooseNext,Choose your next Pokémon,Choisis ton prochain Pokémon,Elige tu siguiente Pokémon,Wähle dein nächstes Pokémon,Scegli il tuo prossimo Pokémon,Escolhe o teu próximo Pokémon,Escolha seu próximo Pokémon
ui.battle.switchCosts,Switch (costs your turn),Changer (coûte ton tour),Cambiar (cuesta tu turno),Wechseln (kostet deine Runde),Cambia (costa il turno),Trocar (custa o teu turno),Trocar (custa seu turno)
ui.battle.forfeit,FORFEIT,ABANDONNER,RENDIRSE,AUFGEBEN,ARRENDITI,DESISTIR,DESISTIR
ui.battle.forfeitTitle,Forfeit the battle?,Abandonner le combat ?,¿Rendirse en el combate?,Kampf aufgeben?,Abbandonare la lotta?,Desistir da batalha?,Desistir da batalha?
ui.battle.forfeitBody,"All your Pokémon will be K.O. and the battle ends: you lose the round, just as if your team had fainted.","Tous tes Pokémon seront K.O. et le combat prendra fin : tu perds la manche, comme si toute ton équipe était K.O.","Todos tus Pokémon quedarán debilitados y el combate terminará: pierdes la ronda, igual que si todo tu equipo se debilitara.","Alle deine Pokémon werden besiegt und der Kampf endet: Du verlierst die Runde, als wäre dein ganzes Team besiegt worden.","Tutti i tuoi Pokémon saranno K.O. e la lotta finisce: perdi il giro, proprio come se la tua squadra fosse stata sconfitta.","Todos os teus Pokémon ficam K.O. e a batalha termina: perdes a ronda, tal como se a tua equipa tivesse desmaiado.","Todos os seus Pokémon ficam K.O. e a batalha termina: você perde a rodada, como se sua equipe tivesse desmaiado."
ui.battle.useItemOn,Use {item} on…,Utiliser {item} sur…,Usar {item} en…,{item} anwenden auf …,Usa {item} su…,Usar {item} em…,Usar {item} em…
ui.battle.itemsTitle,Items (one per turn),Objets (un par tour),Objetos (uno por turno),Items (eines pro Runde),Strumenti (uno per turno),Objetos (um por turno),Itens (um por turno)
ui.log.startWild,"A wild {foe} appeared! Go, {lead}!","Un {foe} sauvage apparaît ! Vas-y, {lead} !","¡Ha aparecido un {foe} salvaje! ¡Adelante, {lead}!","Ein wildes {foe} erscheint! Los, {lead}!","È apparso un {foe} selvatico! Vai, {lead}!","Apareceu um {foe} selvagem! Vai, {lead}!","Um {foe} selvagem apareceu! Vai, {lead}!"
ui.log.startBoss,"The legendary {foe} attacks! Go, {lead}!","Le légendaire {foe} attaque ! Vas-y, {lead} !","¡El legendario {foe} ataca! ¡Adelante, {lead}!","Das legendäre {foe} greift an! Los, {lead}!","Il leggendario {foe} attacca! Vai, {lead}!","O lendário {foe} ataca! Vai, {lead}!","O lendário {foe} ataca! Vai, {lead}!"
ui.log.startTrainer,"{trainer} sent out {foe}! Go, {lead}!","{trainer} envoie {foe} ! Vas-y, {lead} !","¡{trainer} envía a {foe}! ¡Adelante, {lead}!","{trainer} schickt {foe}! Los, {lead}!","{trainer} manda in campo {foe}! Vai, {lead}!","{trainer} enviou {foe}! Vai, {lead}!","{trainer} enviou {foe}! Vai, {lead}!"
ui.log.theTrainer,The trainer,Le Dresseur,El Entrenador,Der Trainer,L'allenatore,O treinador,O treinador
ui.log.theFoe,The foe,L'adversaire,El rival,Der Gegner,L'avversario,O adversário,O adversário
ui.log.whatWillDo,What will {name} do?,Que va faire {name} ?,¿Qué hará {name}?,Was wird {name} tun?,Cosa farà {name}?,O que vai {name} fazer?,O que {name} vai fazer?
ui.log.foeRolls,{foe} rolls…,{foe} lance…,{foe} tira…,{foe} würfelt …,{foe} lancia…,{foe} lança…,{foe} lança…
ui.log.foeRerolls,{foe} rerolls {count} dice…,{foe} relance {count} dés…,{foe} retira {count} dados…,{foe} wirft {count} Würfel neu …,{foe} rilancia {count} dadi…,{foe} relança {count} dados…,{foe} relança {count} dados…
ui.log.noEffect,It doesn't affect {target}…,Ça n'affecte pas {target}…,No afecta a {target}…,Es hat keine Wirkung auf {target} …,Non ha effetto su {target}…,Não afeta {target}…,Não afeta {target}…
ui.log.dealt,{combo}{attacker} dealt {amount} damage!,{combo}{attacker} inflige {amount} dégâts !,¡{combo}{attacker} inflige {amount} de daño!,{combo}{attacker} verursacht {amount} Schaden!,{combo}{attacker} infligge {amount} danni!,{combo}{attacker} causou {amount} de dano!,{combo}{attacker} causou {amount} de dano!
ui.log.superEffective,SUPER EFFECTIVE!,SUPER EFFICACE !,¡SÚPER EFICAZ!,SEHR EFFEKTIV!,SUPEREFFICACE!,SUPEREFETIVO!,SUPEREFETIVO!
ui.log.notVeryEffective,Not very effective…,Pas très efficace…,No es muy eficaz…,Nicht sehr effektiv …,Non è molto efficace…,Não é muito efetivo…,Não é muito efetivo…
ui.log.noEffectBanner,NO EFFECT,AUCUN EFFET,SIN EFECTO,KEINE WIRKUNG,NESSUN EFFETTO,SEM EFEITO,SEM EFEITO
ui.log.burned,{name} was burned!{stacks},{name} est brûlé !{stacks},¡{name} sufre quemaduras!{stacks},{name} wurde verbrannt!{stacks},{name} è scottato!{stacks},{name} ficou queimado!{stacks},{name} ficou queimado!{stacks}
ui.log.stacks, ({n} stacks), ({n} cumuls), ({n} acumulaciones), ({n} Stapel), ({n} cariche), ({n} acumulações), ({n} acúmulos)
ui.log.poisoned,{name} was badly poisoned!,{name} est gravement empoisonné !,¡{name} ha sido gravemente envenenado!,{name} wurde schwer vergiftet!,{name} è gravemente avvelenato!,{name} ficou gravemente envenenado!,{name} ficou gravemente envenenado!
ui.log.frozen,{name} was frozen solid!,{name} est gelé !,¡{name} se ha congelado!,{name} ist eingefroren!,{name} è congelato!,{name} ficou congelado!,{name} ficou congelado!
ui.log.paralyzed,{name} is paralyzed!,{name} est paralysé !,¡{name} está paralizado!,{name} ist paralysiert!,{name} è paralizzato!,{name} está paralisado!,{name} está paralisado!
ui.log.confused,{name} became confused!,{name} est confus !,¡{name} está confuso!,{name} ist verwirrt!,{name} è confuso!,{name} ficou confuso!,{name} ficou confuso!
ui.log.healing,{name} is healing!,{name} se soigne !,¡{name} se está curando!,{name} heilt sich!,{name} si sta curando!,{name} está a curar-se!,{name} está se curando!
ui.log.hurtByStatus,{name} is hurt by {source}! −{amount},{name} souffre de {source} ! −{amount},¡{name} sufre por {source}! −{amount},{name} leidet unter {source}! −{amount},{name} subisce danni da {source}! −{amount},{name} sofre dano de {source}! −{amount},{name} sofre dano de {source}! −{amount}
ui.log.itsBurn,its burn,sa brûlure,su quemadura,seiner Verbrennung,scottatura,queimadura,queimadura
ui.log.poisonSource,poison,le poison,el veneno,Gift,veleno,veneno,veneno
ui.log.stunnedPending,"{name} is {state}! Cure it with an item, or skip the turn.","{name} est {state} ! Soigne-le avec un objet, ou passe le tour.",¡{name} está {state}! Cúralo con un objeto o pasa el turno.,{name} ist {state}! Heile es mit einem Item oder setze die Runde aus.,{name} è {state}! Curalo con uno strumento o salta il turno.,{name} está {state}! Cura-o com um objeto ou salta o turno.,{name} está {state}! Cure com um item ou pule o turno.
ui.log.frozenSolid,frozen solid,gelé,congelado,eingefroren,congelato,congelado,congelado
ui.log.paralysedWord,paralyzed,paralysé,paralizado,paralysiert,paralizzato,paralisado,paralisado
ui.log.frozenPlain,{name} is frozen solid!,{name} est gelé !,¡{name} está congelado!,{name} ist eingefroren!,{name} è congelato!,{name} está congelado!,{name} está congelado!
ui.log.paralysedCantMove,{name} is paralyzed! It can't move!,{name} est paralysé ! Il ne peut pas bouger !,¡{name} está paralizado! ¡No puede moverse!,{name} ist paralysiert! Es kann sich nicht bewegen!,{name} è paralizzato! Non riesce a muoversi!,{name} está paralisado! Não se consegue mexer!,{name} está paralisado! Não consegue se mexer!
ui.log.fainted,{name} fainted!,{name} est K.O. !,¡{name} está debilitado!,{name} wurde besiegt!,{name} è esausto!,{name} desmaiou!,{name} desmaiou!
ui.log.goName,Go! {name}!,"Vas-y, {name} !","¡Adelante, {name}!","Los, {name}!",Vai! {name}!,Vai! {name}!,Vai! {name}!
ui.log.copiedDice,{name} copied {from}'s dice!,{name} a copié les dés de {from} !,¡{name} ha copiado los dados de {from}!,{name} hat die Würfel von {from} kopiert!,{name} ha copiato i dadi di {from}!,{name} copiou os dados de {from}!,{name} copiou os dados de {from}!
ui.log.foeUsedItem,{trainer} used a {item} on {who}! +{amount} HP,{trainer} utilise {item} sur {who} ! +{amount} PV,¡{trainer} usa {item} en {who}! +{amount} PS,{trainer} setzt {item} bei {who} ein! +{amount} KP,{trainer} usa {item} su {who}! +{amount} PS,{trainer} usou {item} em {who}! +{amount} PS,{trainer} usou {item} em {who}! +{amount} PS
ui.log.usedRevive,Used a {item}! {who} is back with {amount} HP!,{item} utilisé ! {who} revient avec {amount} PV !,¡Has usado {item}! ¡{who} vuelve con {amount} PS!,{item} eingesetzt! {who} ist mit {amount} KP zurück!,Hai usato {item}! {who} torna con {amount} PS!,Usaste {item}! {who} voltou com {amount} PS!,Você usou {item}! {who} voltou com {amount} PS!
ui.log.usedCure,Used a {item}! {who} is cured.,{item} utilisé ! {who} est soigné.,¡Has usado {item}! {who} está curado.,{item} eingesetzt! {who} ist geheilt.,Hai usato {item}! {who} è guarito.,Usaste {item}! {who} está curado.,Você usou {item}! {who} está curado.
ui.log.usedEther.one,Used an {item}! {who} got {n} reroll back.,{item} utilisé ! {who} récupère {n} relance.,¡Has usado {item}! {who} recupera {n} tirada.,{item} eingesetzt! {who} bekommt {n} Neuwurf zurück.,Hai usato {item}! {who} recupera {n} rilancio.,Usaste {item}! {who} recuperou {n} relançamento.,Você usou {item}! {who} recuperou {n} relançamento.
ui.log.usedEther.other,Used an {item}! {who} got {n} rerolls back.,{item} utilisé ! {who} récupère {n} relances.,¡Has usado {item}! {who} recupera {n} tiradas.,{item} eingesetzt! {who} bekommt {n} Neuwürfe zurück.,Hai usato {item}! {who} recupera {n} rilanci.,Usaste {item}! {who} recuperou {n} relançamentos.,Você usou {item}! {who} recuperou {n} relançamentos.
ui.log.usedHeal,Used a {item} on {who}! +{amount} HP,{item} utilisé sur {who} ! +{amount} PV,¡Has usado {item} en {who}! +{amount} PS,{item} bei {who} eingesetzt! +{amount} KP,Hai usato {item} su {who}! +{amount} PS,Usaste {item} em {who}! +{amount} PS,Você usou {item} em {who}! +{amount} PS
ui.log.restored,{name} restored {amount} HP!,{name} récupère {amount} PV !,¡{name} recupera {amount} PS!,{name} stellt {amount} KP wieder her!,{name} recupera {amount} PS!,{name} recuperou {amount} PS!,{name} recuperou {amount} PS!
ui.log.recoil,{name} is hurt by the recoil of its confusion! −{amount},{name} souffre du contrecoup de sa confusion ! −{amount},¡{name} sufre el retroceso de su confusión! −{amount},{name} leidet unter dem Rückstoß seiner Verwirrung! −{amount},{name} si ferisce per la confusione! −{amount},{name} fere-se com o recuo da confusão! −{amount},{name} se feriu com o recuo da confusão! −{amount}
ui.log.endWon,{foe} was defeated!,{foe} est vaincu !,¡{foe} ha sido derrotado!,{foe} wurde besiegt!,{foe} è stato sconfitto!,{foe} foi derrotado!,{foe} foi derrotado!
ui.log.endLost,You have no more Pokémon that can fight…,Tu n'as plus de Pokémon en état de combattre…,Ya no te quedan Pokémon en condiciones de luchar…,Du hast kein kampffähiges Pokémon mehr …,Non hai più Pokémon in grado di lottare…,Já não tens Pokémon capazes de lutar…,Você não tem mais Pokémon capazes de lutar…
ui.log.endForfeit,You gave up the fight…,Tu as abandonné le combat…,Te has rendido…,Du hast den Kampf aufgegeben …,Ti sei arreso…,Desististe da batalha…,Você desistiu da batalha…
ui.log.endStalemate,Neither side can land a blow — a stalemate.,Aucun camp ne peut frapper — match nul.,Ninguno de los dos puede golpear: tablas.,Keine Seite kann treffen — ein Patt.,Nessuno dei due riesce a colpire: è uno stallo.,Nenhum dos lados consegue acertar um golpe — é um impasse.,Nenhum dos lados consegue acertar um golpe — é um impasse.
ui.log.endFled,Got away safely!,Fuite réussie !,¡Has escapado sin problemas!,Erfolgreich geflohen!,Fuga riuscita!,Fugiste em segurança!,Você fugiu em segurança!
ui.hist.typedAttack,{type} attack,Attaque {type},Ataque {type},{type}-Angriff,Attacco {type},Ataque {type},Ataque {type}
ui.hist.untypedAttack,Untyped attack,Attaque sans type,Ataque sin tipo,Angriff ohne Typ,Attacco senza tipo,Ataque sem tipo,Ataque sem tipo
ui.hist.noEffect, (no effect), (aucun effet), (sin efecto), (keine Wirkung), (nessun effetto), (sem efeito), (sem efeito)
ui.hist.nearMiss,"{have}/{need} {status} faces, no {status2} (counted as {value})","{have}/{need} faces {status}, pas de {status2} (comptées comme {value})","{have}/{need} caras {status}, sin {status2} (cuentan como {value})","{have}/{need} {status}-Seiten, kein {status2} (zählen als {value})","{have}/{need} facce {status}, niente {status2} (contate come {value})","{have}/{need} faces {status}, sem {status2} (contadas como {value})","{have}/{need} faces {status}, sem {status2} (contadas como {value})"
ui.hist.sentOut,was sent out,a été envoyé,ha salido,wurde rausgeschickt,è stato mandato in campo,foi enviado para o campo,foi enviado para o campo
ui.hist.switchedIn,was switched in,a été envoyé en relève,ha entrado al cambio,wurde eingewechselt,è entrato con un cambio,entrou por troca,entrou por troca
ui.hist.copied,copied {from}'s dice,a copié les dés de {from},ha copiado los dados de {from},hat die Würfel von {from} kopiert,ha copiato i dadi di {from},copiou os dados de {from},copiou os dados de {from}
ui.hist.attacked,attacked {target},a attaqué {target},ha atacado a {target},hat {target} angegriffen,ha attaccato {target},atacou {target},atacou {target}
ui.hist.attackedCombo,attacked {target} · {combo},a attaqué {target} · {combo},ha atacado a {target} · {combo},hat {target} angegriffen · {combo},ha attaccato {target} · {combo},atacou {target} · {combo},atacou {target} · {combo}
ui.hist.isHealing,is healing,se soigne,se está curando,heilt sich,si sta curando,está a curar-se,está se curando
ui.hist.gotStatus,got {status},a reçu {status},ha recibido {status},hat {status} bekommen,ora è {status},ficou {status},ficou {status}
ui.hist.statusFrozen,frozen,le gel,congelación,Einfrieren,congelato,congelado,congelado
ui.hist.statusConfused,confused,la confusion,confusión,Verwirrung,confuso,confuso,confuso
ui.hist.statusParalyzed,paralyzed,la paralysie,parálisis,Paralyse,paralizzato,paralisado,paralisado
ui.hist.statusBurned,burned{stacks},une brûlure{stacks},quemaduras{stacks},eine Verbrennung{stacks},scottato{stacks},queimado{stacks},queimado{stacks}
ui.hist.statusPoisoned,poisoned,un empoisonnement,envenenamiento,eine Vergiftung,avvelenato,envenenado,envenenado
ui.hist.hurtBy,was hurt by its {source},a souffert de {source},ha sufrido por {source},hat unter {source} gelitten,ha subito danni da {source},sofreu dano de {source},sofreu dano de {source}
ui.hist.burnSource,burn,sa brûlure,su quemadura,seiner Verbrennung,scottatura,queimadura,queimadura
ui.hist.poisonSource,poison,son empoisonnement,su envenenamiento,seiner Vergiftung,veleno,veneno,veneno
ui.hist.skippedTurn,is {state} and skipped its turn,est {state} et a passé son tour,está {state} y ha pasado su turno,ist {state} und hat die Runde ausgesetzt,è {state} e ha saltato il turno,está {state} e saltou o turno,está {state} e perdeu o turno
ui.hist.fainted,fainted,est K.O.,se ha debilitado,wurde besiegt,è esausto,desmaiou,desmaiou
ui.hist.gotItem,got a {item}{extras},a reçu {item}{extras},ha recibido {item}{extras},hat {item} bekommen{extras},ha ricevuto {item}{extras},recebeu {item}{extras},recebeu {item}{extras}
ui.hist.revived,revived,ranimé,revivido,wiederbelebt,rianimato,reanimado,reanimado
ui.hist.plusHp,+{amount} HP,+{amount} PV,+{amount} PS,+{amount} KP,+{amount} PS,+{amount} PS,+{amount} PS
ui.hist.cured,cured {statuses},soigne {statuses},cura {statuses},heilt {statuses},curato da {statuses},curado de {statuses},curado de {statuses}
ui.hist.plusRerolls.one,+{n} reroll,+{n} relance,+{n} tirada,+{n} Neuwurf,+{n} rilancio,+{n} relançamento,+{n} relançamento
ui.hist.plusRerolls.other,+{n} rerolls,+{n} relances,+{n} tiradas,+{n} Neuwürfe,+{n} rilanci,+{n} relançamentos,+{n} relançamentos
ui.hist.healed,healed,s'est soigné,se ha curado,hat sich geheilt,curato,curado,curado
ui.hist.tookRecoil,took confusion recoil,a subi le contrecoup de sa confusion,ha sufrido el retroceso de la confusión,hat Verwirrungs-Rückstoß genommen,ha subito il contraccolpo della confusione,sofreu o recuo da confusão,sofreu o recuo da confusão
ui.hist.foe,Foe {name},{name} adverse,{name} rival,Gegnerisches {name},{name} avversario,{name} adversário,{name} adversário
ui.hist.empty,Nothing has happened yet.,Il ne s'est encore rien passé.,Aún no ha pasado nada.,Bisher ist nichts passiert.,Non è ancora successo niente.,Ainda não aconteceu nada.,Ainda não aconteceu nada.
ui.hist.label,"Battle history, newest first","Historique du combat, du plus récent au plus ancien","Historial del combate, lo más reciente primero","Kampfverlauf, neueste zuerst","Cronologia della lotta, dal più recente","Histórico da batalha, do mais recente para o mais antigo","Histórico da batalha, do mais recente para o mais antigo"
ui.catch.tip,"Balls only help the catch die! A tired, weak Pokémon can often be caught with no ball at all. Save them for the tough ones.",Les Balls ne font qu'aider le dé de capture ! Un Pokémon faible et épuisé se capture souvent sans aucune Ball. Garde-les pour les coriaces.,¡Las Balls solo ayudan al dado de captura! Un Pokémon débil y agotado suele capturarse sin ninguna Ball. Guárdalas para los duros.,"Bälle helfen nur dem Fangwürfel! Ein müdes, schwaches Pokémon lässt sich oft ganz ohne Ball fangen. Spare sie für die harten Brocken.",Le Ball aiutano solo il dado di cattura! Un Pokémon stanco e debole si cattura spesso anche senza Ball. Tienile per quelli difficili.,As bolas só ajudam o dado de captura! Um Pokémon cansado e fraco pode muitas vezes ser capturado sem bola nenhuma. Guarda-as para os difíceis.,As bolas só ajudam o dado de captura! Um Pokémon cansado e fraco muitas vezes pode ser capturado sem bola nenhuma. Guarde-as para os difíceis.
ui.catch.gotcha,Gotcha!,Et hop !,¡Te pillé!,Gefangen!,Preso!,Apanhado!,Peguei!
ui.catch.fledTitle,{name} fled!,{name} s'est enfui !,¡{name} ha huido!,{name} ist geflohen!,{name} è fuggito!,{name} fugiu!,{name} fugiu!
ui.catch.wornOut,{who} {name} is worn out!,{who} {name} est épuisé !,¡{who} {name} está agotado!,{who} {name} ist erschöpft!,{who} {name} è sfinito!,{who} {name} está exausto!,{who} {name} está exausto!
ui.catch.theLegendary,The legendary,Le légendaire,El legendario,Das legendäre,Il leggendario,O lendário,O lendário
ui.catch.theWild,The wild,Le,El salvaje,Das wilde,Il,O,O
ui.catch.replaces,Replaces your Lv.{level} {name}.,Remplace ton {name} N.{level}.,Reemplaza a tu {name} Nv.{level}.,Ersetzt dein {name} Lv.{level}.,Sostituisce il tuo {name} Lv.{level}.,Substitui o teu {name} Nv.{level}.,Substitui o seu {name} Nv.{level}.
ui.catch.noBallNeeded,It's exhausted: no ball needed!,Il est épuisé : aucune Ball nécessaire !,Está agotado: ¡no hace falta ninguna Ball!,Es ist erschöpft: kein Ball nötig!,È sfinito: non serve una Ball!,Está exausto: não precisa de bola!,Está exausto: não precisa de bola!
ui.catch.catch,CATCH,CAPTURER,CAPTURAR,FANGEN,CATTURA,CAPTURAR,CAPTURAR
ui.catch.chance,Catch chance,Chance de capture,Probabilidad de captura,Fangchance,Probabilità di cattura,Probabilidade de captura,Chance de captura
ui.catch.ballLegend,Ball,Ball,Ball,Ball,Ball,Bola,Bola
ui.catch.noBall,No ball,Sans Ball,Sin Ball,Kein Ball,Nessuna Ball,Sem bola,Sem bola
ui.catch.ballLabel,{label}{left}: {pct}% chance{useless},{label}{left} : {pct} % de chance{useless},{label}{left}: {pct} % de probabilidad{useless},{label}{left}: {pct} % Chance{useless},{label}{left}: {pct}% di probabilità{useless},{label}{left}: {pct}% de probabilidade{useless},{label}{left}: {pct}% de chance{useless}
ui.catch.ballLeft,", {n} left",", {n} restantes",", quedan {n}",", noch {n}",", ne restano {n}",", restam {n}",", restam {n}"
ui.catch.notNeededSuffix,", not needed",", inutile",", innecesaria",", nicht nötig",", non serve",", não é precisa",", não precisa"
ui.catch.notNeeded,not needed,inutile,innecesaria,nicht nötig,non serve,não é precisa,não precisa
ui.catch.notNeededTitle,"{label}: not needed, a weaker option is already certain","{label} : inutile, une option plus faible est déjà sûre","{label}: innecesaria, una opción más débil ya es segura","{label}: nicht nötig, eine schwächere Option ist bereits sicher","{label}: non serve, un'opzione più debole è già sicura","{label}: não é precisa, uma opção mais fraca já é garantida","{label}: não precisa, uma opção mais fraca já é garantida"
ui.catch.roll,ROLL TO CATCH,LANCER POUR CAPTURER,TIRAR PARA CAPTURAR,WÜRFELN ZUM FANGEN,LANCIA PER CATTURARE,LANÇAR PARA CAPTURAR,LANÇAR PARA CAPTURAR
ui.catch.die,Catch die: {value},Dé de capture : {value},Dado de captura: {value},Fangwürfel: {value},Dado di cattura: {value},Dado de captura: {value},Dado de captura: {value}
ui.catch.caught,{name} was caught!,{name} est capturé !,¡{name} ha sido capturado!,{name} wurde gefangen!,{name} è stato catturato!,{name} foi capturado!,{name} foi capturado!
ui.catch.missed,MISSED! You needed at least {need}.,RATÉ ! Il te fallait au moins {need}.,¡FALLASTE! Necesitabas al menos {need}.,DANEBEN! Du brauchtest mindestens {need}.,MANCATO! Serviva almeno {need}.,FALHOU! Precisavas de pelo menos {need}.,ERROU! Você precisava de pelo menos {need}.
ui.catch.throwing,Throwing the {ball}…,Lancer de {ball}…,Lanzando {ball}…,{ball} wird geworfen …,Lancio della {ball}…,A lançar a {ball}…,Lançando a {ball}…
ui.catch.aBall,ball,Ball,Ball,Ball,Ball,bola,bola
ui.catch.rolling,The die is rolling…,Le dé roule…,El dado está rodando…,Der Würfel rollt …,Il dado sta rotolando…,O dado está a rolar…,O dado está rolando…
ui.victory.gotcha,Gotcha!,Et hop !,¡Te pillé!,Gefangen!,Preso!,Apanhado!,Peguei!
ui.victory.wasCaught,{shiny}{name} (Lv.{level}) was caught!,{shiny}{name} (N.{level}) a été capturé !,¡{shiny}{name} (Nv.{level}) ha sido capturado!,{shiny}{name} (Lv.{level}) wurde gefangen!,Hai catturato {name} {shiny}(Lv.{level})!,{name} {shiny}(Nv.{level}) foi capturado!,{name} {shiny}(Nv.{level}) foi capturado!
ui.victory.shinyPrefix,Shiny ,Chromatique ,Variocolor ,Schillerndes ,cromatico ,brilhante ,brilhante 
ui.victory.replacesYours,It replaces your Lv.{level} {name}.,Il remplace ton {name} N.{level}.,Reemplaza a tu {name} Nv.{level}.,Es ersetzt dein {name} Lv.{level}.,Sostituisce il tuo {name} Lv.{level}.,Substitui o teu {name} Nv.{level}.,Substitui o seu {name} Nv.{level}.
ui.victory.joinedTeam,{name} joined your team.,{name} a rejoint ton équipe.,{name} se ha unido a tu equipo.,{name} ist deinem Team beigetreten.,{name} si è unito alla tua squadra.,{name} juntou-se à tua equipa.,{name} entrou na sua equipe.
ui.victory.teamFull,Your team is full…,Ton équipe est pleine…,Tu equipo está lleno…,Dein Team ist voll …,La tua squadra è piena…,A tua equipa está cheia…,Sua equipe está cheia…
ui.victory.addToTeam,Add {name} to your team?,Ajouter {name} à ton équipe ?,¿Añadir a {name} a tu equipo?,{name} ins Team aufnehmen?,Aggiungere {name} alla squadra?,Adicionar {name} à tua equipa?,Adicionar {name} à sua equipe?
ui.victory.swapOutFor,Swap out {name} Lv.{level} for {newName},Remplacer {name} N.{level} par {newName},Cambiar a {name} Nv.{level} por {newName},{name} Lv.{level} gegen {newName} tauschen,Sostituisci {name} Lv.{level} con {newName},Trocar {name} Nv.{level} por {newName},Trocar {name} Nv.{level} por {newName}
ui.victory.swapOut,Swap out,Remplacer,Cambiar,Tauschen,Sostituisci,Trocar,Trocar
ui.victory.fled,{name} fled…,{name} s'est enfui…,{name} ha huido…,{name} ist geflohen …,{name} è fuggito…,{name} fugiu…,{name} fugiu…
ui.victory.bossDefeated,The legendary {name} was defeated!,Le légendaire {name} est vaincu !,¡El legendario {name} ha sido derrotado!,Das legendäre {name} wurde besiegt!,Il leggendario {name} è stato sconfitto!,O lendário {name} foi derrotado!,O lendário {name} foi derrotado!
ui.victory.champion,YOU ARE THE CHAMPION!,TU ES LE MAÎTRE !,¡ERES EL CAMPEÓN!,DU BIST DER CHAMP!,SEI IL CAMPIONE!,ÉS O CAMPEÃO!,VOCÊ É O CAMPEÃO!
ui.victory.trainerDefeated,{name} defeated!,{name} est vaincu !,¡{name} derrotado!,{name} besiegt!,{name} sconfitto!,{name} derrotado!,{name} derrotado!
ui.victory.earnedBadge,You earned the {badge}!,Tu as gagné le {badge} !,¡Has ganado la {badge}!,Du hast den {badge} gewonnen!,Hai ottenuto la {badge}!,Ganhaste a {badge}!,Você ganhou a {badge}!
ui.victory.secretArea,A secret area has appeared!,Une zone secrète est apparue !,¡Ha aparecido una zona secreta!,Ein geheimes Gebiet ist erschienen!,È apparsa un'area segreta!,Apareceu uma área secreta!,Uma área secreta apareceu!
ui.victory.secretOnMap,{name} is now on the Map.,{name} est maintenant sur la Carte.,{name} ya está en el Mapa.,{name} ist jetzt auf der Karte.,{name} è ora sulla Mappa.,{name} está agora no Mapa.,{name} agora está no Mapa.
ui.victory.areaCleared,AREA CLEARED!,ZONE TERMINÉE !,¡ZONA COMPLETADA!,GEBIET ABGESCHLOSSEN!,AREA COMPLETATA!,ÁREA CONCLUÍDA!,ÁREA CONCLUÍDA!
ui.victory.nextOpen,{name} is now open on the Map.,{name} est maintenant ouverte sur la Carte.,{name} ya está disponible en el Mapa.,{name} ist jetzt auf der Karte offen.,{name} è ora aperta sulla Mappa.,{name} está agora aberta no Mapa.,{name} agora está aberta no Mapa.
ui.victory.allCleared,Every area is cleared!,Toutes les zones sont terminées !,¡Todas las zonas están completadas!,Alle Gebiete sind abgeschlossen!,Tutte le aree sono completate!,Todas as áreas estão concluídas!,Todas as áreas estão concluídas!
ui.victory.dieChip,{type} die,Dé {type},Dado {type},{type}-Würfel,Dado {type},Dado {type},Dado {type}
ui.victory.levelUp,Level up: level {level},Niveau gagné : niveau {level},Sube de nivel: nivel {level},Levelaufstieg: Level {level},Livello superiore: livello {level},Subiu de nível: nível {level},Subiu de nível: nível {level}
ui.victory.evolvingInto,Evolving into {name}…,Évolution en {name}…,Evolucionando a {name}…,Entwickelt sich zu {name} …,Si evolve in {name}…,A evoluir para {name}…,Evoluindo para {name}…
ui.victory.xpGain,+{amount} XP,+{amount} XP,+{amount} EXP,+{amount} EP,+{amount} Esp.,+{amount} XP,+{amount} XP
ui.victory.multi, Multi, Multi, Multi, Multi, Condiviso, Partilhada, Compartilhada
ui.victory.skip,SKIP ▸▸,PASSER ▸▸,OMITIR ▸▸,ÜBERSPRINGEN ▸▸,SALTA ▸▸,SALTAR ▸▸,PULAR ▸▸
ui.victory.nextBattle,NEXT BATTLE,COMBAT SUIVANT,SIGUIENTE COMBATE,NÄCHSTER KAMPF,PROSSIMA LOTTA,PRÓXIMA BATALHA,PRÓXIMA BATALHA
ui.victory.goToArea,Go to {name},Aller à {name},Ir a {name},Zu {name} gehen,Vai a {name},Ir para {name},Ir para {name}
ui.victory.goToNewArea,GO TO NEW AREA,ALLER À LA NOUVELLE ZONE,IR A LA NUEVA ZONA,ZUM NEUEN GEBIET,VAI ALLA NUOVA AREA,IR PARA A NOVA ÁREA,IR PARA A NOVA ÁREA
ui.victory.legendaryVictory,LEGENDARY VICTORY!,VICTOIRE LÉGENDAIRE !,¡VICTORIA LEGENDARIA!,LEGENDÄRER SIEG!,VITTORIA LEGGENDARIA!,VITÓRIA LENDÁRIA!,VITÓRIA LENDÁRIA!
ui.victory.victory,VICTORY!,VICTOIRE !,¡VICTORIA!,SIEG!,VITTORIA!,VITÓRIA!,VITÓRIA!
ui.victory.foeDefeated,{name} Lv.{level} defeated,{name} N.{level} vaincu,{name} Nv.{level} derrotado,{name} Lv.{level} besiegt,{name} Lv.{level} sconfitto,{name} Nv.{level} derrotado,{name} Nv.{level} derrotado
ui.victory.aboutToSend,{trainer} is about to send out {name} (Lv.{level}). Switch freely:,{trainer} s'apprête à envoyer {name} (N.{level}). Change librement :,{trainer} va a enviar a {name} (Nv.{level}). Cambia libremente:,{trainer} schickt gleich {name} (Lv.{level}). Wechsle frei:,{trainer} sta per mandare in campo {name} (Lv.{level}). Cambia liberamente:,{trainer} está prestes a enviar {name} (Nv.{level}). Troca à vontade:,{trainer} está prestes a enviar {name} (Nv.{level}). Troque à vontade:
ui.wipe.tryAgain,TRY AGAIN,RÉESSAYER,REINTENTAR,NOCHMAL VERSUCHEN,RIPROVA,TENTAR DE NOVO,TENTAR DE NOVO
ui.wipe.title,Your team fainted…,Ton équipe est K.O.…,Tu equipo está debilitado…,Dein Team wurde besiegt …,La tua squadra è esausta…,A tua equipa desmaiou…,Sua equipe desmaiou…
ui.wipe.body,"You hurried back to the start of {area}. Your Pokémon have been fully healed, and you keep your Pokédollars, items and your Pokémon's levels. The round is lost{kept}. A new round starts with a freshly shuffled deck.","Tu es revenu en hâte au début de {area}. Tes Pokémon sont soignés à fond, et tu gardes tes Pokédollars, tes objets et les niveaux de tes Pokémon. La manche est perdue{kept}. Une nouvelle manche commence avec un paquet fraîchement mélangé.","Has vuelto corriendo al inicio de {area}. Tus Pokémon están totalmente curados y conservas tus Pokédólares, tus objetos y los niveles de tus Pokémon. La ronda está perdida{kept}. Una ronda nueva empieza con la baraja recién barajada.","Du bist eilig zum Anfang von {area} zurückgekehrt. Deine Pokémon sind voll geheilt, und du behältst deine Pokédollar, Items und die Level deiner Pokémon. Die Runde ist verloren{kept}. Eine neue Runde beginnt mit einem frisch gemischten Deck.","Sei tornato di corsa all'inizio di {area}. I tuoi Pokémon sono stati curati del tutto, e tieni Pokédollari, strumenti e livelli dei Pokémon. Il giro è perso{kept}. Un nuovo giro inizia con un mazzo appena mischiato.","Voltaste a correr ao início de {area}. Os teus Pokémon foram totalmente curados, e manténs os Pokédólares, os objetos e os níveis dos teus Pokémon. A ronda está perdida{kept}. Uma nova ronda começa com um baralho acabado de baralhar.","Você voltou correndo ao início de {area}. Seus Pokémon foram totalmente curados, e você mantém os Pokédólares, os itens e os níveis dos seus Pokémon. A rodada está perdida{kept}. Uma nova rodada começa com um baralho recém-embaralhado."
ui.wipe.keptRounds,", but the rounds you had already finished stay done",", mais les manches déjà terminées restent acquises",", pero las rondas que ya habías completado siguen completadas",", aber die bereits abgeschlossenen Runden bleiben geschafft",", ma i giri già completati restano tali",", mas as rondas que já tinhas concluído continuam feitas",", mas as rodadas que você já tinha concluído continuam feitas"
ui.stalemate.title,Stalemate,Match nul,Tablas,Patt,Stallo,Impasse,Impasse
ui.stalemate.body,"Neither side can land a single blow on the other, so the fight is called off. No rewards — but no harm done beyond the damage already taken.","Aucun camp ne peut toucher l'autre, alors le combat est interrompu. Aucune récompense — mais aucun mal non plus, au-delà des dégâts déjà subis.","Ninguno de los dos puede asestar un solo golpe, así que el combate se suspende. Sin recompensas, pero sin más daño que el ya recibido.","Keine Seite kann die andere auch nur treffen, also wird der Kampf abgebrochen. Keine Belohnungen — aber auch kein Schaden über den bereits erlittenen hinaus.","Nessuno dei due riesce a infliggere un solo colpo all'altro, quindi la lotta viene annullata. Nessuna ricompensa, ma nessun danno oltre a quello già subito.","Nenhum dos lados consegue acertar um único golpe no outro, por isso a batalha é cancelada. Sem recompensas — mas sem outros danos além dos já sofridos.","Nenhum dos lados consegue acertar um único golpe no outro, então a batalha é cancelada. Sem recompensas — mas sem outros danos além dos já sofridos."
ui.dayCare.title,Pokémon Day Care,Pension Pokémon,Guardería Pokémon,Pokémon-Pension,Pensione Pokémon,Creche Pokémon,Creche Pokémon
ui.dayCare.minutes,{n} min,{n} min,{n} min,{n} Min.,{n} min,{n} min,{n} min
ui.dayCare.hours,{h} h {m},{h} h {m},{h} h {m},{h} Std. {m},{h} h {m},{h} h {m},{h} h {m}
ui.dayCare.xp,Day Care XP,XP de Pension,EXP de Guardería,Pensions-EP,Esp. della Pensione,XP da Creche,XP da Creche
ui.dayCare.xpOf,{xp} of {max} XP,{xp} XP sur {max},{xp} de {max} EXP,{xp} von {max} EP,{xp} di {max} Esp.,{xp} de {max} XP,{xp} de {max} XP
ui.dayCare.full,Full: it has learned all it can here. Pick it up!,Au maximum : il a tout appris ici. Récupère-le !,Al máximo: ha aprendido todo lo que podía aquí. ¡Recógelo!,"Voll: Es hat hier alles gelernt, was geht. Hol es ab!",Pieno: qui ha imparato tutto ciò che poteva. Vai a riprenderlo!,Cheio: aprendeu aqui tudo o que podia. Vai buscá-lo!,Cheio: aprendeu aqui tudo o que podia. Vá buscá-lo!
ui.dayCare.nextTick,+{xp} XP in {time},+{xp} XP dans {time},+{xp} EXP en {time},+{xp} EP in {time},+{xp} Esp. tra {time},+{xp} XP daqui a {time},+{xp} XP em {time}
ui.dayCare.takeBack,TAKE BACK,RÉCUPÉRER,RECOGER,ZURÜCKHOLEN,RIPRENDI,LEVANTAR,BUSCAR
ui.dayCare.leaveWhich,Leave which Pokémon?,Quel Pokémon laisser ?,¿Qué Pokémon dejas?,Welches Pokémon lässt du da?,Quale Pokémon vuoi lasciare?,Que Pokémon queres deixar?,Qual Pokémon você quer deixar?
ui.dayCare.depositHint,"It leaves your team and Box while it trains: +{xp} XP every {minutes} min, up to {max} XP.","Il quitte ton équipe et ta Boîte pendant son entraînement : +{xp} XP toutes les {minutes} min, jusqu'à {max} XP.","Sale de tu equipo y de tu Caja mientras entrena: +{xp} EXP cada {minutes} min, hasta {max} EXP.","Es verlässt Team und Box, während es trainiert: +{xp} EP alle {minutes} Min., bis zu {max} EP.","Lascia la squadra e il Box mentre si allena: +{xp} Esp. ogni {minutes} min, fino a {max} Esp.","Sai da tua equipa e da Caixa enquanto treina: +{xp} XP a cada {minutes} min, até {max} XP.","Sai da sua equipe e da Caixa enquanto treina: +{xp} XP a cada {minutes} min, até {max} XP."
ui.dayCare.teamTag,TEAM,ÉQUIPE,EQUIPO,TEAM,SQUADRA,EQUIPA,EQUIPE
ui.dayCare.lastMember,your last team member,ton dernier membre d'équipe,tu último miembro del equipo,dein letztes Teammitglied,l'ultimo membro della squadra,o último membro da tua equipa,o último membro da sua equipe
ui.dayCare.eggHatching,Egg hatching,Éclosion de l'Œuf,Eclosión del Huevo,Ei schlüpft,Uovo che si schiude,Ovo a eclodir,Ovo eclodindo
ui.dayCare.hatched,{name} hatched from the Egg!,{name} est sorti de l'Œuf !,¡{name} ha salido del Huevo!,{name} ist aus dem Ei geschlüpft!,{name} è uscito dall'Uovo!,{name} saiu do Ovo!,{name} saiu do Ovo!
ui.dayCare.eggMoving,Oh? The Egg is moving!,Oh ? L'Œuf bouge !,¿Eh? ¡El Huevo se mueve!,Oh? Das Ei bewegt sich!,Oh? L'Uovo si muove!,Oh? O Ovo está a mexer-se!,Oh? O Ovo está se mexendo!
ui.dayCare.newTag,NEW,NOUVEAU,NUEVO,NEU,NUOVO,NOVO,NOVO
ui.dayCare.keptStronger,You already have a stronger {name}: the Day Care couple will look after this one.,Tu as déjà un {name} plus fort : le couple de la Pension s'occupera de celui-ci.,Ya tienes un {name} más fuerte: la pareja de la Guardería se ocupará de este.,Du hast schon ein stärkeres {name}: Das Pensionspaar kümmert sich um dieses.,Hai già un {name} più forte: se ne occuperanno i coniugi della Pensione.,Já tens um {name} mais forte: o casal da Creche vai tomar conta deste.,Você já tem um {name} mais forte: o casal da Creche vai cuidar deste.
ui.dayCare.replacedYours,It replaced your Lv.{level} {name}. ,Il a remplacé ton {name} N.{level}. ,Ha reemplazado a tu {name} Nv.{level}. ,Es hat dein {name} Lv.{level} ersetzt. ,Ha sostituito il tuo {name} Lv.{level}. ,Substituiu o teu {name} Nv.{level}. ,Substituiu o seu {name} Nv.{level}. 
ui.dayCare.joinedTeam,It joined your team.,Il a rejoint ton équipe.,Se ha unido a tu equipo.,Es ist deinem Team beigetreten.,Si è unito alla tua squadra.,Juntou-se à tua equipa.,Entrou na sua equipe.
ui.dayCare.wentToBox,Your team is full: it went to the Box.,Ton équipe est pleine : il est allé à la Boîte.,Tu equipo está lleno: ha ido a la Caja.,Dein Team ist voll: Es ging in die Box.,La squadra è piena: è andato nel Box.,A tua equipa está cheia: foi para a Caixa.,Sua equipe está cheia: foi para a Caixa.
ui.dayCare.eggs,Eggs,Œufs,Huevos,Eier,Uova,Ovos,Ovos
ui.dayCare.eggForYou,An Egg for you!,Un Œuf pour toi !,¡Un Huevo para ti!,Ein Ei für dich!,Un Uovo per te!,Um Ovo para ti!,Um Ovo para você!
ui.dayCare.freeEgg,The Day Care couple found an Egg. They'd like you to have it — it's about to hatch!,Le couple de la Pension a trouvé un Œuf. Ils aimeraient te l'offrir — il est sur le point d'éclore !,La pareja de la Guardería ha encontrado un Huevo. Quieren dártelo: ¡está a punto de eclosionar!,"Das Pensionspaar hat ein Ei gefunden. Sie möchten, dass du es bekommst — es schlüpft gleich!",I coniugi della Pensione hanno trovato un Uovo. Vogliono che lo tenga tu: sta per schiudersi!,O casal da Creche encontrou um Ovo. Querem que fiques com ele — está quase a eclodir!,O casal da Creche encontrou um Ovo. Eles querem que você fique com ele — está prestes a eclodir!
ui.dayCare.buyEgg,"An Egg hatches straight away into a young Pokémon, often one you don't have yet. ₽{price} each.","Un Œuf éclôt aussitôt en un jeune Pokémon, souvent un que tu n'as pas encore. ₽{price} pièce.","Un Huevo eclosiona al instante en un Pokémon joven, a menudo uno que no tienes. ₽{price} cada uno.","Ein Ei schlüpft sofort zu einem jungen Pokémon, oft einem, das du noch nicht hast. ₽{price} pro Stück.","Un Uovo si schiude subito in un giovane Pokémon, spesso uno che non hai ancora. ₽{price} l'uno.","Um Ovo eclode logo num Pokémon jovem, muitas vezes um que ainda não tens. ₽{price} cada.","Um Ovo eclode na hora em um Pokémon jovem, muitas vezes um que você ainda não tem. ₽{price} cada."
ui.dayCare.takeEgg,TAKE THE EGG,PRENDRE L'ŒUF,COGER EL HUEVO,DAS EI NEHMEN,PRENDI L'UOVO,FICAR COM O OVO,FICAR COM O OVO
ui.dayCare.buy,BUY · ₽{price},ACHETER · ₽{price},COMPRAR · ₽{price},KAUFEN · ₽{price},COMPRA · ₽{price},COMPRAR · ₽{price},COMPRAR · ₽{price}
ui.dayCare.map,◀ MAP,◀ CARTE,◀ MAPA,◀ KARTE,◀ MAPPA,◀ MAPA,◀ MAPA
ui.dayCare.intro,"Leave up to {slots} Pokémon here: they gain {xp} XP every {minutes} minutes, even while you're away, up to {max} XP a stay. They level up here but only evolve once back in battle.","Laisse jusqu'à {slots} Pokémon ici : ils gagnent {xp} XP toutes les {minutes} minutes, même hors du jeu, jusqu'à {max} XP par séjour. Ils montent de niveau ici mais n'évoluent qu'une fois de retour au combat.","Deja aquí hasta {slots} Pokémon: ganan {xp} EXP cada {minutes} minutos, incluso mientras no juegas, hasta {max} EXP por estancia. Suben de nivel aquí, pero solo evolucionan de vuelta en combate.","Lass bis zu {slots} Pokémon hier: Sie erhalten alle {minutes} Minuten {xp} EP, auch während du weg bist, bis zu {max} EP pro Aufenthalt. Sie steigen hier im Level, entwickeln sich aber erst zurück im Kampf.","Lascia qui fino a {slots} Pokémon: guadagnano {xp} Esp. ogni {minutes} minuti, anche quando non ci sei, fino a {max} Esp. per soggiorno. Qui salgono di livello, ma si evolvono solo una volta tornati in lotta.","Deixa aqui até {slots} Pokémon: ganham {xp} XP a cada {minutes} minutos, mesmo quando não estás, até {max} XP por estadia. Sobem de nível aqui, mas só evoluem quando voltarem a lutar.","Deixe aqui até {slots} Pokémon: eles ganham {xp} XP a cada {minutes} minutos, mesmo quando você não está, até {max} XP por estadia. Sobem de nível aqui, mas só evoluem quando voltarem a lutar."
ui.dayCare.staying,Pokémon staying,Pokémon en pension,Pokémon alojados,Untergebrachte Pokémon,Pokémon ospiti,Pokémon hospedados,Pokémon hospedados
ui.dayCare.stayingCount,Staying ({count}/{slots}),En pension ({count}/{slots}),Alojados ({count}/{slots}),Untergebracht ({count}/{slots}),Ospiti ({count}/{slots}),Hospedados ({count}/{slots}),Hospedados ({count}/{slots})
ui.dayCare.leaveOne,Leave a Pokémon,Laisser un Pokémon,Dejar un Pokémon,Ein Pokémon dalassen,Lascia un Pokémon,Deixar um Pokémon,Deixar um Pokémon
ui.dayCare.isBack,{name} is back!,{name} est de retour !,¡{name} ha vuelto!,{name} ist zurück!,{name} è tornato!,{name} voltou!,{name} voltou!
ui.dayCare.grewLevels.one,"It gained {xp} XP and grew {levels} level, to Lv.{level}.","Il a gagné {xp} XP et {levels} niveau, jusqu'au N.{level}.","Ha ganado {xp} EXP y {levels} nivel, hasta el Nv.{level}.","Es hat {xp} EP und {levels} Level gewonnen, auf Lv.{level}.","Ha guadagnato {xp} Esp. ed è salito di {levels} livello, al Lv.{level}.","Ganhou {xp} XP e subiu {levels} nível, para o Nv.{level}.","Ganhou {xp} XP e subiu {levels} nível, para o Nv.{level}."
ui.dayCare.grewLevels.other,"It gained {xp} XP and grew {levels} levels, to Lv.{level}.","Il a gagné {xp} XP et {levels} niveaux, jusqu'au N.{level}.","Ha ganado {xp} EXP y {levels} niveles, hasta el Nv.{level}.","Es hat {xp} EP und {levels} Level gewonnen, auf Lv.{level}.","Ha guadagnato {xp} Esp. ed è salito di {levels} livelli, al Lv.{level}.","Ganhou {xp} XP e subiu {levels} níveis, para o Nv.{level}.","Ganhou {xp} XP e subiu {levels} níveis, para o Nv.{level}."
ui.dayCare.gainedXp,It gained {xp} XP.,Il a gagné {xp} XP.,Ha ganado {xp} EXP.,Es hat {xp} EP gewonnen.,Ha guadagnato {xp} Esp.,Ganhou {xp} XP.,Ganhou {xp} XP.
ui.dayCare.rejoined,It rejoined your team.,Il a retrouvé ton équipe.,Ha vuelto a tu equipo.,Es ist wieder in dein Team gekommen.,È tornato nella tua squadra.,Voltou para a tua equipa.,Voltou para a sua equipe.
ui.help.title,How to play,Comment jouer,Cómo jugar,Spielanleitung,Come si gioca,Como jogar,Como jogar
ui.help.back,Back,Retour,Atrás,Zurück,Indietro,Voltar,Voltar
ui.help.titleScreen,Title screen,Écran-titre,Pantalla de título,Titelbildschirm,Schermata del titolo,Ecrã inicial,Tela inicial
ui.help.sections,Help sections,Sections de l'aide,Secciones de la ayuda,Hilfe-Abschnitte,Sezioni dell'aiuto,Secções da ajuda,Seções da ajuda
ui.help.statusCol,Status,Statut,Estado,Status,Stato,Estado,Status
ui.help.triggersCol,Triggers on,Se déclenche sur,Se activa con,Ausgelöst durch,Si attiva con,Ativa-se com,Ativa com
ui.help.effectCol,Effect,Effet,Efecto,Wirkung,Effetto,Efeito,Efeito
ui.help.inOneRoll,{when} in one roll,{when} en un lancer,{when} en una tirada,{when} in einem Wurf,{when} in un lancio,{when} num lançamento,{when} em um lançamento
ui.help.statusNote,Below its trigger count a status face still counts as a number (shown in its corner) for damage and combos. All statuses clear when a battle ends.,"En dessous de son seuil, une face de statut compte quand même comme un nombre (affiché dans son coin) pour les dégâts et les combos. Tous les statuts disparaissent à la fin du combat.","Por debajo de su umbral, una cara de estado sigue contando como número (indicado en su esquina) para el daño y los combos. Todos los estados desaparecen al acabar el combate.",Unterhalb ihrer Schwelle zählt eine Status-Seite trotzdem als Zahl (in ihrer Ecke angezeigt) für Schaden und Combos. Alle Statusprobleme enden mit dem Kampf.,"Sotto la soglia di attivazione, una faccia di stato conta comunque come numero (indicato nell'angolo) per i danni e le combo. Tutti gli stati spariscono a fine lotta.","Abaixo do número necessário, uma face de estado continua a contar como número (mostrado no canto) para o dano e os combos. Todos os estados desaparecem quando a batalha acaba.","Abaixo do número necessário, uma face de status ainda conta como número (mostrado no canto) para o dano e os combos. Todos os status somem quando a batalha acaba."
ui.help.superEffective,super effective (×2),super efficace (×2),súper eficaz (×2),sehr effektiv (×2),superefficace (×2),superefetivo (×2),superefetivo (×2)
ui.help.notVeryEffective,not very effective (×½),pas très efficace (×½),poco eficaz (×½),nicht sehr effektiv (×½),non molto efficace (×½),pouco efetivo (×½),pouco efetivo (×½)
ui.help.noEffect,no effect (×0),aucun effet (×0),sin efecto (×0),keine Wirkung (×0),nessun effetto (×0),sem efeito (×0),sem efeito (×0)
ui.help.normalEffect,normal (×1),normal (×1),normal (×1),normal (×1),normale (×1),normal (×1),normal (×1)
ui.help.chartLabel,"Type effectiveness chart, scrollable","Table d'efficacité des types, défilante","Tabla de eficacia de tipos, desplazable","Typen-Effektivitätstabelle, scrollbar","Tabella dei tipi, scorrevole","Tabela de tipos, deslizável","Tabela de tipos, rolável"
ui.help.chartCaption,Attacking type (rows) against defending type (columns).,Type attaquant (lignes) contre type défenseur (colonnes).,Tipo atacante (filas) contra tipo defensor (columnas).,Angreifender Typ (Zeilen) gegen verteidigenden Typ (Spalten).,Tipo attaccante (righe) contro tipo difensore (colonne).,Tipo atacante (linhas) contra tipo defensor (colunas).,Tipo atacante (linhas) contra tipo defensor (colunas).
ui.help.atkDef,ATK ↓ DEF →,ATT ↓ DÉF →,ATQ ↓ DEF →,ANG ↓ VER →,ATT ↓ DIF →,ATQ ↓ DEF →,ATQ ↓ DEF →
ui.help.cellTitle,{attacker} → {defender}: {words},{attacker} → {defender} : {words},{attacker} → {defender}: {words},{attacker} → {defender}: {words},{attacker} → {defender}: {words},{attacker} → {defender}: {words},{attacker} → {defender}: {words}
ui.help.cellSr,{attacker} on {defender}: {words},{attacker} sur {defender} : {words},{attacker} sobre {defender}: {words},{attacker} auf {defender}: {words},{attacker} su {defender}: {words},{attacker} em {defender}: {words},{attacker} em {defender}: {words}
ui.help.pickType,Pick a type,Choisis un type,Elige un tipo,Wähle einen Typ,Scegli un tipo,Escolhe um tipo,Escolha um tipo
ui.help.hitHard,{type} dice hit hard (×2) on,Les dés {type} frappent fort (×2) sur,Los dados {type} golpean fuerte (×2) a,{type}-Würfel treffen hart (×2) auf,I dadi {type} sono forti (×2) contro,Os dados {type} acertam forte (×2) em,Os dados {type} acertam forte (×2) em
ui.help.weakOn,{type} dice are weak (×½) on,Les dés {type} sont faibles (×½) sur,Los dados {type} son débiles (×½) contra,{type}-Würfel sind schwach (×½) gegen,I dadi {type} sono deboli (×½) contro,Os dados {type} são fracos (×½) contra,Os dados {type} são fracos (×½) contra
ui.help.nothingTo,{type} dice do nothing to,Les dés {type} ne font rien à,Los dados {type} no hacen nada a,{type}-Würfel bewirken nichts gegen,I dadi {type} non fanno niente a,Os dados {type} não fazem nada a,Os dados {type} não fazem nada a
ui.help.takeDouble,{type} Pokémon take ×2 from,Les Pokémon {type} subissent ×2 de,Los Pokémon {type} reciben ×2 de,{type}-Pokémon nehmen ×2 von,I Pokémon {type} subiscono ×2 da,Os Pokémon {type} sofrem ×2 de,Os Pokémon {type} sofrem ×2 de
ui.help.resist,{type} Pokémon resist,Les Pokémon {type} résistent à,Los Pokémon {type} resisten,{type}-Pokémon widerstehen,I Pokémon {type} resistono a,Os Pokémon {type} resistem a,Os Pokémon {type} resistem a
ui.help.navGoal,The goal,Le but,El objetivo,Das Ziel,Lo scopo,O objetivo,O objetivo
ui.help.navExplore,Exploring,Exploration,Exploración,Erkunden,Esplorare,Explorar,Explorar
ui.help.navBattle,Battles,Combats,Combates,Kämpfe,Lotte,Batalhas,Batalhas
ui.help.navDamage,Damage,Dégâts,Daño,Schaden,Danni,Dano,Dano
ui.help.navCombos,Combos,Combos,Combos,Combos,Combo,Combos,Combos
ui.help.navStatus,Status faces,Faces de statut,Caras de estado,Status-Seiten,Facce di stato,Faces de estado,Faces de status
ui.help.navTypes,Type chart,Table des types,Tabla de tipos,Typentabelle,Tabella dei tipi,Tabela de tipos,Tabela de tipos
ui.help.navGrow,Getting stronger,Devenir plus fort,Hacerse más fuerte,Stärker werden,Diventare più forti,Ficar mais forte,Ficar mais forte
ui.help.goalBody,"Travel across {region} one area at a time. Catch Pokémon, beat the Gym Leaders, the Elite Four and the Champion, then find the secret areas and fill the Pokédex.","Traverse {region} zone après zone. Capture des Pokémon, bats les Champions d'Arène, le Conseil 4 et le Maître, puis trouve les zones secrètes et complète le Pokédex.","Recorre {region} zona a zona. Captura Pokémon, vence a los Líderes de Gimnasio, al Alto Mando y al Campeón, y luego encuentra las zonas secretas y completa la Pokédex.","Durchquere {region} Gebiet für Gebiet. Fange Pokémon, besiege die Arenaleiter, die Top Vier und den Champ, finde dann die geheimen Gebiete und fülle den Pokédex.","Attraversa {region} un'area alla volta. Cattura Pokémon, batti i Capopalestra, i Superquattro e il Campione, poi trova le aree segrete e completa il Pokédex.","Atravessa {region} uma área de cada vez. Captura Pokémon, vence os Líderes de Ginásio, a Elite dos Quatro e o Campeão, depois encontra as áreas secretas e completa a Pokédex.","Atravesse {region} uma área de cada vez. Capture Pokémon, vença os Líderes de Ginásio, a Elite dos Quatro e o Campeão, depois encontre as áreas secretas e complete a Pokédex."
ui.help.explore1,"Encounters are dealt from each area's shuffled deck. Going through the whole deck is a round, and each area asks for a number of rounds (ROUNDS 1/2 on the area screen).","Les rencontres sont tirées du paquet mélangé de chaque zone. Parcourir tout le paquet fait une manche, et chaque zone en demande un certain nombre (MANCHES 1/2 sur l'écran de zone).","Los encuentros se reparten desde la baraja barajada de cada zona. Recorrer toda la baraja es una ronda, y cada zona pide un número de rondas (RONDAS 1/2 en la pantalla de zona).","Begegnungen werden aus dem gemischten Deck jedes Gebiets gezogen. Das ganze Deck durchzuspielen ist eine Runde, und jedes Gebiet verlangt eine Anzahl Runden (RUNDEN 1/2 im Gebietsbildschirm).","Gli incontri vengono pescati dal mazzo mischiato di ogni area. Finire tutto il mazzo è un giro, e ogni area richiede un certo numero di giri (GIRI 1/2 nella schermata dell'area).","Os encontros saem do baralho baralhado de cada área. Passar pelo baralho inteiro é uma ronda, e cada área pede um certo número de rondas (RONDAS 1/2 no ecrã da área).","Os encontros saem do baralho embaralhado de cada área. Passar pelo baralho inteiro é uma rodada, e cada área pede um certo número de rodadas (RODADAS 1/2 na tela da área)."
ui.help.explore2,"Once every round is done, CHALLENGE the area's Gym Leader (or legendary) whenever you're ready — or keep exploring first: finished rounds stay finished. Win to open the next area.","Une fois toutes les manches faites, DÉFIE le Champion d'Arène de la zone (ou le légendaire) quand tu veux — ou continue d'explorer : les manches terminées le restent. Gagne pour ouvrir la zone suivante.","Cuando acabes todas las rondas, DESAFÍA al Líder de Gimnasio de la zona (o al legendario) cuando quieras, o sigue explorando: las rondas completadas siguen completadas. Gana para abrir la siguiente zona.","Sind alle Runden geschafft, FORDERE den Arenaleiter des Gebiets (oder das Legendäre) heraus, wann du willst — oder erkunde erst weiter: Geschaffte Runden bleiben geschafft. Gewinne, um das nächste Gebiet zu öffnen.","Finiti tutti i giri, SFIDA il Capopalestra dell'area (o il leggendario) quando vuoi, oppure continua a esplorare: i giri completati restano tali. Vinci per aprire l'area successiva.","Quando todas as rondas estiverem feitas, DESAFIA o Líder de Ginásio da área (ou o lendário) quando estiveres pronto — ou continua a explorar primeiro: as rondas concluídas continuam concluídas. Vence para abrir a área seguinte.","Quando todas as rodadas estiverem feitas, DESAFIE o Líder de Ginásio da área (ou o lendário) quando estiver pronto — ou continue explorando primeiro: as rodadas concluídas continuam concluídas. Vença para abrir a próxima área."
ui.help.explore3,"You see every encounter before it starts: FIGHT it, FLEE a wild Pokémon, or AVOID an ordinary trainer. Once a battle starts, only wild Pokémon can be run from.","Tu vois chaque rencontre avant qu'elle commence : COMBATTRE, FUIR un Pokémon sauvage, ou ÉVITER un Dresseur ordinaire. Une fois le combat lancé, on ne peut fuir que les Pokémon sauvages.","Ves cada encuentro antes de que empiece: LUCHAR, HUIR de un Pokémon salvaje o EVITAR a un Entrenador normal. Una vez empezado el combate, solo se puede huir de los Pokémon salvajes.","Du siehst jede Begegnung, bevor sie beginnt: KÄMPFEN, vor einem wilden Pokémon FLIEHEN oder einem gewöhnlichen Trainer AUSWEICHEN. Ist der Kampf erst gestartet, kann man nur vor wilden Pokémon fliehen.","Vedi ogni incontro prima che inizi: LOTTA, FUGGI da un Pokémon selvatico o EVITA un allenatore comune. Una volta iniziata la lotta, si può fuggire solo dai Pokémon selvatici.","Vês cada encontro antes de começar: LUTAR, FUGIR de um Pokémon selvagem ou EVITAR um treinador comum. Depois de a batalha começar, só se pode fugir de Pokémon selvagens.","Você vê cada encontro antes de começar: LUTAR, FUGIR de um Pokémon selvagem ou EVITAR um treinador comum. Depois que a batalha começa, só dá para fugir de Pokémon selvagens."
ui.help.explore4,"Knock a wild Pokémon out, then throw the catch die: reach its catch value (1–9) and it's yours; miss and it flees. A Poké Ball adds +1, a Great Ball +2, an Ultra Ball +3, and a Master Ball never misses.","Mets un Pokémon sauvage K.O., puis lance le dé de capture : atteins sa valeur de capture (1–9) et il est à toi ; rate et il s'enfuit. Une Poké Ball ajoute +1, une Super Ball +2, une Hyper Ball +3, et une Master Ball ne rate jamais.","Debilita a un Pokémon salvaje y lanza el dado de captura: alcanza su valor de captura (1-9) y será tuyo; falla y huirá. Una Poké Ball suma +1, una Super Ball +2, una Ultra Ball +3, y una Master Ball nunca falla.","Besiege ein wildes Pokémon und wirf dann den Fangwürfel: Erreiche seinen Fangwert (1–9) und es gehört dir; verfehle ihn und es flieht. Ein Pokéball zählt +1 dazu, ein Superball +2, ein Hyperball +3, und ein Meisterball verfehlt nie.","Metti K.O. un Pokémon selvatico, poi lancia il dado di cattura: raggiungi il suo valore di cattura (1–9) ed è tuo; se manchi, fugge. Una Poké Ball aggiunge +1, una Mega Ball +2, una Ultra Ball +3, e la Master Ball non fallisce mai.","Põe um Pokémon selvagem K.O. e depois lança o dado de captura: atinge o valor de captura dele (1–9) e é teu; se falhares, foge. Uma Poké Bola soma +1, uma Grande Bola +2, uma Ultra Bola +3, e a Bola Mestra nunca falha.","Deixe um Pokémon selvagem K.O. e depois lance o dado de captura: alcance o valor de captura dele (1–9) e ele é seu; se errar, ele foge. Uma Poké Bola soma +1, uma Grande Bola +2, uma Ultra Bola +3, e a Bola Mestra nunca falha."
ui.help.explore5,"You can catch a species you don't have yet, or a stronger copy of one you do (it replaces yours). Your team holds 3; the rest wait in the Box. A legendary that flees comes back later.","Tu peux capturer une espèce que tu n'as pas encore, ou un exemplaire plus fort d'une espèce que tu as (il remplace le tien). Ton équipe compte 3 Pokémon ; les autres attendent dans la Boîte. Un légendaire qui s'enfuit revient plus tard.","Puedes capturar una especie que no tengas, o una copia más fuerte de una que ya tengas (reemplaza a la tuya). Tu equipo tiene 3; el resto espera en la Caja. Un legendario que huye vuelve más adelante.","Du kannst eine Art fangen, die du noch nicht hast, oder ein stärkeres Exemplar einer, die du hast (es ersetzt deines). Dein Team fasst 3; der Rest wartet in der Box. Ein geflohenes Legendäres kommt später wieder.","Puoi catturare una specie che non hai ancora, o una copia più forte di una che hai già (sostituisce la tua). La squadra ne tiene 3; gli altri aspettano nel Box. Un leggendario che fugge torna più tardi.","Podes capturar uma espécie que ainda não tens, ou uma cópia mais forte de uma que já tens (substitui a tua). A equipa leva 3; os outros esperam na Caixa. Um lendário que foge volta mais tarde.","Você pode capturar uma espécie que ainda não tem, ou uma cópia mais forte de uma que já tem (ela substitui a sua). A equipe leva 3; os outros esperam na Caixa. Um lendário que foge volta mais tarde."
ui.help.explore6,"Now and then you find something on the ground: an item or some Pokédollars. Each area has its own finds, and a few can only be found once.","De temps en temps, tu trouves quelque chose par terre : un objet ou des Pokédollars. Chaque zone a ses propres trouvailles, et quelques-unes ne se trouvent qu'une fois.","De vez en cuando encuentras algo en el suelo: un objeto o algunos Pokédólares. Cada zona tiene sus propios hallazgos, y unos pocos solo se encuentran una vez.","Hin und wieder findest du etwas auf dem Boden: einen Gegenstand oder ein paar Pokédollar. Jedes Gebiet hat eigene Funde, und einige gibt es nur einmal.","Ogni tanto trovi qualcosa per terra: uno strumento o qualche Pokédollaro. Ogni area ha i suoi ritrovamenti, e alcuni si trovano una volta sola.","De vez em quando encontras algo no chão: um objeto ou alguns Pokédólares. Cada área tem os seus achados, e alguns só se encontram uma vez.","De vez em quando você encontra algo no chão: um item ou alguns Pokédólares. Cada área tem seus próprios achados, e alguns só podem ser encontrados uma vez."
ui.help.explore7,A Pokémon Center heals everyone and lets you change your team.,Un Centre Pokémon soigne tout le monde et te laisse changer d'équipe.,Un Centro Pokémon cura a todos y te deja cambiar de equipo.,Ein Pokémon-Center heilt alle und lässt dich dein Team ändern.,Un Centro Pokémon cura tutti e ti permette di cambiare squadra.,Um Centro Pokémon cura todos e deixa-te mudar a equipa.,Um Centro Pokémon cura todos e deixa você mudar a equipe.
ui.help.explore8,Every new round opens with a Pokémon Center whenever you have someone to heal or swap. The round bar under the rounds counter shows how far into the round you are.,Chaque nouvelle manche s'ouvre par un Centre Pokémon dès que tu as quelqu'un à soigner ou à échanger. La barre sous le compteur de manches montre où tu en es dans la manche.,Cada ronda nueva empieza con un Centro Pokémon siempre que tengas a alguien que curar o cambiar. La barra bajo el contador de rondas muestra por dónde vas.,"Jede neue Runde beginnt mit einem Pokémon-Center, sobald du jemanden zu heilen oder zu tauschen hast. Der Balken unter dem Rundenzähler zeigt, wie weit du in der Runde bist.",Ogni nuovo giro si apre con un Centro Pokémon quando hai qualcuno da curare o da scambiare. La barra sotto il contatore dei giri mostra a che punto del giro sei.,Cada nova ronda abre com um Centro Pokémon sempre que tens alguém para curar ou trocar. A barra por baixo do contador de rondas mostra em que ponto da ronda estás.,Cada nova rodada abre com um Centro Pokémon sempre que você tem alguém para curar ou trocar. A barra embaixo do contador de rodadas mostra em que ponto da rodada você está.
ui.help.explore9,"Secret areas appear on the Map when you meet their conditions (catch enough Pokémon, or raise one high enough).","Les zones secrètes apparaissent sur la Carte quand tu remplis leurs conditions (capturer assez de Pokémon, ou en monter un assez haut).",Las zonas secretas aparecen en el Mapa cuando cumples sus condiciones (capturar suficientes Pokémon o subir uno bastante de nivel).,"Geheime Gebiete erscheinen auf der Karte, wenn du ihre Bedingungen erfüllst (genug Pokémon fangen oder eines hoch genug bringen).","Le aree segrete appaiono sulla Mappa quando ne soddisfi le condizioni (cattura abbastanza Pokémon, o fanne salire uno abbastanza di livello).","As áreas secretas aparecem no Mapa quando cumpres as condições delas (capturar Pokémon suficientes, ou subir um até um nível alto o bastante).","As áreas secretas aparecem no Mapa quando você cumpre as condições delas (capturar Pokémon suficientes, ou subir um até um nível alto o bastante)."
ui.help.explore10,The type badges at the top right of each area are its encounter types: build your team for them.,Les badges de type en haut à droite de chaque zone sont ses types de rencontre : compose ton équipe en conséquence.,Los distintivos de tipo arriba a la derecha de cada zona son sus tipos de encuentro: forma tu equipo pensando en ellos.,Die Typ-Abzeichen oben rechts an jedem Gebiet sind seine Begegnungstypen: Stelle dein Team danach auf.,I simboli dei tipi in alto a destra di ogni area sono i tipi dei suoi incontri: costruisci la squadra di conseguenza.,Os símbolos de tipo no canto superior direito de cada área são os tipos dos seus encontros: monta a tua equipa a pensar neles.,Os símbolos de tipo no canto superior direito de cada área são os tipos dos encontros dela: monte sua equipe pensando neles.
ui.help.battle1,The faster Pokémon acts first.,Le Pokémon le plus rapide agit en premier.,El Pokémon más rápido actúa primero.,Das schnellere Pokémon handelt zuerst.,Il Pokémon più veloce agisce per primo.,O Pokémon mais rápido age primeiro.,O Pokémon mais rápido age primeiro.
ui.help.battle2,"Your dice are thrown for you as your turn starts. Tap the dice you don't like and press REROLL. Each press uses one reroll, however many dice you picked, and your rerolls last the whole battle.","Tes dés sont lancés pour toi au début de ton tour. Touche les dés qui ne te plaisent pas et appuie sur RELANCER. Chaque appui consomme une relance, quel que soit le nombre de dés choisis, et tes relances durent tout le combat.","Tus dados se tiran solos al empezar tu turno. Toca los dados que no te gusten y pulsa RETIRAR. Cada pulsación gasta una tirada, sin importar cuántos dados elijas, y tus tiradas duran todo el combate.","Deine Würfel werden zu Beginn deiner Runde für dich geworfen. Tippe die Würfel an, die dir nicht gefallen, und drücke NEU WERFEN. Jeder Druck kostet einen Neuwurf, egal wie viele Würfel du gewählt hast, und deine Neuwürfe halten den ganzen Kampf.","I tuoi dadi vengono lanciati per te all'inizio del turno. Tocca i dadi che non ti piacciono e premi RILANCIA. Ogni pressione usa un rilancio, per quanti dadi tu abbia scelto, e i rilanci valgono per tutta la lotta.","Os teus dados são lançados por ti no início do turno. Toca nos dados de que não gostas e carrega em RELANÇAR. Cada toque gasta um relançamento, sejam quantos forem os dados escolhidos, e os relançamentos duram a batalha toda.","Seus dados são lançados para você no início do turno. Toque nos dados de que não gostar e aperte RELANÇAR. Cada toque gasta um relançamento, não importa quantos dados você escolheu, e os relançamentos duram a batalha toda."
ui.help.battle3,Press ATTACK when you're happy.,Appuie sur ATTAQUER quand ça te convient.,Pulsa ATACAR cuando estés satisfecho.,"Drücke ANGRIFF, wenn du zufrieden bist.",Premi ATTACCA quando sei soddisfatto.,Carrega em ATACAR quando estiveres satisfeito.,Aperte ATACAR quando estiver satisfeito.
ui.help.battleBody,"You can use one item per turn, before or after rolling, and it doesn't end your turn. A frozen or paralyzed Pokémon loses its turn unless you cure it first (Ice Heal, Paralyze Heal). Switching costs your turn; switching after a faint is free. You can only RUN from wild Pokémon.","Tu peux utiliser un objet par tour, avant ou après le lancer, et cela ne met pas fin à ton tour. Un Pokémon gelé ou paralysé perd son tour, sauf si tu le soignes d'abord (Antigel, Anti-Para). Changer coûte ton tour ; changer après un K.O. est gratuit. On ne peut FUIR que les Pokémon sauvages.","Puedes usar un objeto por turno, antes o después de tirar, y no acaba tu turno. Un Pokémon congelado o paralizado pierde su turno salvo que lo cures antes (Antihielo, Antiparalizador). Cambiar cuesta tu turno; cambiar tras un debilitamiento es gratis. Solo puedes HUIR de los Pokémon salvajes.","Du kannst ein Item pro Runde einsetzen, vor oder nach dem Wurf, und es beendet deine Runde nicht. Ein eingefrorenes oder paralysiertes Pokémon verliert seine Runde, außer du heilst es zuerst (Eisheiler, Para-Heiler). Wechseln kostet deine Runde; nach einem K.O. ist der Wechsel frei. FLIEHEN kannst du nur vor wilden Pokémon.","Puoi usare uno strumento per turno, prima o dopo il lancio, e non fa finire il turno. Un Pokémon congelato o paralizzato perde il turno a meno che tu non lo curi prima (Antigelo, Antiparalisi). Cambiare costa il turno; cambiare dopo un K.O. è gratis. Puoi FUGGIRE solo dai Pokémon selvatici.","Podes usar um objeto por turno, antes ou depois de lançar, e isso não acaba o turno. Um Pokémon congelado ou paralisado perde o turno, a não ser que o cures primeiro (Cura Congelamento, Cura Paralisia). Trocar custa o turno; trocar depois de um K.O. é grátis. Só podes FUGIR de Pokémon selvagens.","Você pode usar um item por turno, antes ou depois de lançar, e isso não encerra o turno. Um Pokémon congelado ou paralisado perde o turno, a menos que você o cure antes (Cura Congelamento, Cura Paralisia). Trocar custa o turno; trocar depois de um K.O. é grátis. Você só pode FUGIR de Pokémon selvagens."
ui.help.keyboard,"Keyboard: {k1}–{k6} pick dice, {r} reroll, {space} attack.","Clavier : {k1}–{k6} choisir les dés, {r} relancer, {space} attaquer.","Teclado: {k1}-{k6} elegir dados, {r} retirar, {space} atacar.","Tastatur: {k1}–{k6} Würfel wählen, {r} neu werfen, {space} angreifen.","Tastiera: {k1}–{k6} scelgono i dadi, {r} rilancia, {space} attacca.","Teclado: {k1}–{k6} escolhem os dados, {r} relança, {space} ataca.","Teclado: {k1}–{k6} escolhem os dados, {r} relança, {space} ataca."
ui.help.damageBody,"Add up your dice numbers (+ your upgrades) and your best combo. The whole attack then takes the most effective type among your dice against the foe: a Kabuto with water and rock dice hits a Pidgeotto as Rock, ×2. If none of your types can touch the foe, the attack does nothing. Levels give HP, not damage: upgrades are what make you hit harder.","Additionne les nombres de tes dés (+ tes améliorations) et ton meilleur combo. Toute l'attaque prend ensuite le type le plus efficace parmi tes dés contre l'adversaire : un Kabuto avec des dés eau et roche touche un Roucoups en Roche, ×2. Si aucun de tes types ne peut toucher l'adversaire, l'attaque ne fait rien. Les niveaux donnent des PV, pas des dégâts : ce sont les améliorations qui font frapper plus fort.","Suma los números de tus dados (+ tus mejoras) y tu mejor combo. Todo el ataque toma entonces el tipo más eficaz entre tus dados contra el rival: un Kabuto con dados de agua y roca golpea a un Pidgeotto como Roca, ×2. Si ninguno de tus tipos puede tocar al rival, el ataque no hace nada. Los niveles dan PS, no daño: son las mejoras las que hacen golpear más fuerte.","Addiere die Zahlen deiner Würfel (+ deine Upgrades) und deinen besten Combo. Der gesamte Angriff nimmt dann den wirksamsten Typ unter deinen Würfeln gegen den Gegner: Ein Kabuto mit Wasser- und Gesteinswürfeln trifft ein Tauboga als Gestein, ×2. Kann keiner deiner Typen den Gegner treffen, bewirkt der Angriff nichts. Level geben KP, keinen Schaden: Upgrades sind es, die härter treffen lassen.","Somma i numeri dei tuoi dadi (+ i potenziamenti) e la tua combo migliore. L'intero attacco prende poi il tipo più efficace tra i tuoi dadi contro l'avversario: un Kabuto con dadi Acqua e Roccia colpisce un Pidgeotto come Roccia, ×2. Se nessuno dei tuoi tipi può toccare l'avversario, l'attacco non fa niente. I livelli danno PS, non danni: sono i potenziamenti a farti colpire più forte.","Soma os números dos teus dados (+ as tuas melhorias) e o teu melhor combo. O ataque inteiro assume depois o tipo mais efetivo dos teus dados contra o adversário: um Kabuto com dados Água e Pedra atinge um Pidgeotto como Pedra, ×2. Se nenhum dos teus tipos consegue tocar no adversário, o ataque não faz nada. Os níveis dão PS, não dano: são as melhorias que te fazem bater mais forte.","Some os números dos seus dados (+ suas melhorias) e seu melhor combo. O ataque inteiro assume então o tipo mais efetivo entre seus dados contra o adversário: um Kabuto com dados Água e Pedra atinge um Pidgeotto como Pedra, ×2. Se nenhum dos seus tipos consegue tocar o adversário, o ataque não faz nada. Os níveis dão PS, não dano: são as melhorias que fazem você bater mais forte."
ui.help.baseLabel,Base,Base,Base,Basis,Base,Base,Base
ui.help.baseBody,White Base dice have no type of their own (they follow the attack's type) and can't be upgraded. Coloured dice carry a type and have their own faces. The Pokédex shows each Pokémon's dice.,Les dés Base blancs n'ont pas de type propre (ils suivent le type de l'attaque) et ne peuvent pas être améliorés. Les dés colorés portent un type et ont leurs propres faces. Le Pokédex montre les dés de chaque Pokémon.,Los dados Base blancos no tienen tipo propio (siguen el tipo del ataque) y no se pueden mejorar. Los dados de color llevan un tipo y tienen sus propias caras. La Pokédex muestra los dados de cada Pokémon.,Weiße Basis-Würfel haben keinen eigenen Typ (sie folgen dem Typ des Angriffs) und lassen sich nicht upgraden. Farbige Würfel tragen einen Typ und haben eigene Seiten. Der Pokédex zeigt die Würfel jedes Pokémon.,I dadi Base bianchi non hanno un tipo proprio (seguono il tipo dell'attacco) e non si possono potenziare. I dadi colorati hanno un tipo e facce proprie. Il Pokédex mostra i dadi di ogni Pokémon.,Os dados Base brancos não têm tipo próprio (seguem o tipo do ataque) e não podem ser melhorados. Os dados coloridos têm um tipo e faces próprias. A Pokédex mostra os dados de cada Pokémon.,Os dados Base brancos não têm tipo próprio (seguem o tipo do ataque) e não podem ser melhorados. Os dados coloridos têm um tipo e faces próprias. A Pokédex mostra os dados de cada Pokémon.
ui.help.combosBody,Only the single most damaging combo in a roll pays.,Seul le combo le plus destructeur d'un lancer rapporte.,Solo paga el combo más dañino de una tirada.,Nur der schadensträchtigste Combo eines Wurfs zählt.,Paga solo la combo che fa più danni in un lancio.,Só conta o combo que causa mais dano num lançamento.,Só conta o combo que causa mais dano em um lançamento.
ui.help.comboCol,Combo,Combo,Combo,Combo,Combo,Combo,Combo
ui.help.exampleCol,Example,Exemple,Ejemplo,Beispiel,Esempio,Exemplo,Exemplo
ui.help.bonusCol,Bonus at Lv.1,Bonus au N.1,Bonus al Nv.1,Bonus auf Lv.1,Bonus al Lv.1,Bónus no Nv.1,Bônus no Nv.1
ui.types.toggle,Show strengths and weaknesses,Afficher forces et faiblesses,Mostrar fortalezas y debilidades,Stärken und Schwächen anzeigen,Mostra punti di forza e debolezze,Mostrar pontos fortes e fracos,Mostrar pontos fortes e fracos
ui.types.toggleHint,Tap a Pokémon in battle to see its matchups. They also appear at the bottom of its info sheet.,Touche un Pokémon en combat pour voir ses affinités. Elles apparaissent aussi en bas de sa fiche.,Toca un Pokémon en combate para ver sus afinidades. También aparecen al final de su ficha.,"Tippe im Kampf ein Pokémon an, um seine Typverhältnisse zu sehen. Sie stehen auch unten auf seiner Karte.","In lotta, tocca un Pokémon per vederne i confronti. Compaiono anche in fondo alla sua scheda.","Numa batalha, toca num Pokémon para ver os confrontos dele. Também aparecem no fim da ficha dele.","Numa batalha, toque em um Pokémon para ver os confrontos dele. Eles também aparecem no fim da ficha dele."
ui.types.title,Strengths & weaknesses,Forces et faiblesses,Fortalezas y debilidades,Stärken und Schwächen,Punti di forza e debolezze,Pontos fortes e fracos,Pontos fortes e fracos
ui.types.tap,{name}: strengths and weaknesses,{name} : forces et faiblesses,{name}: fortalezas y debilidades,{name}: Stärken und Schwächen,{name}: punti di forza e debolezze,{name}: pontos fortes e fracos,{name}: pontos fortes e fracos
ui.types.hits,Its dice hit hard on,Ses dés frappent fort sur,Sus dados golpean fuerte a,Seine Würfel treffen hart gegen,I suoi dadi sono forti contro,Os dados dele acertam forte em,Os dados dele acertam forte em
ui.types.cantTouch,Its dice can't touch,Ses dés ne peuvent pas toucher,Sus dados no pueden tocar a,Seine Würfel können nichts ausrichten gegen,I suoi dadi non toccano,Os dados dele não tocam em,Os dados dele não tocam em
ui.types.weak,Takes ×2 from,Prend ×2 de,Recibe ×2 de,Nimmt ×2 von,Subisce ×2 da,Sofre ×2 de,Sofre ×2 de
ui.types.resists,Resists,Résiste à,Resiste a,Widersteht,Resiste a,Resiste a,Resiste a
ui.types.immune,Takes nothing from,Ne prend rien de,No recibe nada de,Nimmt nichts von,Non subisce niente da,Não sofre nada de,Não sofre nada de
ui.help.typesIntro,Pick a type to see what it beats — and what beats it.,Choisis un type pour voir ce qu'il bat — et ce qui le bat.,Elige un tipo para ver a qué gana — y qué le gana.,"Wähle einen Typ, um zu sehen, was er schlägt — und was ihn schlägt.","Scegli un tipo per vedere chi batte, e chi lo batte.",Escolhe um tipo para ver o que ele vence — e o que o vence.,Escolha um tipo para ver o que ele vence — e o que o vence.
ui.help.showFullChart,Show the full type chart,Afficher la table des types complète,Mostrar la tabla de tipos completa,Die vollständige Typentabelle anzeigen,Mostra la tabella completa dei tipi,Mostrar a tabela de tipos completa,Mostrar a tabela de tipos completa
ui.help.grow1,"The Pokémon that lands the K.O. gets XP. Levels raise HP; some levels add a die or a reroll, and many Pokémon evolve.","Le Pokémon qui met K.O. gagne de l'XP. Les niveaux augmentent les PV ; certains ajoutent un dé ou une relance, et beaucoup de Pokémon évoluent.","El Pokémon que debilita al rival gana EXP. Los niveles suben los PS; algunos añaden un dado o una tirada, y muchos Pokémon evolucionan.","Das Pokémon, das den K.O. setzt, bekommt EP. Level erhöhen die KP; manche fügen einen Würfel oder einen Neuwurf hinzu, und viele Pokémon entwickeln sich.","Il Pokémon che mette K.O. riceve Esp. I livelli aumentano i PS; alcuni livelli aggiungono un dado o un rilancio, e molti Pokémon si evolvono.","O Pokémon que dá o K.O. recebe XP. Os níveis aumentam os PS; alguns níveis dão um dado ou um relançamento, e muitos Pokémon evoluem.","O Pokémon que dá o K.O. recebe XP. Os níveis aumentam os PS; alguns níveis dão um dado ou um relançamento, e muitos Pokémon evoluem."
ui.help.grow2,Multi EXP (Settings): team members who didn't fight still get {share}.,Multi EXP (Réglages) : les membres de l'équipe qui n'ont pas combattu reçoivent quand même {share}.,Multi EXP (Ajustes): los miembros del equipo que no combatieron reciben igualmente {share}.,"Multi-EP (Einstellungen): Teammitglieder, die nicht gekämpft haben, bekommen trotzdem {share}.",Condividi Esp. (Impostazioni): i membri della squadra che non hanno lottato ricevono comunque {share}.,Exp. Partilhada (Definições): os membros da equipa que não lutaram recebem mesmo assim {share}.,Exp. Compartilhada (Configurações): os membros da equipe que não lutaram ainda recebem {share}.
ui.help.grow3,"Trainers pay Pokédollars (₽). Gym Leaders, the Elite Four and the Champion pay ×{multiplier}.","Les Dresseurs paient en Pokédollars (₽). Les Champions d'Arène, le Conseil 4 et le Maître paient ×{multiplier}.","Los Entrenadores pagan Pokédólares (₽). Los Líderes de Gimnasio, el Alto Mando y el Campeón pagan ×{multiplier}.","Trainer zahlen Pokédollar (₽). Arenaleiter, die Top Vier und der Champ zahlen ×{multiplier}.","Gli allenatori pagano Pokédollari (₽). Capopalestra, Superquattro e Campione pagano ×{multiplier}.","Os treinadores pagam Pokédólares (₽). Os Líderes de Ginásio, a Elite dos Quatro e o Campeão pagam ×{multiplier}.","Os treinadores pagam Pokédólares (₽). Os Líderes de Ginásio, a Elite dos Quatro e o Campeão pagam ×{multiplier}."
ui.help.grow4,"Spend them on Upgrades (every Pokémon benefits) and at the Poké Mart, whose stock grows with your badges.","Dépense-les en Améliorations (tous tes Pokémon en profitent) et au Poké Market, dont le stock grandit avec tes badges.","Gástalos en Mejoras (todos tus Pokémon se benefician) y en la Tienda Poké, cuyo surtido crece con tus medallas.","Gib sie für Upgrades aus (jedes Pokémon profitiert) und im Pokémon-Markt, dessen Sortiment mit deinen Orden wächst.","Spendili in Potenziamenti (ne beneficiano tutti i Pokémon) e al Pokémon Market, la cui merce cresce con le medaglie.","Gasta-os em Melhorias (todos os Pokémon beneficiam) e na Poké Mart, cujo stock cresce com as tuas insígnias.","Gaste-os em Melhorias (todos os Pokémon se beneficiam) e na Poké Mart, cujo estoque cresce com suas insígnias."
ui.help.grow5,HP carries over between fights and doesn't come back by itself: heal at a Pokémon Center or with items.,Les PV se conservent d'un combat à l'autre et ne reviennent pas tout seuls : soigne-toi au Centre Pokémon ou avec des objets.,Los PS se mantienen entre combates y no se recuperan solos: cúrate en un Centro Pokémon o con objetos.,KP werden von Kampf zu Kampf übernommen und kehren nicht von selbst zurück: Heile im Pokémon-Center oder mit Items.,I PS restano tra una lotta e l'altra e non si ricaricano da soli: cura al Centro Pokémon o con gli strumenti.,Os PS passam de uma batalha para a outra e não voltam sozinhos: cura num Centro Pokémon ou com objetos.,Os PS passam de uma batalha para a outra e não voltam sozinhos: cure num Centro Pokémon ou com itens.
ui.help.grow6,"If your whole team faints, the round is lost: it won't count, and a new, freshly shuffled round starts (rounds you had already finished stay finished). Your team is healed, and you keep your Pokédollars, items and your Pokémon's levels.","Si toute ton équipe tombe K.O., la manche est perdue : elle ne compte pas, et une nouvelle manche fraîchement mélangée commence (les manches déjà terminées le restent). Ton équipe est soignée, et tu gardes tes Pokédollars, tes objets et les niveaux de tes Pokémon.","Si todo tu equipo se debilita, la ronda se pierde: no cuenta y empieza una ronda nueva recién barajada (las rondas ya completadas siguen completadas). Tu equipo se cura y conservas tus Pokédólares, objetos y los niveles de tus Pokémon.","Wird dein ganzes Team besiegt, ist die Runde verloren: Sie zählt nicht, und eine neue, frisch gemischte Runde beginnt (bereits geschaffte Runden bleiben geschafft). Dein Team wird geheilt, und du behältst Pokédollar, Items und die Level deiner Pokémon.","Se tutta la squadra è esausta, il giro è perso: non conta, e inizia un nuovo giro appena mischiato (i giri già completati restano tali). La squadra viene curata, e tieni Pokédollari, strumenti e livelli dei Pokémon.","Se a equipa inteira desmaiar, a ronda está perdida: não conta, e começa uma ronda nova, acabada de baralhar (as rondas já concluídas continuam concluídas). A tua equipa é curada, e manténs os Pokédólares, os objetos e os níveis dos teus Pokémon.","Se a equipe inteira desmaiar, a rodada está perdida: não conta, e começa uma rodada nova, recém-embaralhada (as rodadas já concluídas continuam concluídas). Sua equipe é curada, e você mantém os Pokédólares, os itens e os níveis dos seus Pokémon."
ui.dex.locked,Locked,Verrouillé,Bloqueado,Gesperrt,Bloccata,Bloqueada,Bloqueada
ui.dex.aSecretArea,A secret area,Une zone secrète,Una zona secreta,Ein geheimes Gebiet,Un'area segreta,Uma área secreta,Uma área secreta
ui.dex.scaling,levels scale to your team,les niveaux suivent ton équipe,los niveles se ajustan a tu equipo,die Level passen sich deinem Team an,i livelli si adattano alla tua squadra,os níveis ajustam-se à tua equipa,os níveis se ajustam à sua equipe
ui.dex.legendarySpot,Legendary · {levels},Légendaire · {levels},Legendario · {levels},Legendär · {levels},Leggendario · {levels},Lendário · {levels},Lendário · {levels}
ui.dex.fossilSpot,Fossil: {item} · {levels} · {rarity},Fossile : {item} · {levels} · {rarity},Fósil: {item} · {levels} · {rarity},Fossil: {item} · {levels} · {rarity},Fossile: {item} · {levels} · {rarity},Fóssil: {item} · {levels} · {rarity},Fóssil: {item} · {levels} · {rarity}
ui.dex.wildSpot,{levels} · {rarity},{levels} · {rarity},{levels} · {rarity},{levels} · {rarity},{levels} · {rarity},{levels} · {rarity},{levels} · {rarity}
ui.dex.common,common,commun,común,häufig,comune,comum,comum
ui.dex.uncommon,uncommon,peu commun,poco común,selten,non comune,incomum,pouco comum
ui.dex.rare,rare,rare,raro,sehr selten,raro,raro,raro
ui.dex.lockedSuffix, · locked, · verrouillée, · bloqueada, · gesperrt, · bloccata, · bloqueada, · bloqueada
ui.dex.youAreHere,you are here,tu es ici,estás aquí,du bist hier,sei qui,estás aqui,você está aqui
ui.dex.goThere,GO THERE,S'Y RENDRE,IR ALLÍ,DORTHIN,VAI LÌ,IR PARA LÁ,IR PARA LÁ
ui.dex.notCaught,Not caught yet.,Pas encore capturé.,Aún no capturado.,Noch nicht gefangen.,Non ancora catturato.,Ainda não capturado.,Ainda não capturado.
ui.dex.whereToFindHeading,Where to find it,Où le trouver,Dónde encontrarlo,Wo es zu finden ist,Dove trovarlo,Onde o encontrar,Onde encontrar
ui.dex.evolvesFromItem,Evolves from {name} with a {how},Évolue de {name} avec {how},Evoluciona de {name} con {how},Entwickelt sich aus {name} mit {how},Si evolve da {name} con {how},Evolui de {name} com {how},Evolui de {name} com {how}
ui.dex.evolvesFromLevel,Evolves from {name} at {how},Évolue de {name} au {how},Evoluciona de {name} al {how},Entwickelt sich aus {name} auf {how},Si evolve da {name} al {how},Evolui de {name} no {how},Evolui de {name} no {how}
ui.dex.notSpotted,Nobody has spotted it in the wild yet…,Personne ne l'a encore repéré à l'état sauvage…,Nadie lo ha avistado todavía en libertad…,Noch niemand hat es in freier Wildbahn gesichtet …,Nessuno l'ha ancora visto allo stato selvatico…,Ainda ninguém o viu na natureza…,Ninguém o viu na natureza ainda…
ui.dex.exploringHint,You're exploring {area}: leave it (MAP) to travel somewhere else.,Tu explores {area} : quitte la zone (CARTE) pour aller ailleurs.,Estás explorando {area}: sal de la zona (MAPA) para viajar a otro sitio.,"Du erkundest {area}: Verlasse es (KARTE), um woanders hinzureisen.",Stai esplorando {area}: lasciala (MAPPA) per andare altrove.,Estás a explorar {area}: sai (MAPA) para viajar para outro sítio.,Você está explorando {area}: saia (MAPA) para viajar para outro lugar.
ui.dex.whereToFindItem,Where to find the {item},Où trouver : {item},Dónde encontrar: {item},Wo es {item} gibt,Dove trovare {item},Onde encontrar {item},Onde encontrar {item}
ui.dex.lootSpot,found here · {rarity},trouvable ici · {rarity},se encuentra aquí · {rarity},hier zu finden · {rarity},si trova qui · {rarity},encontra-se aqui · {rarity},encontrado aqui · {rarity}
ui.dex.lootOnce,found here once,trouvable ici une seule fois,se encuentra aquí una sola vez,hier einmalig zu finden,si trova qui una volta,encontra-se aqui uma vez,encontrado aqui uma vez
ui.dex.alreadyFoundSuffix, · already found, · déjà trouvé, · ya encontrado, · bereits gefunden, · già trovato, · já encontrado, · já encontrado
ui.dex.itemInShop,Sold at the Poké Mart,En vente au Poké Market,A la venta en la Tienda Poké,Im Pokémon-Markt erhältlich,In vendita al Pokémon Market,À venda na Poké Mart,À venda na Poké Mart
ui.dex.itemNowhere,Not found anywhere in this region.,Introuvable dans cette région.,No se encuentra en esta región.,In dieser Region nirgends zu finden.,Non si trova da nessuna parte in questa regione.,Não se encontra em lado nenhum nesta região.,Não é encontrado em nenhum lugar nesta região.
ui.sync.regions,Regions,Régions,Regiones,Regionen,Regioni,Regiões,Regiões
ui.sync.pokedex,Pokédex,Pokédex,Pokédex,Pokédex,Pokédex,Pokédex,Pokédex
ui.sync.badges,Badges,Badges,Medallas,Orden,Medaglie,Insígnias,Insígnias
ui.sync.areasCleared,Areas cleared,Zones terminées,Zonas completadas,Abgeschlossene Gebiete,Aree completate,Áreas concluídas,Áreas concluídas
ui.sync.lastPlayed,Last played,Dernière partie,Última partida,Zuletzt gespielt,Ultima partita,Último jogo,Último jogo
ui.sync.moreProgress,More progress,Plus d'avancée,Más progreso,Mehr Fortschritt,Più progressi,Mais progresso,Mais progresso
ui.sync.keepThis,KEEP THIS ONE,GARDER CELLE-CI,QUEDARME CON ESTA,DIESEN BEHALTEN,TIENI QUESTO,FICAR COM ESTE,FICAR COM ESTE
ui.sync.title,Two saves found,Deux sauvegardes trouvées,Se han encontrado dos partidas,Zwei Spielstände gefunden,Trovati due salvataggi,Dois jogos guardados encontrados,Dois jogos salvos encontrados
ui.sync.body,"This device and your cloud backup don't match, and the most recently played one has less progress. Pick the save to keep — the other stays as a backup on this device (Settings → Save backups).","Cet appareil et ta sauvegarde en ligne ne correspondent pas, et la plus récemment jouée a moins d'avancée. Choisis celle à garder — l'autre reste en secours sur cet appareil (Réglages → Sauvegardes de secours).","Este dispositivo y tu copia en la nube no coinciden, y la jugada más recientemente tiene menos progreso. Elige la partida que quieres conservar: la otra queda como copia en este dispositivo (Ajustes → Copias de seguridad).","Dieses Gerät und dein Cloud-Backup stimmen nicht überein, und der zuletzt gespielte hat weniger Fortschritt. Wähle den Spielstand, den du behältst — der andere bleibt als Sicherung auf diesem Gerät (Einstellungen → Spielstand-Sicherungen).","Questo dispositivo e il backup nel cloud non coincidono, e quello giocato più di recente ha meno progressi. Scegli il salvataggio da tenere: l'altro resta come copia su questo dispositivo (Impostazioni → Copie dei salvataggi).","Este dispositivo e a tua cópia na nuvem não coincidem, e o jogado mais recentemente tem menos progresso. Escolhe o jogo a manter — o outro fica como cópia de segurança neste dispositivo (Definições → Cópias de segurança).","Este dispositivo e seu backup na nuvem não coincidem, e o jogado mais recentemente tem menos progresso. Escolha o jogo que vai manter — o outro fica como backup neste dispositivo (Configurações → Backups do jogo)."
ui.sync.thisDevice,This device,Cet appareil,Este dispositivo,Dieses Gerät,Questo dispositivo,Este dispositivo,Este dispositivo
ui.sync.cloudBackup,Cloud backup,Sauvegarde en ligne,Copia en la nube,Cloud-Backup,Backup nel cloud,Cópia na nuvem,Backup na nuvem
ui.sync.replacedByCloud,"This device's save, replaced by the newer cloud save","La sauvegarde de cet appareil, remplacée par la sauvegarde en ligne plus récente","La partida de este dispositivo, reemplazada por la partida más reciente de la nube","Der Spielstand dieses Geräts, ersetzt durch den neueren Cloud-Spielstand","Salvataggio di questo dispositivo, sostituito da quello più recente nel cloud","Jogo deste dispositivo, substituído pelo jogo mais recente da nuvem","Jogo deste dispositivo, substituído pelo jogo mais recente da nuvem"
ui.sync.replacedByLocal,"Cloud save, replaced by this device's newer save","La sauvegarde en ligne, remplacée par celle, plus récente, de cet appareil","La partida de la nube, reemplazada por la partida más reciente de este dispositivo","Der Cloud-Spielstand, ersetzt durch den neueren Spielstand dieses Geräts","Salvataggio nel cloud, sostituito da quello più recente di questo dispositivo","Jogo da nuvem, substituído pelo jogo mais recente deste dispositivo","Jogo da nuvem, substituído pelo jogo mais recente deste dispositivo"
ui.sync.localPicked,"This device's save, replaced by the cloud save you picked","La sauvegarde de cet appareil, remplacée par la sauvegarde en ligne que tu as choisie","La partida de este dispositivo, reemplazada por la partida de la nube que elegiste","Der Spielstand dieses Geräts, ersetzt durch den von dir gewählten Cloud-Spielstand","Salvataggio di questo dispositivo, sostituito da quello nel cloud che hai scelto","Jogo deste dispositivo, substituído pelo jogo da nuvem que escolheste","Jogo deste dispositivo, substituído pelo jogo da nuvem que você escolheu"
ui.sync.cloudPicked,"Cloud save, replaced by this device's save you picked","La sauvegarde en ligne, remplacée par celle de cet appareil que tu as choisie","La partida de la nube, reemplazada por la partida de este dispositivo que elegiste","Der Cloud-Spielstand, ersetzt durch den von dir gewählten Spielstand dieses Geräts","Salvataggio nel cloud, sostituito da quello di questo dispositivo che hai scelto","Jogo da nuvem, substituído pelo jogo deste dispositivo que escolheste","Jogo da nuvem, substituído pelo jogo deste dispositivo que você escolheu"
ui.error.title,Something broke.,Quelque chose a cassé.,Algo se ha roto.,Etwas ist kaputtgegangen.,Qualcosa si è rotto.,Algo correu mal.,Algo deu errado.
ui.error.body,Your progress is stored in this browser. Copy it somewhere safe before trying anything else.,Ta progression est stockée dans ce navigateur. Copie-la en lieu sûr avant d'essayer autre chose.,Tu progreso está guardado en este navegador. Cópialo en un lugar seguro antes de intentar nada más.,"Dein Fortschritt liegt in diesem Browser. Kopiere ihn an einen sicheren Ort, bevor du etwas anderes versuchst.",I tuoi progressi sono salvati in questo browser. Copiali in un posto sicuro prima di provare qualsiasi altra cosa.,O teu progresso está guardado neste navegador. Copia-o para um sítio seguro antes de tentares outra coisa.,Seu progresso está salvo neste navegador. Copie-o para um lugar seguro antes de tentar qualquer outra coisa.
ui.error.copySave,Copy save to clipboard,Copier la sauvegarde dans le presse-papiers,Copiar la partida al portapapeles,Spielstand in die Zwischenablage kopieren,Copia il salvataggio negli appunti,Copiar o jogo para a área de transferência,Copiar o jogo para a área de transferência
ui.error.reload,Reload,Recharger,Recargar,Neu laden,Ricarica,Recarregar,Recarregar
ui.error.titleScreen,Title screen,Écran-titre,Pantalla de título,Titelbildschirm,Schermata del titolo,Ecrã inicial,Tela inicial
ui.error.copied,Save copied.,Sauvegarde copiée.,Partida copiada.,Spielstand kopiert.,Salvataggio copiato.,Jogo copiado.,Jogo copiado.
ui.areaTypes.label,Encounter types,Types de rencontre,Tipos de encuentro,Begegnungstypen,Tipi degli incontri,Tipos dos encontros,Tipos dos encontros
ui.areaTypes.share,{pct} % of foes,{pct} % des adversaires,{pct} % de los rivales,{pct} % der Gegner,{pct} % degli avversari,{pct} % dos adversários,{pct} % dos adversários
ui.search.noMatch,No match,Aucun résultat,Sin resultados,Kein Treffer,Nessun risultato,Sem resultados,Sem resultados
ui.region.emptyBox,There are no Pokémon left in {region} — nothing to play it with.,Il ne reste aucun Pokémon en {region} — rien pour y jouer.,No queda ningún Pokémon en {region}: nada con lo que jugarla.,"In {region} sind keine Pokémon mehr — nichts, womit du sie spielen könntest.",Non ci sono più Pokémon in {region}: non c'è niente con cui giocarci.,Já não há Pokémon em {region} — não há com que jogar.,Não há mais Pokémon em {region} — não há com o que jogar.
ui.region.label,Region,Région,Región,Region,Regione,Região,Região
ui.region.newOpen,A new region is open,Une nouvelle région est ouverte,Se ha abierto una nueva región,Eine neue Region ist offen,Si è aperta una nuova regione,Abriu-se uma nova região,Uma nova região foi aberta
ui.region.newBody,"{region} is waiting. You will start over there — new partner, empty bag — but everything here stays exactly as you left it.","{region} t'attend. Tu y repartiras de zéro — nouveau partenaire, sac vide — mais tout ici restera exactement comme tu l'as laissé.","{region} te espera. Allí empezarás de cero —nuevo compañero, mochila vacía—, pero todo lo de aquí seguirá tal como lo dejaste.","{region} wartet. Dort fängst du neu an — neuer Partner, leerer Beutel —, aber hier bleibt alles genau so, wie du es verlassen hast.","{region} ti aspetta. Lì ricomincerai da capo, con un nuovo compagno e la borsa vuota, ma qui tutto resta esattamente come l'hai lasciato.","{region} está à tua espera. Lá recomeças do zero — novo parceiro, mochila vazia — mas tudo aqui fica exatamente como deixaste.","{region} está esperando por você. Lá você recomeça do zero — novo parceiro, mochila vazia — mas tudo aqui fica exatamente como você deixou."
ui.region.see,See {region},Voir {region},Ver {region},{region} ansehen,Vedi {region},Ver {region},Ver {region}
ui.region.awaits,{region} awaits,{region} t'attend,{region} te espera,{region} wartet,{region} ti aspetta,{region} espera por ti,{region} espera por você
ui.region.choosePartner,Choose your {region} partner,Choisis ton partenaire de {region},Elige tu compañero de {region},Wähle deinen {region}-Partner,Scegli il tuo compagno di {region},Escolhe o teu parceiro de {region},Escolha seu parceiro de {region}
ui.region.termsIntro,"You have beaten the league. Beyond {here} lies {region} — new routes, new gyms, and Pokémon you have never seen.","Tu as battu la Ligue. Au-delà de {here} se trouve {region} — de nouvelles routes, de nouvelles Arènes, et des Pokémon que tu n'as jamais vus.","Has vencido a la Liga. Más allá de {here} está {region}: nuevas rutas, nuevos gimnasios y Pokémon que nunca has visto.","Du hast die Liga besiegt. Hinter {here} liegt {region} — neue Routen, neue Arenen und Pokémon, die du nie gesehen hast.","Hai battuto la Lega. Oltre {here} si trova {region}: nuovi percorsi, nuove palestre e Pokémon che non hai mai visto.","Venceste a Liga. Para lá de {here} fica {region} — novas rotas, novos ginásios e Pokémon que nunca viste.","Você venceu a Liga. Além de {here} fica {region} — novas rotas, novos ginásios e Pokémon que você nunca viu."
ui.region.termsSelf,"You travel as yourself — same name, same character.","Tu voyages tel que tu es — même nom, même personnage.","Viajas siendo tú mismo: mismo nombre, mismo personaje.","Du reist als du selbst — gleicher Name, gleiche Figur.","Viaggi come te stesso: stesso nome, stesso personaggio.","Viajas como tu mesmo — mesmo nome, mesma personagem.","Você viaja como você mesmo — mesmo nome, mesmo personagem."
ui.region.termsStay,"Your Pokémon, your bag and your ₽ stay in {here}. You will choose a new partner there.","Tes Pokémon, ton sac et tes ₽ restent à {here}. Tu choisiras un nouveau partenaire là-bas.","Tus Pokémon, tu mochila y tus ₽ se quedan en {here}. Allí elegirás un nuevo compañero.","Deine Pokémon, dein Beutel und deine ₽ bleiben in {here}. Dort wählst du einen neuen Partner.","I tuoi Pokémon, la tua borsa e i tuoi ₽ restano a {here}. Lì sceglierai un nuovo compagno.","Os teus Pokémon, a tua mochila e os teus ₽ ficam em {here}. Lá vais escolher um novo parceiro.","Seus Pokémon, sua mochila e seus ₽ ficam em {here}. Lá você vai escolher um novo parceiro."
ui.region.termsBack,Come back any time from the Region row at the top of the Map.,Reviens quand tu veux depuis la ligne Région en haut de la Carte.,Vuelve cuando quieras desde la fila Región en lo alto del Mapa.,Komm jederzeit über die Regionszeile oben auf der Karte zurück.,Torna quando vuoi dalla riga Regione in cima alla Mappa.,Volta quando quiseres pela linha Região no topo do Mapa.,Volte quando quiser pela linha Região no topo do Mapa.
ui.region.termsSeparate,"Each region stays its own run: nothing pools. Once you have beaten its league, one Pokémon at a time can follow you on from its info sheet.","Chaque région reste une partie à part : rien ne se mélange. Une fois sa Ligue battue, tes Pokémon peuvent te suivre un par un depuis leur fiche.","Cada región sigue siendo una partida aparte: nada se mezcla. Una vez vencida su Liga, tus Pokémon pueden seguirte uno a uno desde su ficha.","Jede Region bleibt ein eigener Durchgang: nichts wird zusammengelegt. Ist ihre Liga besiegt, kann dir jeweils ein Pokémon von seiner Karte aus folgen.","Ogni regione resta una partita a sé: niente si mescola. Una volta battuta la sua Lega, un Pokémon alla volta può seguirti dalla sua scheda.","Cada região continua a ser um jogo à parte: nada se junta. Depois de venceres a Liga dela, um Pokémon de cada vez pode seguir-te a partir da ficha dele.","Cada região continua sendo um jogo à parte: nada se mistura. Depois que você vencer a Liga dela, um Pokémon de cada vez pode seguir você pela ficha dele."
ui.region.notYet,Not yet,Pas encore,Todavía no,Noch nicht,Non ancora,Ainda não,Ainda não
ui.region.goTo,Go to {region},Aller à {region},Ir a {region},Nach {region},Vai a {region},Ir para {region},Ir para {region}
ui.region.back,Back,Retour,Atrás,Zurück,Indietro,Voltar,Voltar
ui.region.pickOne,Pick one,Choisis-en un,Elige uno,Wähle eines,Scegline uno,Escolhe um,Escolha um
ui.region.setOff,Set off with {name},Partir avec {name},Partir con {name},Los mit {name},Parti con {name},Partir com {name},Partir com {name}
ui.region.welcomeBack,Welcome back to {region},Bon retour à {region},Bienvenido de nuevo a {region},Willkommen zurück in {region},Bentornato a {region},Bem-vindo de volta a {region},Bem-vindo de volta a {region}
ui.region.awaitsToast,{region} awaits!,{region} t'attend !,¡{region} te espera!,{region} wartet!,{region} ti aspetta!,{region} espera por ti!,{region} espera por você!
ui.region.finishFight,Finish this battle first,Termine d'abord ce combat,Termina antes este combate,Beende zuerst diesen Kampf,Prima finisci questa lotta,Termina primeiro esta batalha,Termine esta batalha primeiro
ui.region.closed,{region} is closed for now — your progress there is safe,{region} est fermée pour le moment — ta progression y est en sécurité,{region} está cerrada por ahora: tu progreso allí está a salvo,{region} ist vorerst geschlossen — dein Fortschritt dort ist sicher,{region} è chiusa per ora: i tuoi progressi lì sono al sicuro,{region} está fechada por agora — o teu progresso lá está seguro,{region} está fechada por enquanto — seu progresso lá está seguro
ui.evolution.evolving,What? {name} is evolving!,Hein ? {name} évolue !,¿Qué? ¡{name} está evolucionando!,Was? {name} entwickelt sich!,Cosa? {name} si sta evolvendo!,O quê? {name} está a evoluir!,O quê? {name} está evoluindo!
ui.evolution.evolved,{from} evolved into {to}!,{from} a évolué en {to} !,¡{from} ha evolucionado a {to}!,{from} hat sich zu {to} entwickelt!,{from} si è evoluto in {to}!,{from} evoluiu para {to}!,{from} evoluiu para {to}!
ui.sheet.sendOn,Send to {region},Envoyer à {region},Enviar a {region},Nach {region} schicken,Manda a {region},Enviar para {region},Enviar para {region}
ui.sheet.sendOnConfirm,Sure? Tap again,Sûr ? Touche encore,¿Seguro? Toca otra vez,Sicher? Nochmal tippen,Sicuro? Tocca di nuovo,Tens a certeza? Toca outra vez,Tem certeza? Toque de novo
ui.sheet.sendOnHint,{name} waits in your {region} Box. It does not come back.,{name} attendra dans ta Boîte de {region}. Il ne revient pas.,{name} esperará en tu Caja de {region}. No vuelve.,{name} wartet in deiner {region}-Box. Es kommt nicht zurück.,{name} aspetta nel tuo Box di {region}. Non tornerà indietro.,{name} espera na tua Caixa de {region}. Não volta.,{name} espera na sua Caixa de {region}. Ele não volta.
ui.sheet.sendOnLast,The last Pokémon of a region stays: you need a team to play it.,Le dernier Pokémon d'une région reste : il te faut une équipe pour y jouer.,El último Pokémon de una región se queda: necesitas un equipo para jugarla.,"Das letzte Pokémon einer Region bleibt: Du brauchst ein Team, um sie zu spielen.",L'ultimo Pokémon di una regione resta lì: serve una squadra per giocarci.,O último Pokémon de uma região fica: precisas de uma equipa para jogar lá.,O último Pokémon de uma região fica: você precisa de uma equipe para jogar lá.
ui.sheet.sendOnReviving,A fossil travels once it has revived.,Un fossile voyage une fois ranimé.,Un fósil viaja cuando ha revivido.,"Ein Fossil reist, sobald es wiederbelebt ist.",Un fossile parte solo dopo essere tornato in vita.,Um fóssil só viaja depois de ser reanimado.,Um fóssil só viaja depois de ser reanimado.
ui.sheet.sentOn,{name} is on its way to {region}!,{name} part pour {region} !,¡{name} va camino a {region}!,{name} ist unterwegs nach {region}!,{name} è in viaggio verso {region}!,{name} está a caminho de {region}!,{name} está a caminho de {region}!
ui.sheet.backStack,◀ Back,◀ Retour,◀ Atrás,◀ Zurück,◀ Indietro,◀ Voltar,◀ Voltar
ui.evolution.label,Evolution,Évolution,Evolución,Entwicklung,Evoluzione,Evolução,Evolução
ui.evolution.next,NEXT,SUIVANT,SIGUIENTE,WEITER,AVANTI,SEGUINTE,PRÓXIMO
ui.evolution.skip,SKIP ▸▸,PASSER ▸▸,OMITIR ▸▸,ÜBERSPRINGEN ▸▸,SALTA ▸▸,SALTAR ▸▸,PULAR ▸▸
ui.rounds.label,ROUNDS,MANCHES,RONDAS,RUNDEN,GIRI,RONDAS,RODADAS
ui.rounds.allDone,All {n} rounds done,Les {n} manches sont faites,Las {n} rondas completadas,Alle {n} Runden geschafft,Tutti i {n} giri completati,Todas as {n} rondas concluídas,Todas as {n} rodadas concluídas
ui.rounds.progress,{done} of {need} rounds done,{done} manches sur {need},{done} de {need} rondas completadas,{done} von {need} Runden geschafft,{done} giri completati su {need},{done} de {need} rondas concluídas,{done} de {need} rodadas concluídas
ui.tutorial.dayCareTitle,The Day Care is open!,La Pension est ouverte !,¡La Guardería está abierta!,Die Pension ist offen!,La Pensione è aperta!,A Creche está aberta!,A Creche está aberta!
ui.tutorial.dayCareBody,"{count} species in your Pokédex — well done! The Pokémon Day Care will now look after your Pokémon: leave one there and it trains on its own, even while you're away. And the couple has a free Egg waiting for you. Go and see them!","{count} espèces dans ton Pokédex — bravo ! La Pension Pokémon va maintenant s'occuper de tes Pokémon : laisses-en un là-bas et il s'entraîne tout seul, même hors du jeu. Et le couple t'a réservé un Œuf gratuit. Va les voir !","¡{count} especies en tu Pokédex, bien hecho! La Guardería Pokémon cuidará ahora de tus Pokémon: deja uno allí y entrenará solo, incluso mientras no juegas. Y la pareja te guarda un Huevo gratis. ¡Ve a verlos!","{count} Arten in deinem Pokédex — gut gemacht! Die Pokémon-Pension kümmert sich ab jetzt um deine Pokémon: Lass eines dort und es trainiert von selbst, auch während du weg bist. Und das Paar hat ein kostenloses Ei für dich. Schau vorbei!","{count} specie nel tuo Pokédex: ben fatto! Ora la Pensione Pokémon si occuperà dei tuoi Pokémon: lasciane uno lì e si allenerà da solo, anche quando non ci sei. E i coniugi hanno un Uovo gratis per te. Vai a trovarli!","{count} espécies na tua Pokédex — muito bem! A Creche Pokémon vai agora tomar conta dos teus Pokémon: deixa lá um e ele treina sozinho, mesmo quando não estás. E o casal tem um Ovo grátis à tua espera. Vai visitá-los!","{count} espécies na sua Pokédex — muito bem! A Creche Pokémon agora vai cuidar dos seus Pokémon: deixe um lá e ele treina sozinho, mesmo quando você não está. E o casal tem um Ovo grátis esperando por você. Vá visitá-los!"
ui.tutorial.goToDayCare,GO TO THE DAY CARE,ALLER À LA PENSION,IR A LA GUARDERÍA,ZUR PENSION,VAI ALLA PENSIONE,IR À CRECHE,IR À CRECHE
ui.tutorial.boardTitle,The leaderboard,Le classement,La clasificación,Die Bestenliste,La classifica,A classificação,A classificação
ui.tutorial.boardBody,"Trainers all over the world are on the same journey as you! The leaderboard ranks them by their best Pokémon level, how far they got, and their Pokédex. Open it any time with the trophy button at the top. Connect with Google to take your place on it!","Des Dresseurs du monde entier vivent le même voyage que toi ! Le classement les range selon le niveau de leur meilleur Pokémon, leur avancée et leur Pokédex. Ouvre-le quand tu veux avec le bouton trophée en haut. Connecte-toi avec Google pour y prendre ta place !","¡Entrenadores de todo el mundo están en el mismo viaje que tú! La clasificación los ordena por el nivel de su mejor Pokémon, lo lejos que han llegado y su Pokédex. Ábrela cuando quieras con el botón del trofeo de arriba. ¡Conéctate con Google para ocupar tu sitio en ella!","Trainer auf der ganzen Welt sind auf derselben Reise wie du! Die Bestenliste ordnet sie nach dem Level ihres besten Pokémon, wie weit sie gekommen sind und ihrem Pokédex. Öffne sie jederzeit mit der Pokal-Schaltfläche oben. Melde dich mit Google an, um deinen Platz einzunehmen!","Allenatori di tutto il mondo fanno il tuo stesso viaggio! La classifica li ordina per il livello del loro Pokémon migliore, per quanto sono arrivati lontano e per il Pokédex. Aprila quando vuoi con il pulsante del trofeo in alto. Collegati con Google per prendere il tuo posto!","Treinadores de todo o mundo fazem a mesma viagem que tu! A classificação ordena-os pelo nível do seu melhor Pokémon, por quão longe chegaram e pela sua Pokédex. Abre-a quando quiseres com o botão do troféu no topo. Liga-te com o Google para ocupares o teu lugar!","Treinadores do mundo todo estão na mesma jornada que você! A classificação ordena todos pelo nível do melhor Pokémon, por quão longe chegaram e pela Pokédex. Abra quando quiser pelo botão do troféu no topo. Conecte-se com o Google para ocupar o seu lugar!"
ui.tutorial.seeBoard,SEE THE LEADERBOARD,VOIR LE CLASSEMENT,VER LA CLASIFICACIÓN,ZUR BESTENLISTE,VEDI LA CLASSIFICA,VER A CLASSIFICAÇÃO,VER A CLASSIFICAÇÃO
ui.share.title,Enjoying the game?,Tu aimes le jeu ?,¿Te gusta el juego?,Gefällt dir das Spiel?,Ti piace il gioco?,Estás a gostar do jogo?,Está curtindo o jogo?
ui.share.body,You like the game? Share it to a friend!,Tu aimes le jeu ? Partage-le à un ami !,¿Te gusta el juego? ¡Compártelo con un amigo!,Gefällt dir das Spiel? Teile es mit einem Freund!,Ti piace il gioco? Condividilo con un amico!,Gostas do jogo? Partilha-o com um amigo!,Gostou do jogo? Compartilhe com um amigo!
ui.share.button,SHARE,PARTAGER,COMPARTIR,TEILEN,CONDIVIDI,PARTILHAR,COMPARTILHAR
ui.share.later,LATER,PLUS TARD,MÁS TARDE,SPÄTER,PIÙ TARDI,MAIS TARDE,MAIS TARDE
ui.share.text,Catch them all with dice in Pokédice!,Attrape-les tous avec des dés dans Pokédice !,¡Atrápalos a todos con dados en Pokédice!,Schnapp sie dir alle mit Würfeln in Pokédice!,Acchiappali tutti con i dadi in Pokédice!,Apanha-os todos com dados no Pokédice!,Pegue todos com dados no Pokédice!
ui.share.copied,Link copied — send it to a friend!,Lien copié — envoie-le à un ami !,Enlace copiado: ¡envíaselo a un amigo!,Link kopiert — schick ihn einem Freund!,Link copiato: mandalo a un amico!,Link copiado — envia-o a um amigo!,Link copiado — mande para um amigo!
ui.account.connect,CONNECT,SE CONNECTER,CONECTAR,VERBINDEN,COLLEGATI,LIGAR,CONECTAR
ui.account.connectLabel,Connect with Google to back up your save,Se connecter avec Google pour sauvegarder ta partie,Conectar con Google para guardar tu partida,"Mit Google verbinden, um deinen Spielstand zu sichern",Collegati con Google per fare il backup del salvataggio,Liga-te com o Google para guardar uma cópia do teu jogo,Conecte-se com o Google para fazer backup do seu jogo
ui.account.connected,CONNECTED,CONNECTÉ,CONECTADO,VERBUNDEN,COLLEGATO,LIGADO,CONECTADO
ui.account.connectedLabel,Connected as {who} — tap to disconnect,Connecté en tant que {who} — touche pour te déconnecter,Conectado como {who}: toca para desconectar,Verbunden als {who} — zum Trennen tippen,Collegato come {who}: tocca per scollegarti,Ligado como {who} — toca para desligar,Conectado como {who} — toque para desconectar
ui.account.disconnect,DISCONNECT,SE DÉCONNECTER,DESCONECTAR,TRENNEN,SCOLLEGATI,DESLIGAR,DESCONECTAR
ui.account.disconnectTitle,Disconnect?,Se déconnecter ?,¿Desconectar?,Trennen?,Scollegarti?,Desligar?,Desconectar?
ui.account.disconnectBody,Your save stays in this browser{who}. You can connect again at any time.,Ta sauvegarde reste dans ce navigateur{who}. Tu peux te reconnecter quand tu veux.,Tu partida se queda en este navegador{who}. Puedes volver a conectarte cuando quieras.,Dein Spielstand bleibt in diesem Browser{who}. Du kannst dich jederzeit wieder verbinden.,Il tuo salvataggio resta in questo browser{who}. Puoi ricollegarti in qualsiasi momento.,O teu jogo fica neste navegador{who}. Podes voltar a ligar-te a qualquer momento.,Seu jogo fica neste navegador{who}. Você pode se conectar de novo a qualquer momento.
ui.account.backedUpAs,", and the cloud copy made as {who} is kept",", et la copie en ligne faite avec {who} est conservée",", y se conserva la copia en la nube hecha como {who}",", und die als {who} erstellte Cloud-Kopie bleibt erhalten",", e la copia nel cloud fatta come {who} viene conservata",", e a cópia na nuvem feita como {who} é mantida",", e a cópia na nuvem feita como {who} é mantida"
ui.profile.title,Trainer card,Carte de Dresseur,Tarjeta de Entrenador,Trainerkarte,Scheda allenatore,Cartão de treinador,Cartão de treinador
ui.profile.menuLabel,Your trainer menu,Ton menu de Dresseur,Tu menú de Entrenador,Dein Trainer-Menü,Il tuo menu allenatore,O teu menu de treinador,Seu menu de treinador
ui.profile.guide,How to play,Comment jouer,Cómo jugar,Spielanleitung,Come si gioca,Como jogar,Como jogar
ui.profile.badgeCase,Badge case,Boîte à badges,Estuche de medallas,Ordensetui,Portamedaglie,Estojo de insígnias,Estojo de insígnias
ui.profile.badgeLocked,{badge} — not earned yet,{badge} — pas encore gagné,{badge}: aún no conseguida,{badge} — noch nicht verdient,{badge}: non ancora ottenuta,{badge} — ainda não conquistada,{badge} — ainda não conquistada
ui.profile.crownHint,The crown is for clearing the region's last area.,La couronne récompense la dernière zone de la région.,La corona es por completar la última zona de la región.,Die Krone gibt es für das letzte Gebiet der Region.,La corona si ottiene completando l'ultima area della regione.,A coroa é para quem conclui a última área da região.,A coroa é para quem conclui a última área da região.
ui.contact.button,Contact the developer,Contacter le développeur,Contactar al desarrollador,Entwickler kontaktieren,Contatta lo sviluppatore,Contactar o programador,Falar com o desenvolvedor
ui.contact.title,Contact the developer,Contacter le développeur,Contactar al desarrollador,Entwickler kontaktieren,Contatta lo sviluppatore,Contactar o programador,Falar com o desenvolvedor
ui.contact.warning,"This project was built by a solo developer and is free, there is no customer support but I accept all feedback and ideas","Ce projet a été créé par un développeur seul et il est gratuit, il n'y a pas de service client mais j'accepte tous les retours et toutes les idées","Este proyecto lo ha creado un desarrollador en solitario y es gratuito, no hay atención al cliente pero acepto todos los comentarios e ideas","Dieses Projekt wurde von einem einzelnen Entwickler gebaut und ist kostenlos, es gibt keinen Kundensupport, aber ich freue mich über jedes Feedback und jede Idee","Questo progetto è stato realizzato da uno sviluppatore indipendente ed è gratuito: non c'è assistenza clienti, ma accetto ogni commento e idea","Este projeto foi feito por um programador independente e é gratuito; não há apoio ao cliente, mas aceito todas as opiniões e ideias","Este projeto foi feito por um desenvolvedor independente e é gratuito; não há suporte ao cliente, mas aceito todas as opiniões e ideias"
ui.contact.subject,Title,Titre,Título,Titel,Titolo,Título,Título
ui.contact.message,Description,Description,Descripción,Beschreibung,Descrizione,Descrição,Descrição
ui.contact.send,SEND,ENVOYER,ENVIAR,SENDEN,INVIA,ENVIAR,ENVIAR
ui.contact.sending,Sending…,Envoi…,Enviando…,Wird gesendet…,Invio in corso…,A enviar…,Enviando…
ui.contact.sent,Message sent — thank you!,Message envoyé — merci !,Mensaje enviado. ¡Gracias!,Nachricht gesendet – danke!,"Messaggio inviato, grazie!",Mensagem enviada — obrigado!,Mensagem enviada — obrigado!
ui.contact.failed,Couldn't send the message. Check your connection and try again.,Impossible d'envoyer le message. Vérifie ta connexion et réessaie.,No se pudo enviar el mensaje. Revisa tu conexión y vuelve a intentarlo.,Die Nachricht konnte nicht gesendet werden. Prüfe deine Verbindung und versuche es erneut.,Impossibile inviare il messaggio. Controlla la connessione e riprova.,Não foi possível enviar a mensagem. Verifica a tua ligação e tenta outra vez.,Não foi possível enviar a mensagem. Verifique sua conexão e tente de novo.
ui.contact.rateLimited,You've sent a few messages just now. Please wait a few minutes before sending another.,Tu viens d'envoyer plusieurs messages. Attends quelques minutes avant d'en envoyer un autre.,Acabas de enviar varios mensajes. Espera unos minutos antes de enviar otro.,"Du hast gerade mehrere Nachrichten gesendet. Warte ein paar Minuten, bevor du die nächste sendest.",Hai appena inviato diversi messaggi. Aspetta qualche minuto prima di inviarne un altro.,Acabaste de enviar várias mensagens. Espera alguns minutos antes de enviares outra.,Você acabou de enviar várias mensagens. Espere alguns minutos antes de enviar outra.
ui.toast.tooPoor,Not enough Pokédollars,Pas assez de Pokédollars,No tienes suficientes Pokédólares,Nicht genug Pokédollar,Non hai abbastanza Pokédollari,Não tens Pokédólares suficientes,Pokédólares insuficientes
ui.toast.noEffect,It won't have any effect.,Ça n'aurait aucun effet.,No tendría ningún efecto.,Das hätte keine Wirkung.,Non avrà alcun effetto.,Não vai ter efeito nenhum.,Não vai ter nenhum efeito.
ui.toast.grewTo,{name} grew to Lv.{level}!,{name} passe au N.{level} !,¡{name} sube al Nv.{level}!,{name} ist auf Lv.{level} gestiegen!,{name} è salito al Lv.{level}!,{name} subiu para o Nv.{level}!,{name} subiu para o Nv.{level}!
ui.toast.dayCareFull,The Day Care is full,La Pension est pleine,La Guardería está llena,Die Pension ist voll,La Pensione è piena,A Creche está cheia,A Creche está cheia
ui.toast.keepOne,Keep at least one Pokémon in your team,Garde au moins un Pokémon dans ton équipe,Conserva al menos un Pokémon en tu equipo,Behalte mindestens ein Pokémon im Team,Tieni almeno un Pokémon in squadra,Mantém pelo menos um Pokémon na equipa,Mantenha pelo menos um Pokémon na equipe
ui.toast.notWithYou,That Pokémon is not with you,Ce Pokémon n'est pas avec toi,Ese Pokémon no está contigo,Dieses Pokémon ist nicht bei dir,Quel Pokémon non è con te,Esse Pokémon não está contigo,Esse Pokémon não está com você
ui.toast.stillReviving,It is still being revived,Il est encore en train de revivre,Todavía está reviviendo,Es wird noch wiederbelebt,Sta ancora tornando in vita,Ainda está a ser reanimado,Ainda está sendo reanimado
ui.toast.revivedFossil,{name} was revived from its fossil!,{name} a revécu depuis son fossile !,¡{name} ha revivido de su fósil!,{name} wurde aus seinem Fossil wiederbelebt!,{name} è tornato in vita dal suo fossile!,{name} foi reanimado a partir do fóssil!,{name} foi reanimado do fóssil!
ui.toast.releasedWeaker,{name} Lv.{level} left: you have a stronger one,{name} N.{level} est parti : tu en as un plus fort,{name} Nv.{level} se ha ido: tienes uno más fuerte,{name} Lv.{level} ist gegangen: Du hast ein stärkeres,{name} Lv.{level} se n'è andato: ne hai uno più forte,{name} Nv.{level} partiu: tens um mais forte,{name} Nv.{level} foi embora: você tem um mais forte
ui.toast.areaCleared,{area} cleared!{next},{area} terminée !{next},¡{area} completada!{next},{area} abgeschlossen!{next},{area} completata!{next},{area} concluída!{next},{area} concluída!{next}
ui.toast.nextOpen, {name} is open., {name} est ouverte., {name} está disponible., {name} ist offen., {name} è aperta., {name} está aberta., {name} está aberta.
ui.toast.theArea,Area,La zone,La zona,Gebiet,Area,Área,Área
ui.toast.roundOf,Round {done}/{need} complete!,Manche {done}/{need} terminée !,¡Ronda {done}/{need} completada!,Runde {done}/{need} abgeschlossen!,Giro {done}/{need} completato!,Ronda {done}/{need} concluída!,Rodada {done}/{need} concluída!
ui.toast.round,Round {done} complete!,Manche {done} terminée !,¡Ronda {done} completada!,Runde {done} abgeschlossen!,Giro {done} completato!,Ronda {done} concluída!,Rodada {done} concluída!
ui.toast.outOfEnergy,Out of energy — it refills over time.,Plus d'énergie — elle se recharge avec le temps.,Sin energía: se recarga con el tiempo.,Keine Energie — sie füllt sich mit der Zeit wieder auf.,Energia esaurita: si ricarica col tempo.,Sem energia — recarrega com o tempo.,Sem energia — recarrega com o tempo.
ui.toast.slippedPast,You slipped past the trainer.,Tu as esquivé le Dresseur.,Has esquivado al Entrenador.,Du bist am Trainer vorbeigeschlüpft.,Sei sgusciato via dall'allenatore.,Passaste pelo treinador sem ele te ver.,Você passou pelo treinador sem ele ver.
ui.toast.gotAway,Got away safely!,Fuite réussie !,¡Has escapado sin problemas!,Erfolgreich geflohen!,Fuga riuscita!,Fugiste em segurança!,Você fugiu em segurança!
ui.toast.foundFossil,You found a {item}! {name} will be revived in {hours} h — it's waiting in your Box.,Tu as trouvé {item} ! {name} revivra dans {hours} h — il t'attend dans ta Boîte.,¡Has encontrado {item}! {name} revivirá en {hours} h: te espera en tu Caja.,Du hast {item} gefunden! {name} wird in {hours} Std. wiederbelebt — es wartet in deiner Box.,Hai trovato {item}! {name} tornerà in vita tra {hours} h: ti aspetta nel Box.,Encontraste {item}! {name} vai ser reanimado daqui a {hours} h — está à tua espera na Caixa.,Você encontrou {item}! {name} vai ser reanimado em {hours} h — está esperando na sua Caixa.
ui.toast.itsPokemon,Its Pokémon,Son Pokémon,Su Pokémon,Sein Pokémon,Il suo Pokémon,O seu Pokémon,O Pokémon dele
ui.toast.found,You found {what}!,Tu as trouvé {what} !,¡Has encontrado {what}!,Du hast {what} gefunden!,Hai trovato {what}!,Encontraste {what}!,Você encontrou {what}!
ui.toast.trainerBeaten,Trainer defeated! +₽{gold},Dresseur vaincu ! +₽{gold},¡Entrenador derrotado! +₽{gold},Trainer besiegt! +₽{gold},Allenatore sconfitto! +₽{gold},Treinador derrotado! +₽{gold},Treinador derrotado! +₽{gold}
ui.toast.cloudNewer,Cloud save loaded — it was newer,Sauvegarde en ligne chargée — elle était plus récente,Partida de la nube cargada: era más reciente,Cloud-Spielstand geladen — er war neuer,Caricato il salvataggio nel cloud: era più recente,Jogo da nuvem carregado — era mais recente,Jogo da nuvem carregado — era mais recente
ui.toast.localNewer,Local save kept — it was newer,Sauvegarde locale conservée — elle était plus récente,Partida local conservada: era más reciente,Lokaler Spielstand behalten — er war neuer,Tenuto il salvataggio locale: era più recente,Jogo local mantido — era mais recente,Jogo local mantido — era mais recente
ui.toast.backedUp,Save backed up to the cloud,Sauvegarde envoyée dans le cloud,Partida guardada en la nube,Spielstand in der Cloud gesichert,Salvataggio copiato nel cloud,Cópia do jogo guardada na nuvem,Backup do jogo feito na nuvem
ui.toast.syncUnavailable,Cloud sync unavailable — playing locally,Synchronisation indisponible — partie locale,Sincronización no disponible: jugando en local,Cloud-Sync nicht verfügbar — es wird lokal gespielt,Sincronizzazione cloud non disponibile: giochi in locale,Sincronização na nuvem indisponível — a jogar localmente,Sincronização na nuvem indisponível — jogando localmente
ui.toast.cloudLoaded,Cloud save loaded,Sauvegarde en ligne chargée,Partida de la nube cargada,Cloud-Spielstand geladen,Salvataggio nel cloud caricato,Jogo da nuvem carregado,Jogo da nuvem carregado
ui.toast.localKept,This device's save kept and backed up,La sauvegarde de cet appareil est conservée et sauvegardée,La partida de este dispositivo se conserva y se respalda,Der Spielstand dieses Geräts wird behalten und gesichert,"Tenuto il salvataggio di questo dispositivo, con backup",Jogo deste dispositivo mantido e copiado para a nuvem,Jogo deste dispositivo mantido e com backup feito
ui.toast.cloudNotConfigured,Cloud backup is not configured on this site,La sauvegarde en ligne n'est pas configurée sur ce site,La copia en la nube no está configurada en este sitio,Cloud-Backup ist auf dieser Seite nicht eingerichtet,Il backup nel cloud non è configurato su questo sito,A cópia na nuvem não está configurada neste site,O backup na nuvem não está configurado neste site
ui.toast.signedOut,Signed out — your local save is kept,Déconnecté — ta sauvegarde locale est conservée,Sesión cerrada: se conserva tu partida local,Abgemeldet — dein lokaler Spielstand bleibt erhalten,Disconnesso: il salvataggio locale resta,Sessão terminada — o teu jogo local fica guardado,Você saiu — seu jogo local continua salvo
ui.toast.contentUpdated,Content updated,Contenu mis à jour,Contenido actualizado,Inhalt aktualisiert,Contenuti aggiornati,Conteúdo atualizado,Conteúdo atualizado
ui.die.name,{type} die,Dé {type},Dado {type},{type}-Würfel,Dado {type},Dado {type},Dado {type}
ui.die.withFace,"{type} die, {face}","Dé {type}, {face}","Dado {type}, {face}","{type}-Würfel, {face}","Dado {type}, {face}","Dado {type}, {face}","Dado {type}, {face}"
ui.die.statusFace,{status} ({value}),{status} ({value}),{status} ({value}),{status} ({value}),{status} ({value}),{status} ({value}),{status} ({value})
ui.die.set,Dice: {types},Dés : {types},Dados: {types},Würfel: {types},Dadi: {types},Dados: {types},Dados: {types}
ui.area.roundProgress.one,This round: {done} of {total} encounters done,Cette manche : {done} rencontre sur {total},Esta ronda: {done} de {total} encuentros,Diese Runde: {done} von {total} Begegnungen,Questo giro: {done} incontro su {total},Esta ronda: {done} de {total} encontros feitos,Esta rodada: {done} de {total} encontros feitos
ui.newGame.heading,New game,Nouvelle partie,Nueva partida,Neues Spiel,Nuova partita,Novo jogo,Novo jogo
ui.newGame.oak,Professor Oak,Professeur Chen,Profesor Oak,Professor Eich,Professor Oak,Professor Carvalho,Professor Carvalho
ui.newGame.oakTag,PROF. OAK,PR. CHEN,PROF. OAK,PROF. EICH,PROF. OAK,PROF. CARVALHO,PROF. CARVALHO
ui.newGame.intro1,Welcome to the world of POKÉDICE!,Bienvenue dans le monde de POKÉDICE !,¡Bienvenido al mundo de POKÉDICE!,Willkommen in der Welt von POKÉDICE!,Benvenuto nel mondo di POKÉDICE!,Bem-vindo ao mundo de POKÉDICE!,Bem-vindo ao mundo de POKÉDICE!
ui.newGame.intro2,"Here, Pokémon battle with dice. Every Pokémon carries its own set — typed dice hit harder against the right foes.","Ici, les Pokémon combattent avec des dés. Chaque Pokémon a son propre jeu — les dés typés frappent plus fort contre les bons adversaires.",Aquí los Pokémon combaten con dados. Cada Pokémon lleva su propio juego: los dados de tipo golpean más fuerte contra el rival adecuado.,Hier kämpfen Pokémon mit Würfeln. Jedes Pokémon hat sein eigenes Set — Typ-Würfel treffen gegen die richtigen Gegner härter.,Qui i Pokémon lottano con i dadi. Ogni Pokémon ha il suo set: i dadi con un tipo colpiscono più forte contro gli avversari giusti.,"Aqui, os Pokémon lutam com dados. Cada Pokémon tem o seu próprio conjunto — os dados com tipo acertam mais forte nos adversários certos.","Aqui, os Pokémon lutam com dados. Cada Pokémon tem seu próprio conjunto — os dados com tipo acertam mais forte nos adversários certos."
ui.newGame.intro3,"Throw, keep the dice you like, reroll the rest… then ATTACK. Pairs, straights and full houses add bonus damage.","Lance, garde les dés qui te plaisent, relance les autres… puis ATTAQUE. Paires, suites et fulls ajoutent des dégâts bonus.","Tira, quédate con los dados que quieras, vuelve a tirar el resto… y luego ATACA. Parejas, escaleras y fulls añaden daño extra.","Wirf, behalte die Würfel, die dir gefallen, würfle den Rest neu … und dann ANGRIFF. Paare, Straßen und Full Houses geben Bonusschaden.","Lancia, tieni i dadi che ti piacciono, rilancia gli altri… poi ATTACCA. Coppie, scale e full aggiungono danni bonus.","Lança, fica com os dados de que gostas, relança os outros… e depois ATACA. Pares, sequências e full houses dão dano extra.","Lance, fique com os dados de que gostar, relance o resto… e depois ATAQUE. Pares, sequências e full houses dão dano extra."
ui.newGame.intro4,Trainers pay in Pokédollars (₽). Spend them on upgrades that make every die and combo stronger. Now — choose your first partner!,Les Dresseurs paient en Pokédollars (₽). Dépense-les en améliorations qui renforcent chaque dé et chaque combo. Maintenant — choisis ton premier partenaire !,Los Entrenadores pagan en Pokédólares (₽). Gástalos en mejoras que refuerzan cada dado y cada combo. Y ahora… ¡elige a tu primer compañero!,"Trainer zahlen in Pokédollar (₽). Gib sie für Upgrades aus, die jeden Würfel und jeden Combo stärker machen. Und nun — wähle deinen ersten Partner!",Gli allenatori pagano in Pokédollari (₽). Spendili in potenziamenti che rendono più forti ogni dado e ogni combo. E ora scegli il tuo primo compagno!,Os treinadores pagam em Pokédólares (₽). Gasta-os em melhorias que tornam cada dado e cada combo mais fortes. Agora — escolhe o teu primeiro parceiro!,Os treinadores pagam em Pokédólares (₽). Gaste-os em melhorias que deixam cada dado e cada combo mais fortes. Agora — escolha seu primeiro parceiro!
ui.newGame.skipIntro,Skip intro,Passer l'intro,Saltar intro,Intro überspringen,Salta l'introduzione,Saltar a introdução,Pular a introdução
ui.newGame.next,NEXT ▸,SUIVANT ▸,SIGUIENTE ▸,WEITER ▸,AVANTI ▸,SEGUINTE ▸,PRÓXIMO ▸
ui.newGame.choosePartner,Choose your partner,Choisis ton partenaire,Elige a tu compañero,Wähle deinen Partner,Scegli il tuo compagno,Escolhe o teu parceiro,Escolha seu parceiro
ui.newGame.info,Info,Infos,Info,Info,Info,Info,Info
ui.newGame.monInfo,{name} info,Infos sur {name},Información de {name},Infos zu {name},Info su {name},Info de {name},Info de {name}
ui.newGame.details,Pokémon details,Détails du Pokémon,Detalles del Pokémon,Pokémon-Details,Dettagli del Pokémon,Detalhes do Pokémon,Detalhes do Pokémon
ui.newGame.choose,Choose {name},Choisir {name},Elegir a {name},{name} wählen,Scegli {name},Escolher {name},Escolher {name}
ui.newGame.confirmTitle,{name}?,{name} ?,¿{name}?,{name}?,{name}?,{name}?,{name}?
ui.newGame.confirmBody,Set off with {name} as your partner?,Partir avec {name} comme partenaire ?,¿Salir de viaje con {name} como compañero?,Mit {name} als Partner aufbrechen?,Partire con {name} come compagno?,Partir com {name} como parceiro?,Partir com {name} como parceiro?
ui.newGame.notYet,Not yet,Pas encore,Todavía no,Noch nicht,Non ancora,Ainda não,Ainda não
ui.newGame.yes,YES!,OUI !,¡SÍ!,JA!,SÌ!,SIM!,SIM!
ui.newGame.selectCharacter,Select your character,Choisis ton personnage,Elige tu personaje,Wähle deine Figur,Scegli il tuo personaggio,Escolhe a tua personagem,Escolha seu personagem
ui.newGame.character,Character,Personnage,Personaje,Figur,Personaggio,Personagem,Personagem
ui.newGame.characterN,Character {n},Personnage {n},Personaje {n},Figur {n},Personaggio {n},Personagem {n},Personagem {n}
ui.newGame.yourName,Your name,Ton nom,Tu nombre,Dein Name,Il tuo nome,O teu nome,Seu nome
ui.battle.rerollsLeft,Rerolls left,Relances restantes,Tiradas restantes,Verbleibende Neuwürfe,Rilanci rimasti,Relançamentos restantes,Relançamentos restantes
ui.battle.rerollsOf,{left}/{max} rerolls,{left}/{max} relances,{left}/{max} tiradas,{left}/{max} Neuwürfe,{left}/{max} rilanci,{left}/{max} relançamentos,{left}/{max} relançamentos
ui.help.goalRegions,"Beating a league opens the region beyond it. You arrive with nothing but your character — a new partner, an empty bag — and every region stays its own run: its Box, its bag, its ₽ and its upgrades never mix. Switch back any time from the Region row at the top of the Map. Once a region's league is beaten, one of its Pokémon can follow you on from its info sheet, if the next region's Pokédex holds it.","Battre une Ligue ouvre la région suivante. Tu y arrives avec ton seul personnage — un nouveau partenaire, un sac vide — et chaque région reste une partie à part : sa Boîte, son sac, ses ₽ et ses améliorations ne se mélangent jamais. Reviens quand tu veux depuis la ligne Région en haut de la Carte. Une fois la Ligue d'une région battue, un de ses Pokémon peut te suivre depuis sa fiche, si le Pokédex de la région suivante l'accueille.","Vencer una Liga abre la región siguiente. Llegas solo con tu personaje —un nuevo compañero, una mochila vacía— y cada región sigue siendo una partida aparte: su Caja, su mochila, sus ₽ y sus mejoras nunca se mezclan. Vuelve cuando quieras desde la fila Región en lo alto del Mapa. Una vez vencida la Liga de una región, uno de sus Pokémon puede seguirte desde su ficha, si la Pokédex de la región siguiente lo incluye.","Eine Liga zu besiegen öffnet die Region dahinter. Du kommst nur mit deiner Figur an — ein neuer Partner, ein leerer Beutel — und jede Region bleibt ein eigener Durchgang: Box, Beutel, ₽ und Upgrades vermischen sich nie. Wechsle jederzeit über die Regionszeile oben auf der Karte zurück. Ist die Liga einer Region besiegt, kann eines ihrer Pokémon dir von seiner Karte aus folgen, wenn der Pokédex der nächsten Region es kennt.","Battere una Lega apre la regione successiva. Ci arrivi solo con il tuo personaggio, un nuovo compagno e la borsa vuota, e ogni regione resta una partita a sé: Box, borsa, ₽ e potenziamenti non si mescolano mai. Torna indietro quando vuoi dalla riga Regione in cima alla Mappa. Una volta battuta la Lega di una regione, uno dei suoi Pokémon può seguirti dalla sua scheda, se il Pokédex della regione successiva lo contiene.","Vencer uma Liga abre a região seguinte. Chegas lá só com a tua personagem — um novo parceiro, a mochila vazia — e cada região continua a ser um jogo à parte: a Caixa, a mochila, os ₽ e as melhorias nunca se misturam. Volta quando quiseres pela linha Região no topo do Mapa. Depois de venceres a Liga de uma região, um dos seus Pokémon pode seguir-te a partir da ficha dele, se a Pokédex da região seguinte o incluir.","Vencer uma Liga abre a região seguinte. Você chega lá só com seu personagem — um novo parceiro, a mochila vazia — e cada região continua sendo um jogo à parte: a Caixa, a mochila, os ₽ e as melhorias nunca se misturam. Volte quando quiser pela linha Região no topo do Mapa. Depois que você vence a Liga de uma região, um dos Pokémon dela pode seguir você pela ficha dele, se a Pokédex da próxima região o incluir."
ui.dex.completeIn, in {region}, à {region}, en {region}, in {region}, in {region}, em {region}, em {region}
ui.settings.title,Settings,Réglages,Ajustes,Einstellungen,Impostazioni,Definições,Configurações
ui.settings.howToPlay,How to play,Comment jouer,Cómo jugar,Spielanleitung,Come si gioca,Como jogar,Como jogar
ui.settings.howToPlayHint,"The rules, the dice, status effects and the type chart.","Les règles, les dés, les statuts et la table des types.","Las reglas, los dados, los estados y la tabla de tipos.","Die Regeln, die Würfel, die Statusprobleme und die Typentabelle.","Le regole, i dadi, gli stati e la tabella dei tipi.","As regras, os dados, os estados e a tabela de tipos.","As regras, os dados, os status e a tabela de tipos."
ui.settings.game,Game,Jeu,Juego,Spiel,Gioco,Jogo,Jogo
ui.settings.sfx,Sound effects,Effets sonores,Efectos de sonido,Soundeffekte,Effetti sonori,Efeitos sonoros,Efeitos sonoros
ui.settings.sfxHint,"8-bit SFX, off by default","Bruitages 8-bit, désactivés par défaut","Efectos de 8 bits, desactivados por defecto","8-Bit-Sounds, standardmäßig aus","Effetti a 8 bit, disattivati di default","Efeitos de 8 bits, desligados por predefinição","Efeitos de 8 bits, desativados por padrão"
ui.settings.multiExp,Multi EXP,Multi EXP,Multi EXP,Multi-EP,Condividi Esp.,Exp. Partilhada,Exp. Compartilhada
ui.settings.multiExpHint,Team members who didn't fight still get {share}.,Les membres de l'équipe qui n'ont pas combattu reçoivent quand même {share}.,Los miembros del equipo que no combatieron reciben igualmente {share}.,"Teammitglieder, die nicht gekämpft haben, bekommen trotzdem {share}.",I membri della squadra che non hanno lottato ricevono comunque {share}.,Os membros da equipa que não lutaram recebem mesmo assim {share}.,Os membros da equipe que não lutaram ainda recebem {share}.
ui.settings.multiExpOff,Disabled by the game settings right now.,Désactivé par les réglages du jeu pour le moment.,Desactivado por los ajustes del juego ahora mismo.,Zurzeit durch die Spieleinstellungen deaktiviert.,Disattivato per ora dalle impostazioni del gioco.,Desativado de momento pelas definições do jogo.,Desativado no momento pelas configurações do jogo.
ui.settings.reducedMotion,Reduced motion,Animations réduites,Menos animaciones,Reduzierte Bewegung,Movimento ridotto,Movimento reduzido,Movimento reduzido
ui.settings.reducedMotionHint,"Instant transitions, no shake or particles. Your OS setting is respected too.","Transitions instantanées, ni secousses ni particules. Le réglage de ton système est aussi respecté.","Transiciones instantáneas, sin sacudidas ni partículas. También se respeta el ajuste de tu sistema.","Sofortige Übergänge, kein Wackeln, keine Partikel. Die Einstellung deines Systems wird ebenfalls beachtet.","Transizioni istantanee, niente scosse né particelle. Viene rispettata anche l'impostazione del sistema.","Transições instantâneas, sem tremores nem partículas. A definição do teu sistema também é respeitada.","Transições instantâneas, sem tremores nem partículas. A configuração do seu sistema também é respeitada."
ui.settings.language,Language,Langue,Idioma,Sprache,Lingua,Idioma,Idioma
ui.settings.languageHint,"Pokémon, trainers and every menu follow your choice. Your browser's language is picked by default.","Les Pokémon, les Dresseurs et tous les menus suivent ton choix. La langue de ton navigateur est choisie par défaut.","Los Pokémon, los Entrenadores y todos los menús siguen tu elección. Por defecto se usa el idioma de tu navegador.","Pokémon, Trainer und alle Menüs folgen deiner Wahl. Standardmäßig wird die Sprache deines Browsers gewählt.","Pokémon, allenatori e tutti i menu seguono la tua scelta. Di default viene scelta la lingua del browser.","Os Pokémon, os treinadores e todos os menus seguem a tua escolha. Por predefinição, é usado o idioma do navegador.","Os Pokémon, os treinadores e todos os menus seguem sua escolha. Por padrão, é usado o idioma do navegador."
ui.settings.character,Your character,Ton personnage,Tu personaje,Deine Figur,Il tuo personaggio,A tua personagem,Seu personagem
ui.settings.noName,No name yet,Pas encore de nom,Aún sin nombre,Noch kein Name,Ancora senza nome,Ainda sem nome,Ainda sem nome
ui.settings.change,CHANGE,CHANGER,CAMBIAR,ÄNDERN,CAMBIA,ALTERAR,MUDAR
ui.settings.save,SAVE,ENREGISTRER,GUARDAR,SPEICHERN,SALVA,GUARDAR,SALVAR
ui.settings.admin,Admin,Admin,Admin,Admin,Admin,Admin,Admin
ui.settings.openAdmin,Open the admin,Ouvrir l'admin,Abrir el panel de admin,Admin öffnen,Apri l'admin,Abrir o admin,Abrir o admin
ui.settings.cloud,Cloud backup,Sauvegarde en ligne,Copia en la nube,Cloud-Backup,Backup nel cloud,Cópia na nuvem,Backup na nuvem
ui.settings.cloudOff,Cloud backup isn't configured on this deployment. Your save lives in this browser.,La sauvegarde en ligne n'est pas configurée sur ce déploiement. Ta sauvegarde vit dans ce navigateur.,La copia en la nube no está configurada en este despliegue. Tu partida vive en este navegador.,Cloud-Backup ist in diesem Deployment nicht eingerichtet. Dein Spielstand lebt in diesem Browser.,Il backup nel cloud non è configurato su questa installazione. Il tuo salvataggio vive in questo browser.,A cópia na nuvem não está configurada nesta instalação. O teu jogo vive neste navegador.,O backup na nuvem não está configurado nesta instalação. Seu jogo fica neste navegador.
ui.settings.cloudHow,How to set it up,Comment la configurer,Cómo configurarla,So richtest du es ein,Come configurarlo,Como configurar,Como configurar
ui.settings.cloudOn,Backed up as {who}.,Sauvegardé en tant que {who}.,Copia guardada como {who}.,Gesichert als {who}.,Backup fatto come {who}.,Cópia feita como {who}.,Backup feito como {who}.
ui.settings.yourGoogle,your Google account,ton compte Google,tu cuenta de Google,dein Google-Konto,il tuo account Google,a tua conta Google,sua conta Google
ui.settings.cloudConnect,Connect to back up your save and play on other devices. Optional.,Connecte-toi pour sauvegarder ta partie et jouer sur d'autres appareils. Facultatif.,Conéctate para guardar tu partida y jugar en otros dispositivos. Opcional.,"Verbinde dich, um deinen Spielstand zu sichern und auf anderen Geräten zu spielen. Optional.",Collegati per fare il backup del salvataggio e giocare su altri dispositivi. Facoltativo.,Liga-te para guardar uma cópia do teu jogo e jogar noutros dispositivos. Opcional.,Conecte-se para fazer backup do seu jogo e jogar em outros dispositivos. Opcional.
ui.settings.saveFile,Save file,Fichier de sauvegarde,Archivo de partida,Speicherdatei,File di salvataggio,Ficheiro do jogo,Arquivo do jogo
ui.settings.saveAdvanced,"Advanced: copy, import or delete your save","Avancé : copier, importer ou supprimer ta sauvegarde","Avanzado: copiar, importar o borrar tu partida","Erweitert: Spielstand kopieren, importieren oder löschen","Avanzate: copia, importa o elimina il salvataggio","Avançado: copiar, importar ou apagar o teu jogo","Avançado: copiar, importar ou excluir seu jogo"
ui.settings.copySave,Copy save (JSON),Copier la sauvegarde (JSON),Copiar partida (JSON),Spielstand kopieren (JSON),Copia salvataggio (JSON),Copiar jogo (JSON),Copiar jogo (JSON)
ui.settings.deleteSave,Delete save,Supprimer la sauvegarde,Borrar partida,Spielstand löschen,Elimina salvataggio,Apagar jogo,Excluir jogo
ui.settings.importPlaceholder,Paste a save JSON here to import it…,Colle ici un JSON de sauvegarde pour l'importer…,Pega aquí un JSON de partida para importarlo…,"Füge hier einen Spielstand als JSON ein, um ihn zu importieren…",Incolla qui un salvataggio JSON per importarlo…,Cola aqui um jogo em JSON para o importar…,Cole aqui um jogo em JSON para importar…
ui.settings.importSave,Import save,Importer la sauvegarde,Importar partida,Spielstand importieren,Importa salvataggio,Importar jogo,Importar jogo
ui.settings.copied,Save copied to the clipboard,Sauvegarde copiée dans le presse-papiers,Partida copiada al portapapeles,Spielstand in die Zwischenablage kopiert,Salvataggio copiato negli appunti,Jogo copiado para a área de transferência,Jogo copiado para a área de transferência
ui.settings.clipboardOff,Clipboard unavailable,Presse-papiers indisponible,Portapapeles no disponible,Zwischenablage nicht verfügbar,Appunti non disponibili,Área de transferência indisponível,Área de transferência indisponível
ui.settings.invalidSave,Invalid save: {error},Sauvegarde invalide : {error},Partida no válida: {error},Ungültiger Spielstand: {error},Salvataggio non valido: {error},Jogo inválido: {error},Jogo inválido: {error}
ui.settings.imported,Save imported,Sauvegarde importée,Partida importada,Spielstand importiert,Salvataggio importato,Jogo importado,Jogo importado
ui.settings.notJson,That is not valid JSON,Ce n'est pas du JSON valide,Eso no es JSON válido,Das ist kein gültiges JSON,Questo non è un JSON valido,Isto não é um JSON válido,Isso não é um JSON válido
ui.settings.backups,Save backups,Sauvegardes de secours,Copias de seguridad,Spielstand-Sicherungen,Copie dei salvataggi,Cópias de segurança,Backups do jogo
ui.settings.backupsHint,"Saves replaced on this device, newest first. Restoring one replaces your current save (which is kept here too).","Sauvegardes remplacées sur cet appareil, la plus récente d'abord. En restaurer une remplace ta sauvegarde actuelle (elle est conservée ici aussi).","Partidas reemplazadas en este dispositivo, la más reciente primero. Restaurar una reemplaza tu partida actual (que también se conserva aquí).","Auf diesem Gerät ersetzte Spielstände, neueste zuerst. Einen wiederherzustellen ersetzt deinen aktuellen Spielstand (der ebenfalls hier bleibt).","Salvataggi sostituiti su questo dispositivo, dal più recente. Ripristinarne uno sostituisce il salvataggio attuale (che viene conservato anch'esso qui).","Jogos substituídos neste dispositivo, do mais recente para o mais antigo. Restaurar um substitui o teu jogo atual (que também fica guardado aqui).","Jogos substituídos neste dispositivo, do mais recente para o mais antigo. Restaurar um substitui seu jogo atual (que também fica guardado aqui)."
ui.settings.setAside,Saved aside {when},Mis de côté {when},Apartada {when},Beiseitegelegt {when},Messo da parte {when},Guardado à parte {when},Guardado {when}
ui.settings.restore,Restore,Restaurer,Restaurar,Wiederherstellen,Ripristina,Restaurar,Restaurar
ui.settings.replaceMine,Replace my save?,Remplacer ma sauvegarde ?,¿Reemplazar mi partida?,Meinen Spielstand ersetzen?,Sostituire il mio salvataggio?,Substituir o meu jogo?,Substituir meu jogo?
ui.settings.beforeRestore,Your save before restoring a backup,Ta sauvegarde avant la restauration d'une copie,Tu partida antes de restaurar una copia,Dein Spielstand vor dem Wiederherstellen einer Sicherung,Il tuo salvataggio prima di ripristinare una copia,O teu jogo antes de restaurar uma cópia,Seu jogo antes de restaurar um backup
ui.settings.restored,Backup restored,Sauvegarde restaurée,Copia restaurada,Sicherung wiederhergestellt,Copia ripristinata,Cópia restaurada,Backup restaurado
ui.settings.content,Content,Contenu,Contenido,Inhalt,Contenuti,Conteúdo,Conteúdo
ui.settings.gameData,Game data: {source} · version {version},Données du jeu : {source} · version {version},Datos del juego: {source} · versión {version},Spieldaten: {source} · Version {version},Dati di gioco: {source} · versione {version},Dados do jogo: {source} · versão {version},Dados do jogo: {source} · versão {version}
ui.settings.sourceLive,live (Supabase),en ligne (Supabase),en línea (Supabase),live (Supabase),live (Supabase),em direto (Supabase),ao vivo (Supabase)
ui.settings.sourceBundled,bundled,intégrées,incluidos,mitgeliefert,inclusi,incluídos,incluídos
ui.settings.checkUpdates,Check for updates,Rechercher des mises à jour,Buscar actualizaciones,Nach Updates suchen,Controlla aggiornamenti,Procurar atualizações,Procurar atualizações
ui.settings.legal,"Pokédice is a personal, non-commercial fan project. Pokémon © Nintendo / Creatures / GAME FREAK. Sprites via PokeAPI. Made by Splifingald.",Pokédice est un projet de fan personnel et non commercial. Pokémon © Nintendo / Creatures / GAME FREAK. Sprites via PokeAPI. Créé par Splifingald.,Pokédice es un proyecto de fan personal y sin ánimo de lucro. Pokémon © Nintendo / Creatures / GAME FREAK. Sprites vía PokeAPI. Creado por Splifingald.,"Pokédice ist ein persönliches, nicht kommerzielles Fanprojekt. Pokémon © Nintendo / Creatures / GAME FREAK. Sprites über PokeAPI. Erstellt von Splifingald.",Pokédice è un progetto amatoriale personale e senza scopo di lucro. Pokémon © Nintendo / Creatures / GAME FREAK. Sprite tramite PokeAPI. Realizzato da Splifingald.,Pokédice é um projeto de fã pessoal e sem fins comerciais. Pokémon © Nintendo / Creatures / GAME FREAK. Sprites via PokeAPI. Feito por Splifingald.,Pokédice é um projeto de fã pessoal e sem fins comerciais. Pokémon © Nintendo / Creatures / GAME FREAK. Sprites via PokeAPI. Feito por Splifingald.
ui.settings.deleteTitle,Delete your save?,Supprimer ta sauvegarde ?,¿Borrar tu partida?,Deinen Spielstand löschen?,Eliminare il salvataggio?,Apagar o teu jogo?,Excluir seu jogo?
ui.settings.deleteBody,This can't be undone{cloud}.,C'est irréversible{cloud}.,Esto no se puede deshacer{cloud}.,Das lässt sich nicht rückgängig machen{cloud}.,Non si può annullare{cloud}.,Isto não pode ser desfeito{cloud}.,Isso não pode ser desfeito{cloud}.
ui.settings.deleteCloudNote, (the cloud copy stays until you start a new game), (la copie en ligne reste jusqu'à ce que tu commences une nouvelle partie), (la copia en la nube permanece hasta que empieces una partida nueva)," (die Cloud-Kopie bleibt, bis du ein neues Spiel beginnst)", (la copia nel cloud resta finché non inizi una nuova partita), (a cópia na nuvem fica até começares um jogo novo), (a cópia na nuvem fica até você começar um jogo novo)
ui.settings.delete,Delete,Supprimer,Borrar,Löschen,Elimina,Apagar,Excluir
ui.effect.heal,+{amount} HP,+{amount} PV,+{amount} PS,+{amount} KP,+{amount} PS,+{amount} PS,+{amount} PS
ui.effect.reviveFull,"Revives, full HP","Ranime, PV au max",Revive con todos los PS,"Belebt wieder, volle KP","Rianima, PS pieni","Reanima, PS completos","Reanima, PS completos"
ui.effect.revivePercent,"Revives, {percent} % HP","Ranime, {percent} % des PV",Revive con el {percent} % de PS,"Belebt wieder, {percent} % KP","Rianima, {percent} % dei PS","Reanima, {percent} % dos PS","Reanima, {percent} % dos PS"
ui.effect.cure,Cures {statuses},Soigne {statuses},Cura {statuses},Heilt {statuses},Cura {statuses},Cura {statuses},Cura {statuses}
ui.effect.rerolls.one,+{amount} reroll,+{amount} relance,+{amount} tirada,+{amount} Neuwurf,+{amount} rilancio,+{amount} relançamento,+{amount} relançamento
ui.effect.rerolls.other,+{amount} rerolls,+{amount} relances,+{amount} tiradas,+{amount} Neuwürfe,+{amount} rilanci,+{amount} relançamentos,+{amount} relançamentos
ui.effect.levels.one,+{amount} level,+{amount} niveau,+{amount} nivel,+{amount} Level,+{amount} livello,+{amount} nível,+{amount} nível
ui.effect.levels.other,+{amount} levels,+{amount} niveaux,+{amount} niveles,+{amount} Level,+{amount} livelli,+{amount} níveis,+{amount} níveis
ui.effect.stone,Makes certain Pokémon evolve,Fait évoluer certains Pokémon,Hace evolucionar a ciertos Pokémon,Lässt bestimmte Pokémon entwickeln,Fa evolvere alcuni Pokémon,Faz evoluir certos Pokémon,Faz certos Pokémon evoluírem
ui.effect.fossil,Revives in {hours} h,Revit dans {hours} h,Revive en {hours} h,Wiederbelebung in {hours} h,Torna in vita in {hours} h,Reanima em {hours} h,Reanima em {hours} h
ui.effect.ball,+{bonus} to the catch die,+{bonus} au dé de capture,+{bonus} al dado de captura,+{bonus} auf den Fangwürfel,+{bonus} al dado di cattura,+{bonus} ao dado de captura,+{bonus} ao dado de captura
ui.effect.ballAlways,Never misses,Ne rate jamais,Nunca falla,Verfehlt nie,Non fallisce mai,Nunca falha,Nunca falha
ui.status.burn.noun,burns,les brûlures,las quemaduras,Verbrennungen,scottature,queimaduras,queimaduras
ui.status.poison.noun,poison,l'empoisonnement,el envenenamiento,Vergiftung,avvelenamento,envenenamento,envenenamento
ui.status.frozen.noun,freezing,le gel,la congelación,Einfrieren,congelamento,congelamento,congelamento
ui.status.paralyze.noun,paralysis,la paralysie,la parálisis,Paralyse,paralisi,paralisia,paralisia
ui.status.confuse.noun,confusion,la confusion,la confusión,Verwirrung,confusione,confusão,confusão
ui.status.heal.noun,healing,le soin,la curación,Heilung,cura,cura,cura
ui.status.burn.label,BURN,BRÛLURE,QUEMADURA,VERBRENNUNG,SCOTTATURA,QUEIMADURA,QUEIMADURA
ui.status.poison.label,POISON,POISON,VENENO,GIFT,VELENO,VENENO,VENENO
ui.status.frozen.label,FROZEN,GELÉ,CONGELADO,GEFROREN,CONGELATO,CONGELADO,CONGELADO
ui.status.paralyze.label,PARALYSED,PARALYSÉ,PARALIZADO,PARALYSIERT,PARALIZZATO,PARALISADO,PARALISADO
ui.status.confuse.label,CONFUSED,CONFUS,CONFUSO,VERWIRRT,CONFUSO,CONFUSO,CONFUSO
ui.status.heal.label,HEAL,SOIN,CURACIÓN,HEILUNG,CURA,CURA,CURA
ui.multiExp.flat,{share} of the XP,{share} de l'XP,{share} de la EXP,{share} der EP,il {share} dell'Esp.,{share} da XP,{share} da XP
ui.multiExp.gap,"{share} of the XP, +{bonus} for each level they're behind the fighter (up to {cap})","{share} de l'XP, +{bonus} par niveau de retard sur le combattant (jusqu'à {cap})","{share} de la EXP, +{bonus} por cada nivel de diferencia con el que combatió (hasta {cap})","{share} der EP, +{bonus} für jedes Level Rückstand auf den Kämpfer (bis zu {cap})","il {share} dell'Esp., +{bonus} per ogni livello di distanza dal Pokémon che ha lottato (fino al {cap})","{share} da XP, +{bonus} por cada nível abaixo do Pokémon que lutou (até {cap})","{share} da XP, +{bonus} por cada nível abaixo do Pokémon que lutou (até {cap})"
ui.unlock.area,Reach {area},Atteindre {area},Llegar a {area},{area} erreichen,Raggiungi {area},Chega a {area},Chegue a {area}
ui.unlock.unknownArea,an unknown area,une zone inconnue,una zona desconocida,ein unbekanntes Gebiet,un'area sconosciuta,uma área desconhecida,uma área desconhecida
ui.unlock.pokedex,Catch {count} Pokémon,Capturer {count} Pokémon,Capturar {count} Pokémon,Fange {count} Pokémon,Cattura {count} Pokémon,Captura {count} Pokémon,Capture {count} Pokémon
ui.unlock.maxLevel,Raise a Pokémon to Lv.{level},Monter un Pokémon au N.{level},Subir un Pokémon al Nv.{level},Ein Pokémon auf Lv.{level} bringen,Porta un Pokémon al Lv.{level},Sobe um Pokémon ao Nv.{level},Suba um Pokémon ao Nv.{level}
ui.map.region,Kanto,Kanto,Kanto,Kanto,Kanto,Kanto,Kanto
ui.map.badges,Badges {earned}/{total},Badges {earned}/{total},Medallas {earned}/{total},Orden {earned}/{total},Medaglie {earned}/{total},Insígnias {earned}/{total},Insígnias {earned}/{total}
ui.map.badgesLabel,Badges: {earned} of {total},Badges : {earned} sur {total},Medallas: {earned} de {total},Orden: {earned} von {total},Medaglie: {earned} su {total},Insígnias: {earned} de {total},Insígnias: {earned} de {total}
ui.map.window,Areas {from}–{to} of {total} — your next stages.,Zones {from}–{to} sur {total} — tes prochaines étapes.,Zonas {from}-{to} de {total}: tus próximas etapas.,Gebiete {from}–{to} von {total} — deine nächsten Etappen.,Aree {from}–{to} di {total}: le tue prossime tappe.,Áreas {from}–{to} de {total} — as tuas próximas etapas.,Áreas {from}–{to} de {total} — suas próximas etapas.
ui.map.viewAll,VIEW ALL {total} AREAS,VOIR LES {total} ZONES,VER LAS {total} ZONAS,ALLE {total} GEBIETE ZEIGEN,VEDI TUTTE LE {total} AREE,VER TODAS AS {total} ÁREAS,VER TODAS AS {total} ÁREAS
ui.map.showFewer,SHOW THE NEXT {n} ONLY,N'AFFICHER QUE LES {n} SUIVANTES,MOSTRAR SOLO LAS {n} SIGUIENTES,NUR DIE NÄCHSTEN {n} ZEIGEN,MOSTRA SOLO LE PROSSIME {n},MOSTRAR SÓ AS PRÓXIMAS {n},MOSTRAR SÓ AS PRÓXIMAS {n}
ui.map.secretAreas,Secret areas,Zones secrètes,Zonas secretas,Geheime Gebiete,Aree segrete,Áreas secretas,Áreas secretas
ui.map.secretIntro,Hidden places open up once you meet their conditions — keep catching and training.,Des lieux cachés s'ouvrent quand leurs conditions sont remplies — continue à capturer et à entraîner.,Los lugares ocultos se abren cuando cumples sus condiciones: sigue capturando y entrenando.,"Verborgene Orte öffnen sich, sobald ihre Bedingungen erfüllt sind — fange und trainiere weiter.",I luoghi nascosti si aprono quando ne soddisfi le condizioni: continua a catturare e ad allenarti.,Os lugares escondidos abrem-se quando cumpres as condições — continua a capturar e a treinar.,Os lugares escondidos se abrem quando você cumpre as condições — continue capturando e treinando.
ui.map.aSecretArea,A secret area,Une zone secrète,Una zona secreta,Ein geheimes Gebiet,Un'area segreta,Uma área secreta,Uma área secreta
ui.map.aSecretPlace,A secret place,Un lieu secret,Un lugar secreto,Ein geheimer Ort,Un luogo segreto,Um lugar secreto,Um lugar secreto
ui.map.gym,Gym: {name},Arène : {name},Gimnasio: {name},Arena: {name},Palestra: {name},Ginásio: {name},Ginásio: {name}
ui.map.beaten,beaten,vaincu,derrotado,besiegt,battuto,vencido,vencido
ui.map.cleared,CLEARED · rewards ×{multiplier},TERMINÉE · gains ×{multiplier},COMPLETADA · recompensas ×{multiplier},ABGESCHLOSSEN · Belohnungen ×{multiplier},COMPLETATA · ricompense ×{multiplier},CONCLUÍDA · recompensas ×{multiplier},CONCLUÍDA · recompensas ×{multiplier}
ui.map.clearFirst,Clear {area},Termine {area},Completa {area},Schließe {area} ab,Completa {area},Conclui {area},Conclua {area}
ui.map.youAreHere,◀ you are here,◀ tu es ici,◀ estás aquí,◀ du bist hier,◀ sei qui,◀ estás aqui,◀ você está aqui
ui.map.levelTeam,Lv. = team,N. = équipe,Nv. = equipo,Lv. = Team,Lv. = squadra,Nv. = equipa,Nv. = equipe
ui.map.levelRange,Lv.{min}–{max},N.{min}–{max},Nv.{min}-{max},Lv.{min}–{max},Lv.{min}–{max},Nv.{min}–{max},Nv.{min}–{max}
ui.map.speciesCaught,{caught}/{total} species caught,{caught}/{total} espèces capturées,{caught}/{total} especies capturadas,{caught}/{total} Arten gefangen,{caught}/{total} specie catturate,{caught}/{total} espécies capturadas,{caught}/{total} espécies capturadas
ui.map.allCaughtHere,Every species here is caught,Toutes les espèces d'ici sont capturées,Has capturado todas las especies de aquí,Alle Arten hier sind gefangen,Tutte le specie di qui sono catturate,Todas as espécies daqui estão capturadas,Todas as espécies daqui estão capturadas
ui.map.trainersOnly,trainers only,Dresseurs uniquement,solo Entrenadores,nur Trainer,solo allenatori,só treinadores,só treinadores
ui.map.trainerCount, · {count} trainers, · {count} Dresseurs, · {count} Entrenadores, · {count} Trainer, · {count} allenatori, · {count} treinadores, · {count} treinadores
ui.map.gameCorner, · Game Corner, · Casino, · Casino, · Spielhalle, · Sala Giochi, · Casino, · Cassino
ui.map.endless," · endless, foes scale to your team"," · sans fin, les adversaires suivent ton équipe"," · sin fin, los rivales se ajustan a tu equipo"," · endlos, Gegner passen sich deinem Team an"," · infinita, gli avversari si adattano alla tua squadra"," · infinita, os adversários ajustam-se à tua equipa"," · infinita, os adversários se ajustam à sua equipe"
ui.map.legendary,Legendary,Légendaire,Legendario,Legendär,Leggendario,Lendário,Lendário
ui.map.legendaryAwaits,A legendary awaits,Un légendaire attend,Un legendario espera,Ein Legendäres wartet,Un leggendario ti aspetta,Um lendário espera por ti,Um lendário espera por você
ui.map.locked,LOCKED,VERROUILLÉ,BLOQUEADO,GESPERRT,BLOCCATA,BLOQUEADA,BLOQUEADA
ui.map.enter,ENTER,ENTRER,ENTRAR,BETRETEN,ENTRA,ENTRAR,ENTRAR
ui.map.seePokemon,See the Pokémon of {area},Voir les Pokémon de {area},Ver los Pokémon de {area},Die Pokémon von {area} ansehen,Vedi i Pokémon di {area},Ver os Pokémon de {area},Ver os Pokémon de {area}
ui.areaDex.none,No wild Pokémon here: only trainers.,Aucun Pokémon sauvage ici : que des Dresseurs.,Aquí no hay Pokémon salvajes: solo Entrenadores.,Hier gibt es keine wilden Pokémon: nur Trainer.,Niente Pokémon selvatici qui: solo allenatori.,Não há Pokémon selvagens aqui: só treinadores.,Não há Pokémon selvagens aqui: só treinadores.
ui.areaDex.legendary,legendary,légendaire,legendario,legendär,leggendario,lendário,lendário
ui.areaDex.fossil,fossil,fossile,fósil,Fossil,fossile,fóssil,fóssil
ui.map.dayCare,Pokémon Day Care,Pension Pokémon,Guardería Pokémon,Pokémon-Pension,Pensione Pokémon,Creche Pokémon,Creche Pokémon
ui.map.dayCareStaying,{count}/{slots} staying,{count}/{slots} en pension,{count}/{slots} alojados,{count}/{slots} untergebracht,{count}/{slots} ospiti,{count}/{slots} hospedados,{count}/{slots} hospedados
ui.map.dayCareReady, · {count} ready to pick up, · {count} à récupérer, · {count} listos para recoger, · {count} zum Abholen bereit, · {count} da ritirare, · {count} prontos para levantar, · {count} prontos para buscar
ui.map.dayCareEggWaiting, · an Egg is waiting for you!, · un Œuf t'attend !, · ¡te espera un Huevo!, · ein Ei wartet auf dich!, · un Uovo ti aspetta!, · um Ovo está à tua espera!, · um Ovo está esperando por você!
ui.map.dayCareEggPrice, · Eggs ₽{price}, · Œufs ₽{price}, · Huevos ₽{price}, · Eier ₽{price}, · Uova ₽{price}, · Ovos ₽{price}, · Ovos ₽{price}
ui.team.title,Team,Équipe,Equipo,Team,Squadra,Equipa,Equipe
ui.team.sortDex,No.,N°,N.º,Nr.,N.,N.º,Nº
ui.team.sortLevel,Level,Niveau,Nivel,Level,Livello,Nível,Nível
ui.team.sortType,Type,Type,Tipo,Typ,Tipo,Tipo,Tipo
ui.team.sortNewest,Newest,Récents,Recientes,Neueste,Più recenti,Mais recentes,Mais recentes
ui.team.makeLead,Make lead,Mettre en tête,Poner al frente,An die Spitze,Metti in testa,Pôr à frente,Colocar na frente
ui.team.lead,Lead: sent out first,En tête : envoyé en premier,Al frente: sale primero,Spitze: kommt zuerst raus,In testa: va in campo per primo,À frente: é o primeiro a ser enviado,À frente: é o primeiro a ser enviado
ui.team.moveUp,Move {name} up,Monter {name},Subir a {name},{name} nach oben,Sposta {name} su,Mover {name} para cima,Mover {name} para cima
ui.team.moveDown,Move {name} down,Descendre {name},Bajar a {name},{name} nach unten,Sposta {name} giù,Mover {name} para baixo,Mover {name} para baixo
ui.team.help,"Tap a Pokémon for its details — make it lead, or use Potions and Rare Candy from there. Team changes happen at a Pokémon Center (or when a catch offers a swap). HP only comes back at a Center or with items — Revives bring fainted Pokémon back.","Touche un Pokémon pour ses détails — mets-le en tête, ou utilise Potions et Super Bonbons depuis là. Les changements d'équipe se font au Centre Pokémon (ou quand une capture propose un échange). Les PV ne reviennent qu'au Centre ou avec des objets — les Rappels ranimen les Pokémon K.O.",Toca un Pokémon para ver sus detalles: ponlo al frente o usa Pociones y Caramelos Raros desde ahí. Los cambios de equipo se hacen en un Centro Pokémon (o cuando una captura ofrece un intercambio). Los PS solo se recuperan en un Centro o con objetos: los Revivir levantan a los Pokémon debilitados.,"Tippe ein Pokémon an, um seine Details zu sehen — setze es an die Spitze oder nutze dort Tränke und Sonderbonbons. Teamwechsel finden im Pokémon-Center statt (oder wenn ein Fang einen Tausch anbietet). KP kehren nur im Center oder mit Items zurück — Beleber holen kampfunfähige Pokémon zurück.",Tocca un Pokémon per i dettagli: mettilo in testa o usa Pozioni e Caramelle rare da lì. La squadra si cambia al Centro Pokémon (o quando una cattura propone uno scambio). I PS tornano solo al Centro o con gli strumenti: i Revitalizzanti rianimano i Pokémon esausti.,"Toca num Pokémon para ver os detalhes — põe-no à frente, ou usa Poções e Doces Raros a partir daí. A equipa muda-se num Centro Pokémon (ou quando uma captura propõe uma troca). Os PS só voltam num Centro ou com objetos — o Reviver traz de volta os Pokémon K.O.","Toque em um Pokémon para ver os detalhes — coloque-o na frente, ou use Poções e Doces Raros por lá. A equipe muda num Centro Pokémon (ou quando uma captura propõe uma troca). Os PS só voltam num Centro ou com itens — o Reviver traz de volta os Pokémon K.O."
ui.team.box,Box ({count}),Boîte ({count}),Caja ({count}),Box ({count}),Box ({count}),Caixa ({count}),Caixa ({count})
ui.team.sortBox,Sort the Box,Trier la Boîte,Ordenar la Caja,Box sortieren,Ordina il Box,Ordenar a Caixa,Ordenar a Caixa
ui.team.sort,Sort,Trier,Orden,Sortieren,Ordina,Ordenar,Ordenar
ui.team.searchBoxLabel,Search the Box by name,Chercher dans la Boîte par nom,Buscar en la Caja por nombre,Box nach Namen durchsuchen,Cerca nel Box per nome,Procurar na Caixa por nome,Buscar na Caixa por nome
ui.team.searchBox,Search the Box,Chercher dans la Boîte,Buscar en la Caja,Box durchsuchen,Cerca nel Box,Procurar na Caixa,Buscar na Caixa
ui.team.boxEmpty,Pokémon you catch beyond your team of three wait here.,Les Pokémon capturés au-delà de ton équipe de trois attendent ici.,Los Pokémon que captures más allá de tu equipo de tres esperan aquí.,"Pokémon, die du über dein Dreierteam hinaus fängst, warten hier.",I Pokémon che catturi oltre alla squadra di tre aspettano qui.,Os Pokémon que capturas além da equipa de três esperam aqui.,Os Pokémon que você captura além da equipe de três esperam aqui.
ui.team.boxNoMatch,No Pokémon in the Box match “{query}”.,Aucun Pokémon de la Boîte ne correspond à « {query} ».,Ningún Pokémon de la Caja coincide con «{query}».,Kein Pokémon in der Box passt zu „{query}“.,Nessun Pokémon nel Box corrisponde a “{query}”.,Nenhum Pokémon na Caixa corresponde a “{query}”.,Nenhum Pokémon na Caixa corresponde a “{query}”.
ui.dex.titleRegion,Pokédex {region},Pokédex {region},Pokédex {region},Pokédex {region},Pokédex di {region},Pokédex de {region},Pokédex de {region}
ui.dex.title,Pokédex,Pokédex,Pokédex,Pokédex,Pokédex,Pokédex,Pokédex
ui.dex.filterAll,all,tous,todos,alle,tutti,todos,todos
ui.dex.filterCaught,caught,capturés,capturados,gefangen,catturati,capturados,capturados
ui.dex.filterMissing,missing,manquants,faltan,fehlend,mancanti,em falta,faltando
ui.dex.filterCatchable,catchable now,capturables,capturables ya,jetzt fangbar,catturabili ora,capturáveis agora,capturáveis agora
ui.dex.complete,POKÉDEX COMPLETE!,POKÉDEX COMPLET !,¡POKÉDEX COMPLETA!,POKÉDEX VOLLSTÄNDIG!,POKÉDEX COMPLETO!,POKÉDEX COMPLETA!,POKÉDEX COMPLETA!
ui.dex.completeBody,All {total} Pokémon caught{where}. You are a true Pokédice Master.,Les {total} Pokémon capturés{where}. Tu es un véritable Maître Pokédice.,Has capturado los {total} Pokémon{where}. Eres todo un Maestro Pokédice.,Alle {total} Pokémon gefangen{where}. Du bist ein wahrer Pokédice-Meister.,Tutti i {total} Pokémon catturati{where}. Sei un vero Maestro di Pokédice.,Todos os {total} Pokémon capturados{where}. És um verdadeiro Mestre Pokédice.,Todos os {total} Pokémon capturados{where}. Você é um verdadeiro Mestre Pokédice.
ui.dex.searchLabel,Search the Pokédex by name or number,Chercher dans le Pokédex par nom ou numéro,Buscar en la Pokédex por nombre o número,Pokédex nach Name oder Nummer durchsuchen,Cerca nel Pokédex per nome o numero,Procurar na Pokédex por nome ou número,Buscar na Pokédex por nome ou número
ui.dex.searchPlaceholder,Name or #number,Nom ou #numéro,Nombre o #número,Name oder #Nummer,Nome o #numero,Nome ou #número,Nome ou #número
ui.dex.show,Show,Afficher,Mostrar,Anzeigen,Mostra,Mostrar,Mostrar
ui.dex.jumpTo,Jump to number,Aller au numéro,Ir al número,Zu Nummer springen,Vai al numero,Ir para o número,Ir para o número
ui.dex.noneCatchable,You've caught everything the areas you've opened have to offer — clear the next area.,Tu as capturé tout ce que les zones ouvertes ont à offrir — termine la zone suivante.,Has capturado todo lo que ofrecen las zonas que has abierto: completa la siguiente.,"Du hast alles gefangen, was die geöffneten Gebiete zu bieten haben — schließe das nächste ab.",Hai catturato tutto ciò che offrono le aree aperte: completa l'area successiva.,Já capturaste tudo o que as áreas abertas têm para oferecer — conclui a área seguinte.,Você já capturou tudo o que as áreas abertas têm a oferecer — conclua a próxima área.
ui.dex.noMatch,No Pokémon match.,Aucun Pokémon ne correspond.,Ningún Pokémon coincide.,Kein Pokémon passt.,Nessun Pokémon corrisponde.,Nenhum Pokémon corresponde.,Nenhum Pokémon corresponde.
ui.dex.whereToFind,??? — where to find it,??? — où le trouver,???: dónde encontrarlo,??? — wo es zu finden ist,??? — dove trovarlo,??? — onde o encontrar,??? — onde encontrar
ui.dex.seen,seen,vu,visto,gesehen,visto,visto,visto
ui.dex.nearby,nearby,à proximité,cerca,in der Nähe,nei dintorni,por perto,por perto
ui.shop.title,Poké Mart,Poké Market,Tienda Poké,Pokémon-Markt,Pokémon Market,Poké Mart,Poké Mart
ui.shop.groupHealing,Healing,Soins,Curación,Heilung,Cure,Cura,Cura
ui.shop.groupCures,Status cures,Soins de statut,Curación de estados,Statusheilung,Cure di stato,Curas de estado,Curas de status
ui.shop.groupBattle,Battle,Combat,Combate,Kampf,Lotta,Batalha,Batalha
ui.shop.groupStones,Evolution stones,Pierres d'évolution,Piedras evolutivas,Entwicklungssteine,Pietre evolutive,Pedras de evolução,Pedras de evolução
ui.shop.groupFossils,Fossils,Fossiles,Fósiles,Fossilien,Fossili,Fósseis,Fósseis
ui.shop.groupBalls,Poké Balls,Poké Balls,Poké Balls,Pokébälle,Poké Ball,Poké Bolas,Poké Bolas
ui.shop.tabs,Buy or sell,Acheter ou vendre,Comprar o vender,Kaufen oder verkaufen,Compra o vendi,Comprar ou vender,Comprar ou vender
ui.shop.buy,Buy,Acheter,Comprar,Kaufen,Compra,Comprar,Comprar
ui.shop.sell,Sell · Bag,Vendre · Sac,Vender · Mochila,Verkaufen · Beutel,Vendi · Borsa,Vender · Mochila,Vender · Mochila
ui.shop.fossilBought,Your fossil has been added to your Box. A Pokémon will emerge from it in {hours} hours.,Ton fossile a été ajouté à ta Boîte. Un Pokémon en sortira dans {hours} heures.,Tu fósil se ha añadido a tu Caja. De él saldrá un Pokémon dentro de {hours} horas.,Dein Fossil wurde deiner Box hinzugefügt. In {hours} Stunden schlüpft ein Pokémon daraus.,Il tuo fossile è stato aggiunto al Box. Ne uscirà un Pokémon tra {hours} ore.,O teu fóssil foi adicionado à Caixa. Vai sair dele um Pokémon daqui a {hours} horas.,Seu fóssil foi adicionado à Caixa. Um Pokémon vai sair dele em {hours} horas.
ui.shop.inBag,{count} in bag,{count} dans le sac,{count} en la mochila,{count} im Beutel,{count} nella borsa,{count} na mochila,{count} na mochila
ui.shop.tooPoor,Not enough Pokédollars,Pas assez de Pokédollars,No tienes suficientes Pokédólares,Nicht genug Pokédollar,Non hai abbastanza Pokédollari,Não tens Pokédólares suficientes,Pokédólares insuficientes
ui.shop.howMany,How many {item},Combien de {item},Cuántos {item},Wie viele {item},Quanti {item},Quantos {item},Quantos {item}
ui.shop.howManyToSell,How many {item} to sell,Combien de {item} à vendre,Cuántos {item} vender,Wie viele {item} verkaufen,Quanti {item} vendere,Quantos {item} vender,Quantos {item} vender
ui.shop.all,All ×{count},Tout ×{count},Todo ×{count},Alle ×{count},Tutti ×{count},Todos ×{count},Todos ×{count}
ui.shop.cantSell,Can't sell,Invendable,No se puede vender,Unverkäuflich,Non vendibile,Não se pode vender,Não pode ser vendido
ui.shop.sellLabel,Sell {count} {item} for {price},Vendre {count} {item} pour {price},Vender {count} {item} por {price},{count} {item} für {price} verkaufen,Vendi {count} {item} per {price},Vender {count} {item} por {price},Vender {count} {item} por {price}
ui.shop.bagEmpty,Your bag is empty.,Ton sac est vide.,Tu mochila está vacía.,Dein Beutel ist leer.,La tua borsa è vuota.,A tua mochila está vazia.,Sua mochila está vazia.
ui.shop.sellIntro,Your bag. The Mart buys back anything it sells for half its price. Tap an item for details and to sell several; the price button asks once to confirm.,Ton sac. Le Market rachète à moitié prix tout ce qu'il vend. Touche un objet pour ses détails et pour en vendre plusieurs ; le bouton du prix demande une confirmation.,Tu mochila. La tienda recompra a mitad de precio todo lo que vende. Toca un objeto para ver detalles y vender varios; el botón del precio pide confirmación.,"Dein Beutel. Der Markt kauft alles, was er verkauft, zum halben Preis zurück. Tippe einen Gegenstand an für Details und um mehrere zu verkaufen; der Preis-Button fragt einmal nach.",La tua borsa. Il Market ricompra tutto ciò che vende a metà prezzo. Tocca uno strumento per i dettagli e per venderne diversi; il pulsante del prezzo chiede una conferma.,A tua mochila. A loja compra de volta tudo o que vende por metade do preço. Toca num objeto para ver os detalhes e vender vários; o botão do preço pede uma confirmação.,Sua mochila. A loja compra de volta tudo o que vende pela metade do preço. Toque em um item para ver os detalhes e vender vários; o botão do preço pede uma confirmação.
ui.shop.comingLater,Coming later,Plus tard,Más adelante,Kommt später,In arrivo più avanti,Chega mais tarde,Chega mais tarde
ui.shop.needsBadges.one,{count} badge,{count} badge,{count} medalla,{count} Orden,{count} medaglia,{count} insígnia,{count} insígnia
ui.shop.needsBadges.other,{count} badges,{count} badges,{count} medallas,{count} Orden,{count} medaglie,{count} insígnias,{count} insígnias
ui.shop.needsArea,Reach {area},Atteindre {area},Llegar a {area},{area} erreichen,Raggiungi {area},Chega a {area},Chegue a {area}
ui.shop.someNewArea,a new area,une nouvelle zone,una zona nueva,ein neues Gebiet,una nuova area,uma nova área,uma nova área
ui.board.title,Leaderboard,Classement,Clasificación,Bestenliste,Classifica,Classificação,Classificação
ui.board.tabLevel,Max level,Niveau max,Nivel máx.,Höchstlevel,Livello max,Nível máx.,Nível máx.
ui.board.tabProgress,Progression,Progression,Progreso,Fortschritt,Progressi,Progresso,Progresso
ui.board.tabDex,Pokédex,Pokédex,Pokédex,Pokédex,Pokédex,Pokédex,Pokédex
ui.board.sortBy,Sort by,Trier par,Ordenar por,Sortieren nach,Ordina per,Ordenar por,Ordenar por
ui.board.connect,Connect to Google to participate,Connecte-toi à Google pour participer,Conéctate con Google para participar,"Melde dich bei Google an, um teilzunehmen",Collegati con Google per partecipare,Liga-te com o Google para participar,Conecte-se com o Google para participar
ui.board.failed,Couldn't load the leaderboard. Try again later.,Impossible de charger le classement. Réessaie plus tard.,No se pudo cargar la clasificación. Inténtalo más tarde.,Die Bestenliste konnte nicht geladen werden. Versuche es später erneut.,Impossibile caricare la classifica. Riprova più tardi.,Não foi possível carregar a classificação. Tenta mais tarde.,Não foi possível carregar a classificação. Tente mais tarde.
ui.board.offline,"The leaderboard needs the cloud, which isn't set up on this site.","Le classement a besoin du cloud, qui n'est pas configuré sur ce site.","La clasificación necesita la nube, que no está configurada en este sitio.","Die Bestenliste braucht die Cloud, die auf dieser Seite nicht eingerichtet ist.","La classifica ha bisogno del cloud, che non è configurato su questo sito.","A classificação precisa da nuvem, que não está configurada neste site.","A classificação precisa da nuvem, que não está configurada neste site."
ui.board.empty,No trainers yet — be the first!,Aucun Dresseur pour l'instant — sois le premier !,Aún no hay Entrenadores: ¡sé el primero!,Noch keine Trainer — sei der Erste!,Ancora nessun allenatore: sii il primo!,Ainda não há treinadores — sê o primeiro!,Ainda não há treinadores — seja o primeiro!
ui.board.hall,Hall of Fame,Panthéon,Salón de la Fama,Ruhmeshalle,Albo d'Oro,Hall da Fama,Hall da Fama
ui.board.hallCount.one,{count} trainer,{count} Dresseur,{count} Entrenador,{count} Trainer,{count} allenatore,{count} treinador,{count} treinador
ui.board.hallCount.other,{count} trainers,{count} Dresseurs,{count} Entrenadores,{count} Trainer,{count} allenatori,{count} treinadores,{count} treinadores
ui.board.hallBody.level,"These trainers hit the level cap. Nobody can pass them, so they watch the board from here.",Ces Dresseurs ont atteint le niveau maximum. Personne ne peut les dépasser : ils regardent le classement d'ici.,"Estos Entrenadores alcanzaron el nivel máximo. Nadie puede superarlos, así que miran la clasificación desde aquí.","Diese Trainer haben die Levelgrenze erreicht. Niemand kann sie überholen, also schauen sie von hier aus zu.","Questi allenatori hanno raggiunto il livello massimo. Nessuno può superarli, quindi guardano la classifica da qui.","Estes treinadores chegaram ao nível máximo. Ninguém os pode ultrapassar, por isso veem a classificação daqui.","Estes treinadores chegaram ao nível máximo. Ninguém pode ultrapassá-los, então eles acompanham a classificação daqui."
ui.board.hallBody.progress,"These trainers cleared every area of the region. Nobody can pass them, so they watch the board from here.",Ces Dresseurs ont terminé toutes les zones de la région. Personne ne peut les dépasser : ils regardent le classement d'ici.,"Estos Entrenadores completaron todas las zonas de la región. Nadie puede superarlos, así que miran la clasificación desde aquí.","Diese Trainer haben jedes Gebiet der Region geschafft. Niemand kann sie überholen, also schauen sie von hier aus zu.","Questi allenatori hanno completato tutte le aree della regione. Nessuno può superarli, quindi guardano la classifica da qui.","Estes treinadores concluíram todas as áreas da região. Ninguém os pode ultrapassar, por isso veem a classificação daqui.","Estes treinadores concluíram todas as áreas da região. Ninguém pode ultrapassá-los, então eles acompanham a classificação daqui."
ui.board.hallBody.dex,"These trainers filled the region's Pokédex. Nobody can pass them, so they watch the board from here.",Ces Dresseurs ont complété le Pokédex de la région. Personne ne peut les dépasser : ils regardent le classement d'ici.,"Estos Entrenadores completaron la Pokédex de la región. Nadie puede superarlos, así que miran la clasificación desde aquí.","Diese Trainer haben den Pokédex der Region gefüllt. Niemand kann sie überholen, also schauen sie von hier aus zu.","Questi allenatori hanno completato il Pokédex della regione. Nessuno può superarli, quindi guardano la classifica da qui.","Estes treinadores completaram a Pokédex da região. Ninguém os pode ultrapassar, por isso veem a classificação daqui.","Estes treinadores completaram a Pokédex da região. Ninguém pode ultrapassá-los, então eles acompanham a classificação daqui."
ui.board.allDone,Everyone here is in the Hall of Fame.,Tout le monde ici est au Panthéon.,Todos aquí están en el Salón de la Fama.,Alle hier sind in der Ruhmeshalle.,Qui sono tutti nell'Albo d'Oro.,Aqui estão todos no Hall da Fama.,Todos aqui estão no Hall da Fama.
ui.board.rank,Rank {rank},Rang {rank},Puesto {rank},Platz {rank},Posizione {rank},Posição {rank},Posição {rank}
ui.board.you, (you), (toi), (tú), (du), (tu), (tu), (você)
ui.board.theirTeam,{name}'s team,L'équipe de {name},El equipo de {name},Das Team von {name},La squadra di {name},A equipa de {name},A equipe de {name}
ui.board.monTitle,{name} Lv.{level},{name} N.{level},{name} Nv.{level},{name} Lv.{level},{name} Lv.{level},{name} Nv.{level},{name} Nv.{level}
ui.nav.versus,Versus,Versus,Versus,Versus,Versus,Versus,Versus
ui.versus.title,Versus,Versus,Versus,Versus,Versus,Versus,Versus
ui.versus.locked,Versus opens when 3 of your Pokémon reach Lv.50.,Le Versus s'ouvre quand 3 de tes Pokémon atteignent le N.50.,El Versus se abre cuando 3 de tus Pokémon llegan al Nv.50.,"Versus öffnet sich, sobald 3 deiner Pokémon Lv.50 erreichen.",Versus si apre quando 3 dei tuoi Pokémon raggiungono il Lv.50.,O Versus abre quando 3 dos teus Pokémon chegarem ao Nv.50.,O Versus abre quando 3 dos seus Pokémon chegarem ao Nv.50.
ui.versus.lockedCount,{n}/3 at Lv.50,{n}/3 au N.50,{n}/3 al Nv.50,{n}/3 auf Lv.50,{n}/3 al Lv.50,{n}/3 no Nv.50,{n}/3 no Nv.50
ui.versus.intro,"Leave a team of three for other trainers to fight, and fight theirs. Every fight plays itself, and its result is decided the moment it starts.","Laisse une équipe de trois que les autres Dresseurs pourront affronter, et affronte les leurs. Chaque combat se joue tout seul, et son résultat est décidé dès qu'il commence.","Deja un equipo de tres para que otros Entrenadores lo desafíen, y desafía los suyos. Cada combate se juega solo, y su resultado se decide en cuanto empieza.","Stelle ein Team aus drei auf, gegen das andere Trainer kämpfen, und kämpfe gegen ihre. Jeder Kampf spielt sich selbst, und sein Ausgang steht fest, sobald er beginnt.","Lascia una squadra di tre da far affrontare agli altri allenatori, e affronta le loro. Ogni lotta si gioca da sola, e il suo esito è deciso nel momento in cui inizia.","Deixa uma equipa de três para os outros treinadores enfrentarem, e enfrenta as deles. Cada batalha joga-se sozinha, e o resultado fica decidido no momento em que começa.","Deixe uma equipe de três para os outros treinadores enfrentarem, e enfrente as deles. Cada batalha se joga sozinha, e o resultado é decidido no momento em que ela começa."
ui.versus.tabFight,Opponents,Adversaires,Rivales,Gegner,Avversari,Adversários,Adversários
ui.versus.tabTeam,My team,Mon équipe,Mi equipo,Mein Team,La mia squadra,A minha equipa,Minha equipe
ui.versus.tabBoard,Leaderboard,Classement,Clasificación,Bestenliste,Classifica,Classificação,Classificação
ui.versus.connect,Connect to Google to set a team and fight.,Connecte-toi à Google pour composer une équipe et combattre.,Conéctate con Google para formar un equipo y combatir.,"Melde dich bei Google an, um ein Team aufzustellen und zu kämpfen.",Collegati con Google per scegliere una squadra e lottare.,Liga-te com o Google para definir uma equipa e lutar.,Conecte-se com o Google para definir uma equipe e lutar.
ui.versus.offline,"Versus needs the cloud, which isn't set up on this site.","Le Versus a besoin du cloud, qui n'est pas configuré sur ce site.","El Versus necesita la nube, que no está configurada en este sitio.","Versus braucht die Cloud, die auf dieser Seite nicht eingerichtet ist.","Versus ha bisogno del cloud, che non è configurato su questo sito.","O Versus precisa da nuvem, que não está configurada neste site.","O Versus precisa da nuvem, que não está configurada neste site."
ui.versus.failed,Couldn't load Versus. Try again later.,Impossible de charger le Versus. Réessaie plus tard.,No se pudo cargar el Versus. Inténtalo más tarde.,Versus konnte nicht geladen werden. Versuche es später erneut.,Impossibile caricare Versus. Riprova più tardi.,Não foi possível carregar o Versus. Tenta mais tarde.,Não foi possível carregar o Versus. Tente mais tarde.
ui.versus.noTeamYet,Set your team first: it fights for you in attack and in defense.,Compose d'abord ton équipe : elle se bat pour toi en attaque comme en défense.,Primero forma tu equipo: combate por ti en ataque y en defensa.,Stelle zuerst dein Team auf: Es kämpft für dich im Angriff und in der Verteidigung.,Prima scegli la tua squadra: lotta per te in attacco e in difesa.,Define primeiro a tua equipa: ela luta por ti no ataque e na defesa.,Defina sua equipe primeiro: ela luta por você no ataque e na defesa.
ui.versus.setTeam,SET MY TEAM,COMPOSER MON ÉQUIPE,FORMAR MI EQUIPO,TEAM AUFSTELLEN,SCEGLI LA SQUADRA,DEFINIR A EQUIPA,DEFINIR A EQUIPE
ui.versus.fight,FIGHT,COMBATTRE,LUCHAR,KÄMPFEN,LOTTA,LUTAR,LUTAR
ui.versus.fightName,Fight {name},Affronter {name},Luchar contra {name},Gegen {name} kämpfen,Lotta contro {name},Lutar contra {name},Lutar contra {name}
ui.versus.beaten,Beaten,Battu,Vencido,Besiegt,Battuta,Vencida,Vencida
ui.versus.beatenHint,"You beat this team. When {name} changes it, you can fight again.","Tu as battu cette équipe. Quand {name} la changera, tu pourras rejouer.","Venciste a este equipo. Cuando {name} lo cambie, podrás volver a luchar.","Du hast dieses Team besiegt. Wenn {name} es ändert, kannst du wieder kämpfen.","Hai battuto questa squadra. Quando {name} la cambierà, potrai lottare di nuovo.","Venceste esta equipa. Quando {name} a mudar, podes voltar a lutar.","Você venceu esta equipe. Quando {name} mudar a equipe, você pode lutar de novo."
ui.versus.noOpponents,No other trainer has a team yet.,Aucun autre Dresseur n'a encore d'équipe.,Ningún otro Entrenador tiene equipo todavía.,Noch kein anderer Trainer hat ein Team.,Nessun altro allenatore ha ancora una squadra.,Ainda nenhum outro treinador tem equipa.,Nenhum outro treinador tem equipe ainda.
ui.versus.yourTeam,Your team,Ton équipe,Tu equipo,Dein Team,La tua squadra,A tua equipa,Sua equipe
ui.versus.noTeam,No team yet.,Pas encore d'équipe.,Aún no hay equipo.,Noch kein Team.,Ancora nessuna squadra.,Ainda sem equipa.,Ainda sem equipe.
ui.versus.pickHint,"Pick three Pokémon at Lv.50 or more, in the order they go out.","Choisis trois Pokémon de niveau 50 ou plus, dans l'ordre où ils entreront en combat.","Elige tres Pokémon de nivel 50 o más, en el orden en que saldrán.","Wähle drei Pokémon ab Lv.50, in der Reihenfolge, in der sie antreten.","Scegli tre Pokémon di Lv.50 o più, nell'ordine in cui scendono in campo.","Escolhe três Pokémon de Nv.50 ou mais, pela ordem em que entram em campo.","Escolha três Pokémon de Nv.50 ou mais, na ordem em que entram em campo."
ui.versus.rules,"They fight as clones at Lv.50, and every upgrade is the same for everyone: levelling up later changes nothing. A new team can be fought again by everyone.","Ils combattent en clones au N.50, et les améliorations sont les mêmes pour tout le monde : monter de niveau ensuite n'y change rien. Une nouvelle équipe peut être réaffrontée par tout le monde.","Luchan como clones al Nv.50, y las mejoras son las mismas para todos: subir de nivel después no cambia nada. Todos pueden volver a desafiar un equipo nuevo.","Sie kämpfen als Klone auf Lv.50, und die Upgrades sind für alle gleich: Spätere Level-ups ändern nichts. Gegen ein neues Team dürfen alle wieder kämpfen.","Lottano come cloni al Lv.50, e tutti i potenziamenti sono uguali per tutti: salire di livello dopo non cambia niente. Una nuova squadra può essere sfidata di nuovo da tutti.","Lutam como clones no Nv.50, e todas as melhorias são iguais para todos: subir de nível depois não muda nada. Uma equipa nova pode voltar a ser desafiada por todos.","Lutam como clones no Nv.50, e todas as melhorias são iguais para todos: subir de nível depois não muda nada. Uma equipe nova pode ser desafiada de novo por todos."
ui.versus.save,SAVE TEAM,ENREGISTRER,GUARDAR EQUIPO,TEAM SPEICHERN,SALVA SQUADRA,GUARDAR EQUIPA,SALVAR EQUIPE
ui.versus.clear,Clear,Effacer,Borrar,Leeren,Svuota,Limpar,Limpar
ui.versus.saved,Team saved!,Équipe enregistrée !,¡Equipo guardado!,Team gespeichert!,Squadra salvata!,Equipa guardada!,Equipe salva!
ui.versus.isSaved,TEAM SAVED,ÉQUIPE ENREGISTRÉE,EQUIPO GUARDADO,TEAM GESPEICHERT,SQUADRA SALVATA,EQUIPA GUARDADA,EQUIPE SALVA
ui.versus.unchanged,That's already your team.,C'est déjà ton équipe.,Ese ya es tu equipo.,Das ist schon dein Team.,È già la tua squadra.,Essa já é a tua equipa.,Essa já é sua equipe.
ui.versus.tabAttack,Attack,Attaque,Ataque,Angriff,Attacco,Ataque,Ataque
ui.versus.tabDefense,Defense,Défense,Defensa,Verteidigung,Difesa,Defesa,Defesa
ui.versus.boardAttack,Teams beaten — each team counts once.,Équipes battues — chaque équipe compte une fois.,Equipos vencidos: cada equipo cuenta una vez.,Besiegte Teams — jedes Team zählt einmal.,Squadre battute: ogni squadra conta una volta.,Equipas vencidas — cada equipa conta uma vez.,Equipes vencidas — cada equipe conta uma vez.
ui.versus.boardDefense,Fights won in defense.,Combats gagnés en défense.,Combates ganados en defensa.,In der Verteidigung gewonnene Kämpfe.,Lotte vinte in difesa.,Batalhas ganhas na defesa.,Batalhas ganhas na defesa.
ui.versus.boardEmpty,No wins yet — be the first!,Aucune victoire pour l'instant — sois le premier !,Aún no hay victorias: ¡sé el primero!,Noch keine Siege — sei der Erste!,Ancora nessuna vittoria: sii il primo!,Ainda sem vitórias — sê o primeiro!,Ainda sem vitórias — seja o primeiro!
ui.versus.wins.one,{count} win,{count} victoire,{count} victoria,{count} Sieg,{count} vittoria,{count} vitória,{count} vitória
ui.versus.wins.other,{count} wins,{count} victoires,{count} victorias,{count} Siege,{count} vittorie,{count} vitórias,{count} vitórias
ui.versus.defenseWins.one,{count} defense win,{count} victoire en défense,{count} victoria en defensa,{count} Verteidigungssieg,{count} vittoria in difesa,{count} vitória na defesa,{count} vitória na defesa
ui.versus.defenseWins.other,{count} defense wins,{count} victoires en défense,{count} victorias en defensa,{count} Verteidigungssiege,{count} vittorie in difesa,{count} vitórias na defesa,{count} vitórias na defesa
ui.versus.starting,Getting ready…,Préparation…,Preparando…,Wird vorbereitet…,Preparazione…,A preparar…,Preparando…
ui.versus.won.title,VICTORY!,VICTOIRE !,¡VICTORIA!,SIEG!,VITTORIA!,VITÓRIA!,VITÓRIA!
ui.versus.won.body,You beat {name}'s team!,Tu as battu l'équipe de {name} !,¡Venciste al equipo de {name}!,Du hast das Team von {name} besiegt!,Hai battuto la squadra di {name}!,Venceste a equipa de {name}!,Você venceu a equipe de {name}!
ui.versus.lost.title,DEFEAT,DÉFAITE,DERROTA,NIEDERLAGE,SCONFITTA,DERROTA,DERROTA
ui.versus.lost.body,{name}'s team held. Try again whenever you like — maybe with another team.,"L'équipe de {name} a tenu bon. Retente quand tu veux, peut-être avec une autre équipe.","El equipo de {name} resistió. Vuelve a intentarlo cuando quieras, quizá con otro equipo.",Das Team von {name} hat standgehalten. Versuch es jederzeit erneut – vielleicht mit einem anderen Team.,"La squadra di {name} ha resistito. Riprova quando vuoi, magari con un'altra squadra.",A equipa de {name} aguentou. Tenta outra vez quando quiseres — talvez com outra equipa.,A equipe de {name} aguentou. Tente de novo quando quiser — talvez com outra equipe.
ui.versus.back,BACK TO VERSUS,RETOUR AU VERSUS,VOLVER AL VERSUS,ZURÜCK ZU VERSUS,TORNA A VERSUS,VOLTAR AO VERSUS,VOLTAR AO VERSUS
ui.versus.err.versus_signed_out,Connect to Google to do that.,Connecte-toi à Google pour faire ça.,Conéctate con Google para hacer eso.,Melde dich dafür bei Google an.,Collegati con Google per farlo.,Liga-te com o Google para fazer isso.,Conecte-se com o Google para fazer isso.
ui.versus.err.versus_team_size,Pick three different Pokémon.,Choisis trois Pokémon différents.,Elige tres Pokémon distintos.,Wähle drei verschiedene Pokémon.,Scegli tre Pokémon diversi.,Escolhe três Pokémon diferentes.,Escolha três Pokémon diferentes.
ui.versus.err.versus_no_save,Your save isn't in the cloud yet. Try again in a moment.,Ta sauvegarde n'est pas encore en ligne. Réessaie dans un instant.,Tu partida aún no está en la nube. Inténtalo en un momento.,Dein Spielstand ist noch nicht in der Cloud. Versuche es gleich noch einmal.,Il tuo salvataggio non è ancora nel cloud. Riprova tra un momento.,O teu jogo ainda não está na nuvem. Tenta outra vez daqui a pouco.,Seu jogo ainda não está na nuvem. Tente de novo daqui a pouco.
ui.versus.err.versus_not_eligible,Your cloud save doesn't have these three at Lv.50 yet. Try again in a moment.,Ta sauvegarde en ligne n'a pas encore ces trois-là au N.50. Réessaie dans un instant.,Tu partida en la nube aún no tiene a estos tres al Nv.50. Inténtalo en un momento.,Dein Cloud-Spielstand hat diese drei noch nicht auf Lv.50. Versuche es gleich noch einmal.,Nel tuo salvataggio nel cloud questi tre non sono ancora al Lv.50. Riprova tra un momento.,"No teu jogo na nuvem, estes três ainda não estão no Nv.50. Tenta outra vez daqui a pouco.","No seu jogo na nuvem, estes três ainda não estão no Nv.50. Tente de novo daqui a pouco."
ui.versus.err.versus_self,That's your own team.,C'est ta propre équipe.,Ese es tu propio equipo.,Das ist dein eigenes Team.,È la tua squadra.,Essa é a tua própria equipa.,Essa é sua própria equipe.
ui.versus.err.versus_no_team,Set your team first.,Compose d'abord ton équipe.,Primero forma tu equipo.,Stelle zuerst dein Team auf.,Prima scegli la tua squadra.,Define primeiro a tua equipa.,Defina sua equipe primeiro.
ui.versus.err.versus_gone,This trainer has no team anymore.,Ce Dresseur n'a plus d'équipe.,Este Entrenador ya no tiene equipo.,Dieser Trainer hat kein Team mehr.,Questo allenatore non ha più una squadra.,Este treinador já não tem equipa.,Este treinador não tem mais equipe.
ui.versus.err.versus_team_changed,This trainer just changed their team: here is the new one.,Ce Dresseur vient de changer d'équipe : voici la nouvelle.,Este Entrenador acaba de cambiar de equipo: aquí está el nuevo.,Dieser Trainer hat gerade sein Team geändert: Hier ist das neue.,Questo allenatore ha appena cambiato squadra: ecco quella nuova.,Este treinador acabou de mudar de equipa: aqui está a nova.,Este treinador acabou de mudar de equipe: aqui está a nova.
ui.versus.err.versus_already_won,You already beat this team.,Tu as déjà battu cette équipe.,Ya venciste a este equipo.,Du hast dieses Team schon besiegt.,Hai già battuto questa squadra.,Já venceste esta equipa.,Você já venceu esta equipe.
ui.versus.err.versus_not_saved,"The team was sent, but the server doesn't show it back. Reload the page and try again.","L'équipe a été envoyée, mais le serveur ne la renvoie pas. Recharge la page et réessaie.","El equipo se envió, pero el servidor no lo devuelve. Recarga la página e inténtalo de nuevo.","Das Team wurde gesendet, aber der Server zeigt es nicht an. Lade die Seite neu und versuche es erneut.","La squadra è stata inviata, ma il server non la restituisce. Ricarica la pagina e riprova.","A equipa foi enviada, mas o servidor não a devolve. Recarrega a página e tenta outra vez.","A equipe foi enviada, mas o servidor não a devolve. Recarregue a página e tente de novo."
ui.versus.err.versus_missing,Versus isn't set up in the database yet (run 0018_versus.sql).,Le Versus n'est pas encore installé dans la base (lance 0018_versus.sql).,El Versus aún no está instalado en la base de datos (ejecuta 0018_versus.sql).,Versus ist in der Datenbank noch nicht eingerichtet (führe 0018_versus.sql aus).,Versus non è ancora configurato nel database (esegui 0018_versus.sql).,O Versus ainda não está configurado na base de dados (executa 0018_versus.sql).,O Versus ainda não está configurado no banco de dados (execute 0018_versus.sql).
ui.versus.err.versus_unknown,Something went wrong. Try again later.,Un problème est survenu. Réessaie plus tard.,Algo salió mal. Inténtalo más tarde.,Etwas ist schiefgelaufen. Versuche es später erneut.,Qualcosa è andato storto. Riprova più tardi.,Algo correu mal. Tenta mais tarde.,Algo deu errado. Tente mais tarde.
ui.upgrades.title,Upgrades,Améliorations,Mejoras,Upgrades,Potenziamenti,Melhorias,Melhorias
ui.upgrades.tabCombos,Combos,Combos,Combos,Combos,Combo,Combos,Combos
ui.upgrades.tabDice,Dice Types,Types de dés,Tipos de dados,Würfeltypen,Tipi di dado,Tipos de dado,Tipos de dado
ui.upgrades.example,Example: {roll},Exemple : {roll},Ejemplo: {roll},Beispiel: {roll},Esempio: {roll},Exemplo: {roll},Exemplo: {roll}
ui.upgrades.trackLevel,Level {level} of {max},Niveau {level} sur {max},Nivel {level} de {max},Level {level} von {max},Livello {level} di {max},Nível {level} de {max},Nível {level} de {max}
ui.upgrades.statusLine,{when} in one roll: {what},{when} en un lancer : {what},{when} en una tirada: {what},{when} in einem Wurf: {what},{when} in un lancio: {what},{when} num lançamento: {what},{when} em um lançamento: {what}
ui.upgrades.locked,LOCKED,VERROUILLÉ,BLOQUEADO,GESPERRT,BLOCCATO,BLOQUEADO,BLOQUEADO
ui.upgrades.max,MAX,MAX,MÁX.,MAX,MAX,MÁX.,MÁX.
ui.upgrades.buy,UPGRADE — {price},AMÉLIORER — {price},MEJORAR — {price},UPGRADEN — {price},POTENZIA — {price},MELHORAR — {price},MELHORAR — {price}
ui.upgrades.short,need {amount} more,il te manque {amount},te faltan {amount},noch {amount} nötig,mancano {amount},faltam {amount},faltam {amount}
ui.upgrades.needsDice,Needs a Pokémon with {need}+ dice (yours throw up to {have}),Nécessite un Pokémon avec {need}+ dés (les tiens en lancent {have} au plus),Necesita un Pokémon con {need}+ dados (los tuyos lanzan hasta {have}),Braucht ein Pokémon mit {need}+ Würfeln (deine werfen höchstens {have}),Serve un Pokémon con {need}+ dadi (i tuoi ne lanciano fino a {have}),Precisa de um Pokémon com {need}+ dados (os teus lançam até {have}),Precisa de um Pokémon com {need}+ dados (os seus lançam até {have})
ui.upgrades.noCarrier,None of your Pokémon has this die yet,Aucun de tes Pokémon n'a encore ce dé,Ninguno de tus Pokémon tiene aún este dado,Noch keines deiner Pokémon hat diesen Würfel,Nessuno dei tuoi Pokémon ha ancora questo dado,Nenhum dos teus Pokémon tem ainda este dado,Nenhum dos seus Pokémon tem este dado ainda
ui.mon.hp,HP,PV,PS,KP,PS,PS,PS
ui.mon.hpLong,HP,Points de vie,Puntos de salud,Kraftpunkte,PS,PS,PS
ui.mon.hpHigh,high,élevés,altos,hoch,alti,altos,altos
ui.mon.hpHalf,half,à moitié,a la mitad,halb,a metà,a metade,a metade
ui.mon.hpLow,low,bas,bajos,niedrig,bassi,baixos,baixos
ui.mon.hpNone,none,aucun,ninguno,keine,nessuno,nenhum,nenhum
ui.mon.xp,XP,XP,EXP,EP,Esp.,XP,XP
ui.mon.xpMax,MAX,MAX,MÁX.,MAX,MAX,MÁX.,MÁX.
ui.mon.reviving,REVIVING,RÉVEIL,REVIVIENDO,BELEBUNG,IN RIANIMAZIONE,A REANIMAR,REANIMANDO
ui.mon.revivesIn,Revives in {time},Revit dans {time},Revive en {time},Wiederbelebung in {time},Torna in vita tra {time},Reanima daqui a {time},Reanima em {time}
ui.mon.soon,soon,bientôt,pronto,bald,a breve,em breve,em breve
ui.mon.shiny,Shiny,Chromatique,Variocolor,Schillernd,Cromatico,Brilhante,Brilhante
ui.mon.shinyTag,SHINY,CHROMATIQUE,VARIOCOLOR,SCHILLERND,CROMATICO,BRILHANTE,BRILHANTE
ui.mon.fainted,FAINTED,K.O.,DEBILITADO,BESIEGT,ESAUSTO,K.O.,K.O.
ui.mon.fromFossil,from the {fossil},du {fossil},del {fossil},aus dem {fossil},nato da {fossil},nascido de {fossil},nascido de {fossil}
ui.mon.fossil,fossil,fossile,fósil,Fossil,un fossile,um fóssil,um fóssil
ui.mon.rerollsPerBattle,Rerolls per battle,Relances par combat,Tiradas por combate,Neuwürfe pro Kampf,Rilanci per lotta,Relançamentos por batalha,Relançamentos por batalha
ui.mon.pokedollars,{amount} Pokédollars,{amount} Pokédollars,{amount} Pokédólares,{amount} Pokédollar,{amount} Pokédollari,{amount} Pokédólares,{amount} Pokédólares
ui.sheet.milestones,Milestones,Paliers,Hitos,Meilensteine,Traguardi,Marcos,Marcos
ui.sheet.none,None,Aucun,Ninguno,Keine,Nessuno,Nenhum,Nenhum
ui.sheet.reached, (reached), (atteint), (alcanzado), (erreicht), (raggiunto), (alcançado), (alcançado)
ui.sheet.next,next,suivant,siguiente,nächster,prossimo,próximo,próximo
ui.sheet.diceCount,Dice ({count}),Dés ({count}),Dados ({count}),Würfel ({count}),Dadi ({count}),Dados ({count}),Dados ({count})
ui.sheet.transformTitle,Transform:,Morphing :,Transformación:,Verwandlung:,Trasformazione:,Transformação:,Transformação:
ui.sheet.transformBody,"in battle it copies its opponent's dice (again whenever the opponent changes), rolls them itself and uses your upgrades. It never gains dice of its own.","en combat, il copie les dés de son adversaire (de nouveau à chaque changement d'adversaire), les lance lui-même et profite de tes améliorations. Il ne gagne jamais de dés propres.","en combate copia los dados de su rival (de nuevo cada vez que el rival cambia), los lanza él mismo y usa tus mejoras. Nunca gana dados propios.","im Kampf kopiert es die Würfel seines Gegners (erneut, sobald der Gegner wechselt), wirft sie selbst und nutzt deine Upgrades. Eigene Würfel bekommt es nie.","in lotta copia i dadi dell'avversario (di nuovo ogni volta che l'avversario cambia), li lancia da sé e usa i tuoi potenziamenti. Non ottiene mai dadi propri.","em batalha, copia os dados do adversário (outra vez sempre que o adversário muda), lança-os ele mesmo e usa as tuas melhorias. Nunca ganha dados próprios.","em batalha, copia os dados do adversário (de novo sempre que o adversário muda), lança-os ele mesmo e usa suas melhorias. Nunca ganha dados próprios."
ui.sheet.evolvesInto,Evolves into,Évolue en,Evoluciona a,Entwickelt sich zu,Si evolve in,Evolui para,Evolui para
ui.sheet.openDex,{name} ({how}) — open its Pokédex entry,{name} ({how}) — ouvrir sa fiche Pokédex,{name} ({how}): abrir su ficha de la Pokédex,{name} ({how}) — seinen Pokédex-Eintrag öffnen,{name} ({how}): apri la sua voce del Pokédex,{name} ({how}) — abrir a entrada dele na Pokédex,{name} ({how}) — abrir a entrada dele na Pokédex
ui.sheet.oneAtRandom,One is chosen at random.,L'une est choisie au hasard.,Se elige una al azar.,Eine wird zufällig gewählt.,Ne viene scelto uno a caso.,Um é escolhido ao acaso.,Um é escolhido aleatoriamente.
ui.sheet.hpRange,{low} at Lv.1 → {high} at Lv.100,{low} au N.1 → {high} au N.100,{low} al Nv.1 → {high} al Nv.100,{low} auf Lv.1 → {high} auf Lv.100,{low} al Lv.1 → {high} al Lv.100,{low} no Nv.1 → {high} no Nv.100,{low} no Nv.1 → {high} no Nv.100
ui.sheet.msUpgradeDie,Base die → {to} die,Dé de base → dé {to},Dado base → dado {to},Basis-Würfel → {to}-Würfel,Dado Base → dado {to},Dado Base → dado {to},Dado Base → dado {to}
ui.sheet.msReplaceDie,{from} die → {to} die,Dé {from} → dé {to},Dado {from} → dado {to},{from}-Würfel → {to}-Würfel,Dado {from} → dado {to},Dado {from} → dado {to},Dado {from} → dado {to}
ui.sheet.msAddDie,+1 {to} die,+1 dé {to},+1 dado {to},+1 {to}-Würfel,+1 dado {to},+1 dado {to},+1 dado {to}
ui.sheet.msAddReroll.one,+{amount} reroll,+{amount} relance,+{amount} tirada,+{amount} Neuwurf,+{amount} rilancio,+{amount} relançamento,+{amount} relançamento
ui.sheet.msAddReroll.other,+{amount} rerolls,+{amount} relances,+{amount} tiradas,+{amount} Neuwürfe,+{amount} rilanci,+{amount} relançamentos,+{amount} relançamentos
ui.sheet.msAddHp,+{amount} max HP,+{amount} PV max,+{amount} PS máx.,+{amount} max. KP,+{amount} PS max,+{amount} PS máx.,+{amount} PS máx.
ui.sheet.msEvolve,Evolves into {names},Évolue en {names},Evoluciona a {names},Entwickelt sich zu {names},Si evolve in {names},Evolui para {names},Evolui para {names}
ui.itemPanel.title,Use an item,Utiliser un objet,Usar un objeto,Gegenstand benutzen,Usa uno strumento,Usar um objeto,Usar um item
ui.statusIcon.burn,Burned,Brûlé,Quemado,Verbrannt,Scottato,Queimado,Queimado
ui.statusIcon.poison,Poisoned,Empoisonné,Envenenado,Vergiftet,Avvelenato,Envenenado,Envenenado
ui.statusIcon.frozen,Frozen,Gelé,Congelado,Gefroren,Congelato,Congelado,Congelado
ui.statusIcon.paralyze,Paralyzed,Paralysé,Paralizado,Paralysiert,Paralizzato,Paralisado,Paralisado
ui.statusIcon.confuse,Confused,Confus,Confuso,Verwirrt,Confuso,Confuso,Confuso
ui.energy.title,Energy,Énergie,Energía,Energie,Energia,Energia,Energia
ui.energy.label,Energy {value} of {max}{rest},Énergie {value} sur {max}{rest},Energía {value} de {max}{rest},Energie {value} von {max}{rest},Energia {value} su {max}{rest},Energia {value} de {max}{rest},Energia {value} de {max}{rest}
ui.energy.nextIn,", next in {time}",", prochaine dans {time}",", la siguiente en {time}",", nächste in {time}",", la prossima tra {time}",", a próxima daqui a {time}",", a próxima em {time}"
ui.energy.isFull,", full",", pleine",", llena",", voll",", piena",", cheia",", cheia"
ui.energy.nextTitle,Next energy in {time},Prochaine énergie dans {time},Siguiente energía en {time},Nächste Energie in {time},Prossima energia tra {time},Próxima energia daqui a {time},Próxima energia em {time}
ui.energy.fullTitle,Energy full,Énergie pleine,Energía llena,Energie voll,Energia piena,Energia cheia,Energia cheia
ui.energy.full,Full.,Pleine.,Llena.,Voll.,Piena.,Cheia.,Cheia.
ui.energy.nextAndFull,Next energy in {next} · full in {full}.,Prochaine énergie dans {next} · pleine dans {full}.,Siguiente energía en {next} · llena en {full}.,Nächste Energie in {next} · voll in {full}.,Prossima energia tra {next} · piena tra {full}.,Próxima energia daqui a {next} · cheia daqui a {full}.,Próxima energia em {next} · cheia em {full}.
ui.energy.rules,"Discovering an encounter costs 1 energy. Gym, Elite Four and Champion battles, legendaries and Pokémon Centers are free. You get 1 energy back every {minutes} minutes, even while away.","Découvrir une rencontre coûte 1 énergie. Les combats d'Arène, du Conseil 4 et du Maître, les légendaires et les Centres Pokémon sont gratuits. Tu récupères 1 énergie toutes les {minutes} minutes, même hors du jeu.","Descubrir un encuentro cuesta 1 de energía. Los combates de Gimnasio, del Alto Mando y del Campeón, los legendarios y los Centros Pokémon son gratis. Recuperas 1 de energía cada {minutes} minutos, incluso sin jugar.","Eine Begegnung zu entdecken kostet 1 Energie. Arena-, Top-Vier- und Champ-Kämpfe, Legendäre und Pokémon-Center sind kostenlos. Du bekommst alle {minutes} Minuten 1 Energie zurück, auch wenn du weg bist.","Scoprire un incontro costa 1 energia. Le lotte contro Capopalestra, Superquattro e Campione, i leggendari e i Centri Pokémon sono gratis. Recuperi 1 energia ogni {minutes} minuti, anche quando non giochi.","Descobrir um encontro custa 1 de energia. As batalhas contra Líderes de Ginásio, Elite dos Quatro e Campeão, os lendários e os Centros Pokémon são grátis. Recuperas 1 de energia a cada {minutes} minutos, mesmo quando não estás a jogar.","Descobrir um encontro custa 1 de energia. As batalhas contra Líderes de Ginásio, Elite dos Quatro e Campeão, os lendários e os Centros Pokémon são grátis. Você recupera 1 de energia a cada {minutes} minutos, mesmo quando não está jogando."
ui.stat.hp.label,HP,PV,PS,KP,PS,PS,PS
ui.stat.hp.hint,HP: the damage it can take,PV : les dégâts qu'il peut encaisser,PS: el daño que puede aguantar,"KP: der Schaden, den es einstecken kann",PS: i danni che può subire,PS: o dano que consegue aguentar,PS: o dano que ele aguenta
ui.stat.speed.label,Speed,Vitesse,Velocidad,Initiative,Velocità,Velocidade,Velocidade
ui.stat.speed.hint,Speed: the faster Pokémon acts first (ties go to you),Vitesse : le Pokémon le plus rapide agit en premier (égalité en ta faveur),Velocidad: el Pokémon más rápido actúa primero (los empates son para ti),Initiative: das schnellere Pokémon handelt zuerst (Gleichstand geht an dich),Velocità: il Pokémon più veloce agisce per primo (in caso di parità tocca a te),"Velocidade: o Pokémon mais rápido age primeiro (em caso de empate, és tu)","Velocidade: o Pokémon mais rápido age primeiro (em caso de empate, é você)"
ui.stat.rerolls.label,Rerolls,Relances,Tiradas,Neuwürfe,Rilanci,Relançamentos,Relançamentos
ui.stat.rerolls.hint,Rerolls: how many times per battle it can reroll dice,Relances : combien de fois par combat il peut relancer ses dés,Tiradas: cuántas veces por combate puede volver a tirar los dados,Neuwürfe: wie oft es pro Kampf Würfel neu werfen kann,Rilanci: quante volte per lotta può rilanciare i dadi,Relançamentos: quantas vezes por batalha pode relançar os dados,Relançamentos: quantas vezes por batalha pode relançar os dados
ui.stat.catch.label,Catch value,Valeur de capture,Valor de captura,Fangwert,Valore di cattura,Valor de captura,Valor de captura
ui.stat.catch.hint,Catch value: the catch die plus a ball must reach this (1 = always),Valeur de capture : le dé de capture plus une Ball doit l'atteindre (1 = toujours),Valor de captura: el dado de captura más una Ball debe alcanzarlo (1 = siempre),Fangwert: Fangwürfel plus Ball müssen ihn erreichen (1 = immer),Valore di cattura: il dado di cattura più la Ball deve raggiungerlo (1 = sempre),Valor de captura: o dado de captura mais a bola tem de chegar a este valor (1 = sempre),Valor de captura: o dado de captura mais a bola precisa chegar a este valor (1 = sempre)
pokemon.494,Victini,Victini,Victini,Victini,Victini,Victini,Victini
pokemon.495,Snivy,Vipélierre,Snivy,Serpifeu,Snivy,Snivy,Snivy
pokemon.496,Servine,Lianaja,Servine,Efoserp,Servine,Servine,Servine
pokemon.497,Serperior,Majaspic,Serperior,Serpiroyal,Serperior,Serperior,Serperior
pokemon.498,Tepig,Gruikui,Tepig,Floink,Tepig,Tepig,Tepig
pokemon.499,Pignite,Grotichon,Pignite,Ferkokel,Pignite,Pignite,Pignite
pokemon.500,Emboar,Roitiflam,Emboar,Flambirex,Emboar,Emboar,Emboar
pokemon.501,Oshawott,Moustillon,Oshawott,Ottaro,Oshawott,Oshawott,Oshawott
pokemon.502,Dewott,Mateloutre,Dewott,Zwottronin,Dewott,Dewott,Dewott
pokemon.503,Samurott,Clamiral,Samurott,Admurai,Samurott,Samurott,Samurott
pokemon.504,Patrat,Ratentif,Patrat,Nagelotz,Patrat,Patrat,Patrat
pokemon.505,Watchog,Miradar,Watchog,Kukmarda,Watchog,Watchog,Watchog
pokemon.506,Lillipup,Ponchiot,Lillipup,Yorkleff,Lillipup,Lillipup,Lillipup
pokemon.507,Herdier,Ponchien,Herdier,Terribark,Herdier,Herdier,Herdier
pokemon.508,Stoutland,Mastouffe,Stoutland,Bissbark,Stoutland,Stoutland,Stoutland
pokemon.509,Purrloin,Chacripan,Purrloin,Felilou,Purrloin,Purrloin,Purrloin
pokemon.510,Liepard,Léopardus,Liepard,Kleoparda,Liepard,Liepard,Liepard
pokemon.511,Pansage,Feuillajou,Pansage,Vegimak,Pansage,Pansage,Pansage
pokemon.512,Simisage,Feuiloutan,Simisage,Vegichita,Simisage,Simisage,Simisage
pokemon.513,Pansear,Flamajou,Pansear,Grillmak,Pansear,Pansear,Pansear
pokemon.514,Simisear,Flamoutan,Simisear,Grillchita,Simisear,Simisear,Simisear
pokemon.515,Panpour,Flotajou,Panpour,Sodamak,Panpour,Panpour,Panpour
pokemon.516,Simipour,Flotoutan,Simipour,Sodachita,Simipour,Simipour,Simipour
pokemon.517,Munna,Munna,Munna,Somniam,Munna,Munna,Munna
pokemon.518,Musharna,Mushana,Musharna,Somnivora,Musharna,Musharna,Musharna
pokemon.519,Pidove,Poichigeon,Pidove,Dusselgurr,Pidove,Pidove,Pidove
pokemon.520,Tranquill,Colombeau,Tranquill,Navitaub,Tranquill,Tranquill,Tranquill
pokemon.521,Unfezant,Déflaisan,Unfezant,Fasasnob,Unfezant,Unfezant,Unfezant
pokemon.522,Blitzle,Zébibron,Blitzle,Elezeba,Blitzle,Blitzle,Blitzle
pokemon.523,Zebstrika,Zéblitz,Zebstrika,Zebritz,Zebstrika,Zebstrika,Zebstrika
pokemon.524,Roggenrola,Nodulithe,Roggenrola,Kiesling,Roggenrola,Roggenrola,Roggenrola
pokemon.525,Boldore,Géolithe,Boldore,Sedimantur,Boldore,Boldore,Boldore
pokemon.526,Gigalith,Gigalithe,Gigalith,Brockoloss,Gigalith,Gigalith,Gigalith
pokemon.527,Woobat,Chovsourir,Woobat,Fleknoil,Woobat,Woobat,Woobat
pokemon.528,Swoobat,Rhinolove,Swoobat,Fletiamo,Swoobat,Swoobat,Swoobat
pokemon.529,Drilbur,Rototaupe,Drilbur,Rotomurf,Drilbur,Drilbur,Drilbur
pokemon.530,Excadrill,Minotaupe,Excadrill,Stalobor,Excadrill,Excadrill,Excadrill
pokemon.531,Audino,Nanméouïe,Audino,Ohrdoch,Audino,Audino,Audino
pokemon.532,Timburr,Charpenti,Timburr,Praktibalk,Timburr,Timburr,Timburr
pokemon.533,Gurdurr,Ouvrifier,Gurdurr,Strepoli,Gurdurr,Gurdurr,Gurdurr
pokemon.534,Conkeldurr,Bétochef,Conkeldurr,Meistagrif,Conkeldurr,Conkeldurr,Conkeldurr
pokemon.535,Tympole,Tritonde,Tympole,Schallquap,Tympole,Tympole,Tympole
pokemon.536,Palpitoad,Batracné,Palpitoad,Mebrana,Palpitoad,Palpitoad,Palpitoad
pokemon.537,Seismitoad,Crapustule,Seismitoad,Branawarz,Seismitoad,Seismitoad,Seismitoad
pokemon.538,Throh,Judokrak,Throh,Jiutesto,Throh,Throh,Throh
pokemon.539,Sawk,Karaclée,Sawk,Karadonis,Sawk,Sawk,Sawk
pokemon.540,Sewaddle,Larveyette,Sewaddle,Strawickl,Sewaddle,Sewaddle,Sewaddle
pokemon.541,Swadloon,Couverdure,Swadloon,Folikon,Swadloon,Swadloon,Swadloon
pokemon.542,Leavanny,Manternel,Leavanny,Matrifol,Leavanny,Leavanny,Leavanny
pokemon.543,Venipede,Venipatte,Venipede,Toxiped,Venipede,Venipede,Venipede
pokemon.544,Whirlipede,Scobolide,Whirlipede,Rollum,Whirlipede,Whirlipede,Whirlipede
pokemon.545,Scolipede,Brutapode,Scolipede,Cerapendra,Scolipede,Scolipede,Scolipede
pokemon.546,Cottonee,Doudouvet,Cottonee,Waumboll,Cottonee,Cottonee,Cottonee
pokemon.547,Whimsicott,Farfaduvet,Whimsicott,Elfun,Whimsicott,Whimsicott,Whimsicott
pokemon.548,Petilil,Chlorobule,Petilil,Lilminip,Petilil,Petilil,Petilil
pokemon.549,Lilligant,Fragilady,Lilligant,Dressella,Lilligant,Lilligant,Lilligant
pokemon.550,Basculin,Bargantua,Basculin,Barschuft,Basculin,Basculin,Basculin
pokemon.551,Sandile,Mascaïman,Sandile,Ganovil,Sandile,Sandile,Sandile
pokemon.552,Krokorok,Escroco,Krokorok,Rokkaiman,Krokorok,Krokorok,Krokorok
pokemon.553,Krookodile,Crocorible,Krookodile,Rabigator,Krookodile,Krookodile,Krookodile
pokemon.554,Darumaka,Darumarond,Darumaka,Flampion,Darumaka,Darumaka,Darumaka
pokemon.555,Darmanitan,Darumacho,Darmanitan,Flampivian,Darmanitan,Darmanitan,Darmanitan
pokemon.556,Maractus,Maracachi,Maractus,Maracamba,Maractus,Maractus,Maractus
pokemon.557,Dwebble,Crabicoque,Dwebble,Lithomith,Dwebble,Dwebble,Dwebble
pokemon.558,Crustle,Crabaraque,Crustle,Castellith,Crustle,Crustle,Crustle
pokemon.559,Scraggy,Baggiguane,Scraggy,Zurrokex,Scraggy,Scraggy,Scraggy
pokemon.560,Scrafty,Baggaïd,Scrafty,Irokex,Scrafty,Scrafty,Scrafty
pokemon.561,Sigilyph,Cryptéro,Sigilyph,Symvolara,Sigilyph,Sigilyph,Sigilyph
pokemon.562,Yamask,Tutafeh,Yamask,Makabaja,Yamask,Yamask,Yamask
pokemon.563,Cofagrigus,Tutankafer,Cofagrigus,Echnatoll,Cofagrigus,Cofagrigus,Cofagrigus
pokemon.564,Tirtouga,Carapagos,Tirtouga,Galapaflos,Tirtouga,Tirtouga,Tirtouga
pokemon.565,Carracosta,Mégapagos,Carracosta,Karippas,Carracosta,Carracosta,Carracosta
pokemon.566,Archen,Arkéapti,Archen,Flapteryx,Archen,Archen,Archen
pokemon.567,Archeops,Aéroptéryx,Archeops,Aeropteryx,Archeops,Archeops,Archeops
pokemon.568,Trubbish,Miamiasme,Trubbish,Unratütox,Trubbish,Trubbish,Trubbish
pokemon.569,Garbodor,Miasmax,Garbodor,Deponitox,Garbodor,Garbodor,Garbodor
pokemon.570,Zorua,Zorua,Zorua,Zorua,Zorua,Zorua,Zorua
pokemon.571,Zoroark,Zoroark,Zoroark,Zoroark,Zoroark,Zoroark,Zoroark
pokemon.572,Minccino,Chinchidou,Minccino,Picochilla,Minccino,Minccino,Minccino
pokemon.573,Cinccino,Pashmilla,Cinccino,Chillabell,Cinccino,Cinccino,Cinccino
pokemon.574,Gothita,Scrutella,Gothita,Mollimorba,Gothita,Gothita,Gothita
pokemon.575,Gothorita,Mesmérella,Gothorita,Hypnomorba,Gothorita,Gothorita,Gothorita
pokemon.576,Gothitelle,Sidérella,Gothitelle,Morbitesse,Gothitelle,Gothitelle,Gothitelle
pokemon.577,Solosis,Nucléos,Solosis,Monozyto,Solosis,Solosis,Solosis
pokemon.578,Duosion,Méios,Duosion,Mitodos,Duosion,Duosion,Duosion
pokemon.579,Reuniclus,Symbios,Reuniclus,Zytomega,Reuniclus,Reuniclus,Reuniclus
pokemon.580,Ducklett,Couaneton,Ducklett,Piccolente,Ducklett,Ducklett,Ducklett
pokemon.581,Swanna,Lakmécygne,Swanna,Swaroness,Swanna,Swanna,Swanna
pokemon.582,Vanillite,Sorbébé,Vanillite,Gelatini,Vanillite,Vanillite,Vanillite
pokemon.583,Vanillish,Sorboul,Vanillish,Gelatroppo,Vanillish,Vanillish,Vanillish
pokemon.584,Vanilluxe,Sorbouboul,Vanilluxe,Gelatwino,Vanilluxe,Vanilluxe,Vanilluxe
pokemon.585,Deerling,Vivaldaim,Deerling,Sesokitz,Deerling,Deerling,Deerling
pokemon.586,Sawsbuck,Haydaim,Sawsbuck,Kronjuwild,Sawsbuck,Sawsbuck,Sawsbuck
pokemon.587,Emolga,Emolga,Emolga,Emolga,Emolga,Emolga,Emolga
pokemon.588,Karrablast,Carabing,Karrablast,Laukaps,Karrablast,Karrablast,Karrablast
pokemon.589,Escavalier,Lançargot,Escavalier,Cavalanzas,Escavalier,Escavalier,Escavalier
pokemon.590,Foongus,Trompignon,Foongus,Tarnpignon,Foongus,Foongus,Foongus
pokemon.591,Amoonguss,Gaulet,Amoonguss,Hutsassa,Amoonguss,Amoonguss,Amoonguss
pokemon.592,Frillish,Viskuse,Frillish,Quabbel,Frillish,Frillish,Frillish
pokemon.593,Jellicent,Moyade,Jellicent,Apoquallyp,Jellicent,Jellicent,Jellicent
pokemon.594,Alomomola,Mamanbo,Alomomola,Mamolida,Alomomola,Alomomola,Alomomola
pokemon.595,Joltik,Statitik,Joltik,Wattzapf,Joltik,Joltik,Joltik
pokemon.596,Galvantula,Mygavolt,Galvantula,Voltula,Galvantula,Galvantula,Galvantula
pokemon.597,Ferroseed,Grindur,Ferroseed,Kastadur,Ferroseed,Ferroseed,Ferroseed
pokemon.598,Ferrothorn,Noacier,Ferrothorn,Tentantel,Ferrothorn,Ferrothorn,Ferrothorn
pokemon.599,Klink,Tic,Klink,Klikk,Klink,Klink,Klink
pokemon.600,Klang,Clic,Klang,Kliklak,Klang,Klang,Klang
pokemon.601,Klinklang,Cliticlic,Klinklang,Klikdiklak,Klinklang,Klinklang,Klinklang
pokemon.602,Tynamo,Anchwatt,Tynamo,Zapplardin,Tynamo,Tynamo,Tynamo
pokemon.603,Eelektrik,Lampéroie,Eelektrik,Zapplalek,Eelektrik,Eelektrik,Eelektrik
pokemon.604,Eelektross,Ohmassacre,Eelektross,Zapplarang,Eelektross,Eelektross,Eelektross
pokemon.605,Elgyem,Lewsor,Elgyem,Pygraulon,Elgyem,Elgyem,Elgyem
pokemon.606,Beheeyem,Neitram,Beheeyem,Megalon,Beheeyem,Beheeyem,Beheeyem
pokemon.607,Litwick,Funécire,Litwick,Lichtel,Litwick,Litwick,Litwick
pokemon.608,Lampent,Mélancolux,Lampent,Laternecto,Lampent,Lampent,Lampent
pokemon.609,Chandelure,Lugulabre,Chandelure,Skelabra,Chandelure,Chandelure,Chandelure
pokemon.610,Axew,Coupenotte,Axew,Milza,Axew,Axew,Axew
pokemon.611,Fraxure,Incisache,Fraxure,Sharfax,Fraxure,Fraxure,Fraxure
pokemon.612,Haxorus,Tranchodon,Haxorus,Maxax,Haxorus,Haxorus,Haxorus
pokemon.613,Cubchoo,Polarhume,Cubchoo,Petznief,Cubchoo,Cubchoo,Cubchoo
pokemon.614,Beartic,Polagriffe,Beartic,Siberio,Beartic,Beartic,Beartic
pokemon.615,Cryogonal,Hexagel,Cryogonal,Frigometri,Cryogonal,Cryogonal,Cryogonal
pokemon.616,Shelmet,Escargaume,Shelmet,Schnuthelm,Shelmet,Shelmet,Shelmet
pokemon.617,Accelgor,Limaspeed,Accelgor,Hydragil,Accelgor,Accelgor,Accelgor
pokemon.618,Stunfisk,Limonde,Stunfisk,Flunschlik,Stunfisk,Stunfisk,Stunfisk
pokemon.619,Mienfoo,Kungfouine,Mienfoo,Lin-Fu,Mienfoo,Mienfoo,Mienfoo
pokemon.620,Mienshao,Shaofouine,Mienshao,Wie-Shu,Mienshao,Mienshao,Mienshao
pokemon.621,Druddigon,Drakkarmin,Druddigon,Shardrago,Druddigon,Druddigon,Druddigon
pokemon.622,Golett,Gringolem,Golett,Golbit,Golett,Golett,Golett
pokemon.623,Golurk,Golemastoc,Golurk,Golgantes,Golurk,Golurk,Golurk
pokemon.624,Pawniard,Scalpion,Pawniard,Gladiantri,Pawniard,Pawniard,Pawniard
pokemon.625,Bisharp,Scalproie,Bisharp,Caesurio,Bisharp,Bisharp,Bisharp
pokemon.626,Bouffalant,Frison,Bouffalant,Bisofank,Bouffalant,Bouffalant,Bouffalant
pokemon.627,Rufflet,Furaiglon,Rufflet,Geronimatz,Rufflet,Rufflet,Rufflet
pokemon.628,Braviary,Gueriaigle,Braviary,Washakwil,Braviary,Braviary,Braviary
pokemon.629,Vullaby,Vostourno,Vullaby,Skallyk,Vullaby,Vullaby,Vullaby
pokemon.630,Mandibuzz,Vaututrice,Mandibuzz,Grypheldis,Mandibuzz,Mandibuzz,Mandibuzz
pokemon.631,Heatmor,Aflamanoir,Heatmor,Furnifraß,Heatmor,Heatmor,Heatmor
pokemon.632,Durant,Fermite,Durant,Fermicula,Durant,Durant,Durant
pokemon.633,Deino,Solochi,Deino,Kapuno,Deino,Deino,Deino
pokemon.634,Zweilous,Diamat,Zweilous,Duodino,Zweilous,Zweilous,Zweilous
pokemon.635,Hydreigon,Trioxhydre,Hydreigon,Trikephalo,Hydreigon,Hydreigon,Hydreigon
pokemon.636,Larvesta,Pyronille,Larvesta,Ignivor,Larvesta,Larvesta,Larvesta
pokemon.637,Volcarona,Pyrax,Volcarona,Ramoth,Volcarona,Volcarona,Volcarona
pokemon.638,Cobalion,Cobaltium,Cobalion,Kobalium,Cobalion,Cobalion,Cobalion
pokemon.639,Terrakion,Terrakium,Terrakion,Terrakium,Terrakion,Terrakion,Terrakion
pokemon.640,Virizion,Viridium,Virizion,Viridium,Virizion,Virizion,Virizion
pokemon.641,Tornadus,Boréas,Tornadus,Boreos,Tornadus,Tornadus,Tornadus
pokemon.642,Thundurus,Fulguris,Thundurus,Voltolos,Thundurus,Thundurus,Thundurus
pokemon.643,Reshiram,Reshiram,Reshiram,Reshiram,Reshiram,Reshiram,Reshiram
pokemon.644,Zekrom,Zekrom,Zekrom,Zekrom,Zekrom,Zekrom,Zekrom
pokemon.645,Landorus,Démétéros,Landorus,Demeteros,Landorus,Landorus,Landorus
pokemon.646,Kyurem,Kyurem,Kyurem,Kyurem,Kyurem,Kyurem,Kyurem
pokemon.647,Keldeo,Keldeo,Keldeo,Keldeo,Keldeo,Keldeo,Keldeo
pokemon.648,Meloetta,Meloetta,Meloetta,Meloetta,Meloetta,Meloetta,Meloetta
pokemon.649,Genesect,Genesect,Genesect,Genesect,Genesect,Genesect,Genesect
item.cover-fossil,Cover Fossil,Fossile Plaque,Fósil Tapa,Schildfossil,Fossiltappo,Fóssil de Carapaça,Fóssil de Carapaça
item.plume-fossil,Plume Fossil,Fossile Plume,Fósil Pluma,Federfossil,Fossilpiuma,Fóssil de Pena,Fóssil de Pena
area.route-1-nuvema-town,Route 1 & Nuvema Town,Route 1 & Renouet,Ruta 1 y Pueblo Arcilla,Route 1 & Avenitia,Percorso 1 e Soffiolieve,Rota 1 e Cidade de Nuvema,Rota 1 e Cidade de Nuvema
area.route-2-accumula-town,Route 2 & Accumula Town,Route 2 & Arabelle,Ruta 2 y Pueblo Terracota,Route 2 & Gavina,Percorso 2 e Quattroventi,Rota 2 e Cidade de Accumula,Rota 2 e Cidade de Accumula
area.striaton-city-the-dreamyard,Striaton City & the Dreamyard,Ogoesse & les Vestiges du Rêve,Ciudad Gres y el Solar de los Sueños,Orion City & die Traumbrache,Levantopoli e il Cantiere dei Sogni,Cidade de Striaton e o Pátio dos Sonhos,Cidade de Striaton e o Pátio dos Sonhos
area.route-3-wellspring-cave,Route 3 & Wellspring Cave,Route 3 & la Veine Souterraine,Ruta 3 y la Cueva Manantial,Route 3 & Grundwassersenke,Percorso 3 e Grotta Acquafonda,Rota 3 e Caverna da Nascente,Rota 3 e Caverna da Nascente
area.nacrene-city-pinwheel-forest,Nacrene City & Pinwheel Forest,Maillard & la Forêt d'Empoigne,Ciudad Esmalte y el Bosque Azulejo,Septerna City & Ewigenwald,Zefiropoli e Bosco Girandola,Cidade de Nacrene e Floresta Pinwheel,Cidade de Nacrene e Floresta Pinwheel
area.skyarrow-bridge-castelia-city,Skyarrow Bridge & Castelia City,Pont Sagiciel & Volucité,Puente Saeta y Ciudad Porcelana,Himmelspfeilbrücke & Stratos City,Ponte Villincielo e Austropoli,Ponte Skyarrow e Cidade de Castelia,Ponte Skyarrow e Cidade de Castelia
area.route-4-the-desert-resort-relic-castle,"Route 4, the Desert Resort & Relic Castle","Route 4, le Désert Délassant & le Château Enfoui","Ruta 4, el Desierto Desolado y el Castillo Ancestral","Route 4, Wüstenresort & Alter Palast","Percorso 4, Deserto della Quiete e Castello Sepolto","Rota 4, o Resort do Deserto e o Castelo das Relíquias","Rota 4, o Resort do Deserto e o Castelo das Relíquias"
area.nimbasa-city-route-5,Nimbasa City & Route 5,Méanville & la Route 5,Ciudad Mayólica y la Ruta 5,Rayono City & Route 5,Sciroccopoli e Percorso 5,Cidade de Nimbasa e Rota 5,Cidade de Nimbasa e Rota 5
area.driftveil-city-route-6,Driftveil City & Route 6,Port Yoneuve & la Route 6,Ciudad Fayenza y la Ruta 6,Marea City & Route 6,Libecciopoli e Percorso 6,Cidade de Driftveil e Rota 6,Cidade de Driftveil e Rota 6
area.chargestone-cave,Chargestone Cave,Grotte Électrolithe,Cueva Electrorroca,Elektrolithhöhle,Grotta Pietrelettrica,Caverna Chargestone,Caverna Chargestone
area.mistralton-city-route-7,Mistralton City & Route 7,Parsemille & la Route 7,Ciudad Loza y la Ruta 7,Panaero City & Route 7,Ponentopoli e Percorso 7,Cidade de Mistralton e Rota 7,Cidade de Mistralton e Rota 7
area.celestial-tower,Celestial Tower,Tour des Cieux,Torre Cielo,Turm des Himmels,Torre Cielo,Torre Celestial,Torre Celestial
area.twist-mountain,Twist Mountain,Mont Foré,Monte Tuerca,Wendelberg,Monte Vite,Montanha Twist,Montanha Twist
area.icirrus-city-the-moor-of-icirrus,Icirrus City & the Moor of Icirrus,Flocombe & la Tourbière Flocombe,Ciudad Teja y el Pantano Teja,Nevaio City & das Moor von Nevaio,Mistralopoli e la Palude Mistralopoli,Cidade de Icirrus e o Pântano de Icirrus,Cidade de Icirrus e o Pântano de Icirrus
area.dragonspiral-tower,Dragonspiral Tower,Tour Dragospire,Torre Dragospiral,Drachenstiege,Torre Dragospira,Torre Dragonspiral,Torre Dragonspiral
area.route-9-opelucid-city,Route 9 & Opelucid City,Route 9 & Janusia,Ruta 9 y Ciudad Caolín,Route 9 & Twindrake City,Percorso 9 e Boreduopoli,Rota 9 e Cidade de Opelucid,Rota 9 e Cidade de Opelucid
area.route-10-victory-road,Route 10 & Victory Road,Route 10 & la Route Victoire,Ruta 10 y la Calle Victoria,Route 10 & Siegesstraße,Percorso 10 e Via Vittoria,Rota 10 e Estrada Vitória,Rota 10 e Estrada Vitória
area.routes-11-14-undella-town,Routes 11–14 & Undella Town,Routes 11–14 & Vaguelone,Rutas 11–14 y Pueblo Marga,Routen 11–14 & Ondula,Percorsi 11–14 e Spiraria,Rotas 11–14 e Cidade de Undella,Rotas 11–14 e Cidade de Undella
area.black-city-white-forest,Black City & White Forest,Ville Noire & Forêt Blanche,Ciudad Negra y Bosque Blanco,Schwarze Stadt & Weißer Wald,Città Nera e Foresta Bianca,Cidade Negra e Floresta Branca,Cidade Negra e Floresta Branca
area.liberty-garden,Liberty Garden,Île Liberté,Isla Libertad,Freiheitsgarten,Isola Libertà,Jardim da Liberdade,Jardim da Liberdade
area.the-castelia-cafe,The Castelia Café,Le Café de Volucité,La Cafetería de Ciudad Porcelana,Das Café von Stratos City,Il Caffè di Austropoli,O Café de Castelia,O Café de Castelia
area.dragonspiral-tower-s-summit,Dragonspiral Tower's Summit,Le Sommet de la Tour Dragospire,La Cima de la Torre Dragospiral,Die Spitze der Drachenstiege,La cima della Torre Dragospira,O topo da Torre Dragonspiral,O topo da Torre Dragonspiral
area.the-swords-of-justice,The Swords of Justice,Les Épées de la Justice,Los Espadachines Místicos,Die Ritter der Redlichkeit,Le Spade della Giustizia,As Espadas da Justiça,As Espadas da Justiça
area.the-moor-of-icirrus-spring,The Moor of Icirrus Spring,La Source de la Tourbière Flocombe,El Manantial del Pantano Teja,Die Quelle im Moor von Nevaio,La Palude Mistralopoli in primavera,O Pântano de Icirrus na primavera,O Pântano de Icirrus na primavera
area.the-abundant-shrine,The Abundant Shrine,L'Autel Abondance,El Santuario Abundancia,Der Schrein der Ernte,Il Tempio dell'Abbondanza,O Santuário da Abundância,O Santuário da Abundância
area.the-p2-laboratory,The P2 Laboratory,Le Labo P2,El Laboratorio P2,Das P2-Labor,Il Laboratorio P2,O Laboratório P2,O Laboratório P2
area.the-giant-chasm,The Giant Chasm,La Grotte Cyclopéenne,La Cueva Gigante,Die Riesengrotte,La Fossa Gigante,O Abismo Gigante,O Abismo Gigante
badge.trio-badge,Trio Badge,Badge Triple,Medalla Trío,Triorden,Medaglia Trio,Insígnia do Trio,Insígnia do Trio
badge.basic-badge,Basic Badge,Badge Basique,Medalla Base,Basisorden,Medaglia Base,Insígnia Básica,Insígnia Básica
badge.insect-badge,Insect Badge,Badge Élytre,Medalla Élitro,Käferorden,Medaglia Coleottero,Insígnia do Inseto,Insígnia do Inseto
badge.bolt-badge,Bolt Badge,Badge Volt,Medalla Voltio,Blitzorden,Medaglia Saetta,Insígnia do Raio,Insígnia do Raio
badge.quake-badge,Quake Badge,Badge Sismique,Medalla Temblor,Bebenorden,Medaglia Sisma,Insígnia do Tremor,Insígnia do Tremor
badge.jet-badge,Jet Badge,Badge Jet,Medalla Jet,Jetorden,Medaglia Jet,Insígnia do Jato,Insígnia do Jato
badge.freeze-badge,Freeze Badge,Badge Glacier,Medalla Iceberg,Frostorden,Medaglia Brina,Insígnia do Congelamento,Insígnia do Congelamento
badge.legend-badge,Legend Badge,Badge Légende,Medalla Leyenda,Legendenorden,Medaglia Leggenda,Insígnia da Lenda,Insígnia da Lenda
itemDesc.cover-fossil,"A fossil of an ancient Pokémon. Tirtouga waits in your Box and is revived after 24 hours, at Lv.20.","Un fossile d'un Pokémon ancien. Carapagos attend dans votre Boîte et revit après 24 heures, au N.20.","Un fósil de un Pokémon antiguo. Tirtouga espera en tu Caja y revive tras 24 horas, al Nv.20.",Ein Fossil eines urzeitlichen Pokémon. Galapaflos wartet in deiner Box und wird nach 24 Stunden auf Lv.20 wiederbelebt.,"Il fossile di un Pokémon antico. Tirtouga aspetta nel tuo Box e torna in vita dopo 24 ore, al Lv.20.","O fóssil de um Pokémon antigo. Tirtouga espera na tua Caixa e é reanimado após 24 horas, no Nv.20.","O fóssil de um Pokémon antigo. Tirtouga espera na sua Caixa e é reanimado após 24 horas, no Nv.20."
itemDesc.plume-fossil,"A fossil of an ancient Pokémon. Archen waits in your Box and is revived after 24 hours, at Lv.20.","Un fossile d'un Pokémon ancien. Arkéapti attend dans votre Boîte et revit après 24 heures, au N.20.","Un fósil de un Pokémon antiguo. Archen espera en tu Caja y revive tras 24 horas, al Nv.20.",Ein Fossil eines urzeitlichen Pokémon. Flapteryx wartet in deiner Box und wird nach 24 Stunden auf Lv.20 wiederbelebt.,"Il fossile di un Pokémon antico. Archen aspetta nel tuo Box e torna in vita dopo 24 ore, al Lv.20.","O fóssil de um Pokémon antigo. Archen espera na tua Caixa e é reanimado após 24 horas, no Nv.20.","O fóssil de um Pokémon antigo. Archen espera na sua Caixa e é reanimado após 24 horas, no Nv.20."
